Accession,Residue,BepiPred-3.0 score,BepiPred-3.0 linear epitope score
O67998,M,0.09649324417114258, 0.07945832444561853
O67998,I,0.09730929136276245, 0.09096607565879822
O67998,R,0.1728944331407547, 0.10823259585433537
O67998,R,0.18267059326171875, 0.11642321944236755
O67998,R,0.16575735807418823, 0.12239635570181741
O67998,Y,0.10356976091861725, 0.11710390903883511
O67998,R,0.1553986817598343, 0.11514177131983969
O67998,G,0.07371561229228973, 0.10109554106990497
O67998,C,0.053758226335048676, 0.08438069580329789
O67998,T,0.048861224204301834, 0.07158233597874641
O67998,Q,0.07965005189180374, 0.06301586743858126
O67998,G,0.04647836089134216, 0.04810823624332746
O67998,A,0.032236985862255096, 0.042917659506201744
O67998,W,0.050572119653224945, 0.03980923381944498
O67998,I,0.026471544057130814, 0.03765482786628935
O67998,V,0.021230001002550125, 0.03206456431912051
O67998,S,0.027000421658158302, 0.02964451164007187
O67998,V,0.025782395154237747, 0.029030149802565575
O67998,G,0.029471570625901222, 0.027816285482711263
O67998,M,0.029337679967284203, 0.03047372918162081
O67998,L,0.024697886779904366, 0.03385112827850713
O67998,F,0.026707729324698448, 0.03712749025887913
O67998,A,0.03964734077453613, 0.04297422203752729
O67998,S,0.05038853734731674, 0.049271362316277295
O67998,C,0.05162659287452698, 0.05347883121834861
O67998,T,0.05648767948150635, 0.062131009788976774
O67998,S,0.07840298116207123, 0.07135294957293405
O67998,G,0.08614583313465118, 0.07370379774106874
O67998,A,0.06720490008592606, 0.07883781070510547
O67998,W,0.10256749391555786, 0.08260499230689472
O67998,K,0.10970518738031387, 0.08779361471533775
O67998,A,0.06080497428774834, 0.08345549677809079
O67998,S,0.09659465402364731, 0.08130565989348623
O67998,V,0.08553122729063034, 0.08221221259898609
O67998,D,0.10318528115749359, 0.07542252416412036
O67998,P,0.0393599197268486, 0.0657054212772184
O67998,L,0.06679730117321014, 0.06418253005378777
O67998,G,0.0753638744354248, 0.06402930803596973
O67998,V,0.041460298001766205, 0.061486320570111275
O67998,V,0.02225126139819622, 0.054859667395552
O67998,G,0.047098953276872635, 0.06251472338206238
O67998,S,0.09521565586328506, 0.05772989636494054
O67998,G,0.0626443400979042, 0.053125055920746594
O67998,A,0.043545402586460114, 0.049825101883875
O67998,D,0.10825542360544205, 0.05453749746084213
O67998,V,0.02373385801911354, 0.050710050803091794
O67998,Y,0.03392031043767929, 0.04765234742727545
O67998,L,0.011760711669921875, 0.04448820133176115
O67998,Y,0.06466282159090042, 0.04897318594157696
O67998,F,0.01265193335711956, 0.04429797062443362
O67998,P,0.06769632548093796, 0.048185699722833104
O67998,V,0.03416702523827553, 0.05871402658522129
O67998,A,0.0839102640748024, 0.07218159838683075
O67998,G,0.06617848575115204, 0.07082315803402
O67998,N,0.05872341990470886, 0.071950386174851
O67998,E,0.12867525219917297, 0.07355602271854877
O67998,N,0.13296885788440704, 0.08546780194673273
O67998,L,0.05243685841560364, 0.07956696550051372
O67998,I,0.022796986624598503, 0.07706761981050174
O67998,S,0.08214705437421799, 0.08894932890931766
O67998,R,0.14137303829193115, 0.08670061868098047
O67998,I,0.030802736058831215, 0.0846030062271489
O67998,I,0.043684374541044235, 0.09206187021401194
O67998,E,0.16565880179405212, 0.0993658285588026
O67998,N,0.10843686014413834, 0.10552673931750986
O67998,H,0.11409034579992294, 0.10068404902186659
O67998,E,0.11956663429737091, 0.11253772634598944
O67998,S,0.08853261172771454, 0.11382314686973889
O67998,K,0.1375952512025833, 0.10928666467467944
O67998,A,0.09778882563114166, 0.11575213364428943
O67998,D,0.1374858319759369, 0.1088812653389242
O67998,I,0.05525315925478935, 0.09943257479204072
O67998,K,0.124830462038517, 0.10268238228228357
O67998,K,0.16662608087062836, 0.10045805035365953
O67998,I,0.05225253105163574, 0.0920732081350353
O67998,V,0.03452841937541962, 0.08535817700127761
O67998,D,0.11778087913990021, 0.08363097968200843
O67998,R,0.11757626384496689, 0.07080087365789546
O67998,T,0.022325245663523674, 0.05744256586250332
O67998,T,0.07705055177211761, 0.05262944692124923
O67998,A,0.03970838338136673, 0.050719708721670836
O67998,V,0.009359507821500301, 0.04190351658811172
O67998,Y,0.046401310712099075, 0.037097387947142124
O67998,G,0.008934460580348969, 0.04114821501490143
O67998,A,0.017340775579214096, 0.05428194451249308
O67998,F,0.03843514993786812, 0.06279244222160843
O67998,F,0.07432110607624054, 0.07910181292229229
O67998,A,0.05878268927335739, 0.09092797504531012
O67998,R,0.1952541172504425, 0.09440872155957752
O67998,S,0.11630286276340485, 0.10231369361281395
O67998,K,0.15614384412765503, 0.09943937655124399
O67998,E,0.15283676981925964, 0.09518775323198901
O67998,F,0.04026117920875549, 0.09031082389669286
O67998,R,0.08848552405834198, 0.0755821287425028
O67998,L,0.012566296383738518, 0.06667675522880422
O67998,F,0.03605649620294571, 0.05922973766509029
O67998,G,0.014890325255692005, 0.049384956041144
O67998,S,0.06269586086273193, 0.055967426444921226
O67998,G,0.036154501140117645, 0.06203111788878838
O67998,S,0.08912068605422974, 0.0731637209860815
O67998,Y,0.06423373520374298, 0.08395173700733317
O67998,P,0.09950341284275055, 0.08670575875375006
O67998,Y,0.14305874705314636, 0.1017787071565787
O67998,A,0.11275972425937653, 0.11005544869436158
O67998,F,0.13314864039421082, 0.10918651065892643
O67998,T,0.039676520973443985, 0.10638419373167886
O67998,N,0.1983523964881897, 0.11321434295839733
O67998,L,0.11064517498016357, 0.11714211685789956
O67998,I,0.08130024373531342, 0.1137322841419114
O67998,F,0.039012882858514786, 0.11896010157134798
O67998,S,0.16097475588321686, 0.12494800777898894
O67998,R,0.17840871214866638, 0.11254284241133267
O67998,S,0.0820712298154831, 0.11525672632786962
O67998,D,0.18019899725914001, 0.1188077185716894
O67998,G,0.09356767684221268, 0.1269822186893887
O67998,W,0.08670590817928314, 0.13430865771240658
O67998,A,0.13507013022899628, 0.12791777319378322
O67998,S,0.11325917392969131, 0.13264595799975926
O67998,T,0.11258338391780853, 0.12621220035685432
O67998,K,0.2269127070903778, 0.12360131740570068
O67998,T,0.12089075148105621, 0.1193884230322308
O67998,E,0.12462489306926727, 0.1125141109029452
O67998,H,0.12229517847299576, 0.10408763504690594
O67998,G,0.07006973028182983, 0.0963026810851362
O67998,I,0.0487898588180542, 0.08217694403396712
O67998,T,0.07320132106542587, 0.07808375731110573
O67998,Y,0.03742089122533798, 0.09004666614863607
O67998,Y,0.042518798261880875, 0.09636106714606285
O67998,E,0.09978107362985611, 0.09842560812830925
O67998,S,0.08405207097530365, 0.10431422251794073
O67998,E,0.2322910726070404, 0.10057873651385307
O67998,H,0.17912478744983673, 0.10180647298693657
O67998,T,0.08865059912204742, 0.10296575104196866
O67998,D,0.10178738832473755, 0.10026537171668476
O67998,V,0.03958194702863693, 0.0990568602250682
O67998,S,0.04847051948308945, 0.08533037909203106
O67998,I,0.052952300757169724, 0.08266358946760495
O67998,P,0.07547765970230103, 0.08708479545182651
O67998,A,0.07317546755075455, 0.08408117584056324
O67998,P,0.10875274240970612, 0.08594884061151081
O67998,H,0.15512368083000183, 0.08386865196128686
O67998,F,0.1284414529800415, 0.08081758270661037
O67998,S,0.07475481182336807, 0.07627758507927258
O67998,C,0.05639092996716499, 0.07313437180386649
O67998,V,0.02974882163107395, 0.0712595788968934
O67998,I,0.025492677465081215, 0.06331671857171589
O67998,F,0.03461768105626106, 0.061506973372565374
O67998,G,0.044886548072099686, 0.06890406128433016
O67998,S,0.09187960624694824, 0.07834487532575925
O67998,S,0.08363793790340424, 0.09090565414064461
O67998,K,0.11215374618768692, 0.09206005848116344
O67998,R,0.1413286030292511, 0.09849510466059049
O67998,E,0.14135825634002686, 0.10526963240570492
O67998,R,0.14279583096504211, 0.09959345352318552
O67998,M,0.035882316529750824, 0.09532941463920805
O67998,S,0.09253309667110443, 0.09544117997090022
O67998,K,0.10585729777812958, 0.08945122609535854
O67998,M,0.040793996304273605, 0.08048758573002285
O67998,L,0.04526158794760704, 0.077692116300265
O67998,S,0.11315963417291641, 0.09287091179026498
O67998,R,0.08741901814937592, 0.10042679227060741
O67998,L,0.06068549305200577, 0.1086124074127939
O67998,V,0.11763660609722137, 0.11736156336135334
O67998,N,0.17249147593975067, 0.1236004845963584
O67998,P,0.1605360209941864, 0.1272288536032041
O67998,D,0.17952783405780792, 0.12316461569733089
O67998,R,0.1195363998413086, 0.12537386268377304
O67998,P,0.10141187906265259, 0.1279742726021343
O67998,Q,0.1458149552345276, 0.12360076523489422
O67998,L,0.05084087699651718, 0.11181189782089657
O67998,P,0.08056871592998505, 0.10273104492161009
O67998,P,0.14104029536247253, 0.10424256904257669
O67998,R,0.13312990963459015, 0.10175451636314392
O67998,F,0.05443621426820755, 0.09206123484505548
O67998,E,0.09780015796422958, 0.09654200159841114
O67998,K,0.13314011693000793, 0.09842526002062692
O67998,E,0.07901940494775772, 0.10065444724427329
O67998,C,0.05857542157173157, 0.09524191667636235
O67998,T,0.09116777777671814, 0.10463282465934753
O67998,S,0.09751804172992706, 0.10532404647933112
O67998,E,0.16110298037528992, 0.09967162708441417
O67998,G,0.08441713452339172, 0.09685343338383569
O67998,T,0.13895438611507416, 0.09226022308899297
O67998,S,0.10402115434408188, 0.08613090817299154
O67998,Q,0.08226834237575531, 0.07661115202224916
O67998,T,0.05365566164255142, 0.06416220166203049
O67998,V,0.017236528918147087, 0.05731622512555785
O67998,A,0.03600394353270531, 0.049919643025431365
O67998,L,0.011840236373245716, 0.04744171816855669
O67998,Y,0.04906242713332176, 0.04349645278933975
O67998,I,0.022803345695137978, 0.0449207571024696
O67998,K,0.07238514721393585, 0.055625640580223665
O67998,N,0.08171983063220978, 0.06212584788186683
O67998,G,0.04676095396280289, 0.06453962065279484
O67998,G,0.06647440046072006, 0.06936064259045654
O67998,H,0.11358048021793365, 0.08654254799087842
O67998,F,0.09450580924749374, 0.086709080884854
O67998,I,0.033564191311597824, 0.085481908172369
O67998,T,0.09245162457227707, 0.10280931037333277
O67998,K,0.17744049429893494, 0.10578917091091473
O67998,L,0.07388394325971603, 0.11025930899712774
O67998,L,0.07067527621984482, 0.12249503740006024
O67998,N,0.20270757377147675, 0.12904309729735056
O67998,F,0.09329314529895782, 0.1394807207915518
O67998,P,0.1538117229938507, 0.1271491108669175
O67998,Q,0.2046273648738861, 0.13361161450544992
O67998,L,0.09249673038721085, 0.13210970080561107
O67998,N,0.1863902360200882, 0.11901395354006025
O67998,L,0.06645600497722626, 0.11504701773325603
O67998,P,0.13204647600650787, 0.09962594322860241
O67998,L,0.057158052921295166, 0.08606278627283043
O67998,G,0.08484584838151932, 0.07675992387036483
O67998,A,0.05759072303771973, 0.06638982664379808
O67998,M,0.015022052451968193, 0.061056285061770015
O67998,E,0.08255895227193832, 0.056690150457951755
O67998,L,0.00877096876502037, 0.057199168743358716
O67998,Y,0.09305936098098755, 0.06806134949955675
O67998,L,0.018454130738973618, 0.09025702977346049
O67998,T,0.09275126457214355, 0.10935474725233184
O67998,A,0.06173921748995781, 0.11401349181930225
O67998,R,0.18260547518730164, 0.11763206621011098
O67998,R,0.2573518455028534, 0.11681190133094788
O67998,N,0.1869015097618103, 0.11777364421221945
O67998,E,0.12448765337467194, 0.11696026763982242
O67998,Y,0.04133813828229904, 0.11135817288110654
O67998,L,0.08567787706851959, 0.10262952796700928
O67998,Y,0.027109816670417786, 0.07582669384363624
O67998,T,0.08543087542057037, 0.06918095807648367
O67998,L,0.011320364661514759, 0.06235874289025863
O67998,S,0.10404767096042633, 0.06885101904885636
O67998,L,0.01612633839249611, 0.07196613494306803
O67998,Q,0.12708988785743713, 0.07952607847336265
O67998,L,0.06308771669864655, 0.09016912523657084
O67998,G,0.09976862370967865, 0.0988155607548025
O67998,N,0.11371392011642456, 0.09670383855700493
O67998,A,0.09514930844306946, 0.11284864197174709
O67998,K,0.18121829628944397, 0.11057556751701567
O67998,I,0.08913828432559967, 0.10708217157257928
O67998,N,0.08504217118024826, 0.10855156928300858
O67998,F,0.16142956912517548, 0.11618728521797392
O67998,P,0.10663221776485443, 0.11189087231953938
O67998,I,0.031647153198719025, 0.09503304420246018
O67998,Q,0.11299320310354233, 0.0986963812675741
O67998,F,0.18243536353111267, 0.11797837871644232
O67998,L,0.05648159235715866, 0.11180008326967557
O67998,I,0.029497843235731125, 0.10481586017542416
O67998,S,0.12210831791162491, 0.12395001658134991
O67998,R,0.25858014822006226, 0.11427240735954708
O67998,V,0.10582491010427475, 0.11252487036916944
O67998,L,0.043774209916591644, 0.11098201614287165
O67998,N,0.20385456085205078, 0.12802887873517144
O67998,A,0.02589472010731697, 0.12433290150430468
O67998,H,0.16670753061771393, 0.11349987818135156
O67998,I,0.04259590432047844, 0.11391825560066435
O67998,H,0.18291960656642914, 0.12037001219060686
O67998,V,0.08884452283382416, 0.10875840567880207
O67998,E,0.1610829383134842, 0.10814966075122356
O67998,G,0.1095903068780899, 0.1013545814073748
O67998,D,0.10184001922607422, 0.09955251610113515
O67998,R,0.09935010224580765, 0.09410368961592515
O67998,L,0.02041601575911045, 0.09545183161066638
O67998,I,0.1055518165230751, 0.08204267484446366
O67998,I,0.026377316564321518, 0.08592968578967783
O67998,E,0.13388016819953918, 0.08054358615643448
O67998,D,0.10097780078649521, 0.07851979239947265
O67998,G,0.04040052741765976, 0.08212615011466874
O67998,T,0.1445734053850174, 0.08804847672581673
O67998,I,0.05336512252688408, 0.10732477323876487
O67998,S,0.08113595843315125, 0.09444965504937702
O67998,A,0.05287323519587517, 0.08926424466901356
O67998,E,0.15885275602340698, 0.10290048188633388
O67998,R,0.1998639851808548, 0.09512313538127476
O67998,L,0.018004104495048523, 0.09218258327907985
O67998,A,0.05430910736322403, 0.09470389617813958
O67998,S,0.16312666237354279, 0.10484844322005908
O67998,V,0.07457728683948517, 0.09301620680424902
O67998,I,0.02690015360713005, 0.08322102286749417
O67998,S,0.10382777452468872, 0.0941772572696209
O67998,S,0.14417415857315063, 0.10495987410346667
O67998,L,0.052362628281116486, 0.10324643262558514
O67998,Y,0.11170732975006104, 0.10896985108653705
O67998,S,0.11661021411418915, 0.12246423545810911
O67998,K,0.151352658867836, 0.12337588353289498
O67998,K,0.14770568907260895, 0.10735653258032268
O67998,G,0.12608805298805237, 0.10153846277130975
O67998,S,0.1483496129512787, 0.08912653724352519
O67998,S,0.11203260719776154, 0.07616984678639306
O83327,M,0.09624220430850983, 0.047742676403787404
O83327,D,0.17316769063472748, 0.04896171453098456
O83327,P,0.09360848367214203, 0.05048150196671486
O83327,A,0.040419239550828934, 0.05171858788364463
O83327,F,0.02624646946787834, 0.05329062624110116
O83327,I,0.010971343144774437, 0.04581330964962641
O83327,F,0.013678086921572685, 0.029675515989462536
O83327,I,0.011133773252367973, 0.024303849786520004
O83327,T,0.014148345217108727, 0.024433395100964442
O83327,G,0.02894635498523712, 0.028188990636004344
O83327,G,0.027927547693252563, 0.03104061157339149
O83327,V,0.045263487845659256, 0.03180998812119166
O83327,V,0.04158514738082886, 0.03279080097046164
O83327,S,0.06004682928323746, 0.03579083912902408
O83327,S,0.036635931581258774, 0.03683574290739165
O83327,L,0.020602475851774216, 0.035546442907717496
O83327,G,0.01996108889579773, 0.031383127025845975
O83327,K,0.04114868864417076, 0.02752130680407087
O83327,G,0.03835048899054527, 0.0228533115134471
O83327,I,0.016323847696185112, 0.020100353337410424
O83327,A,0.007793644908815622, 0.018623866089102294
O83327,A,0.006828765384852886, 0.017647219459629722
O83327,G,0.01803487166762352, 0.018226905674156215
O83327,A,0.011859307996928692, 0.01656510437735253
O83327,I,0.007314090617001057, 0.016100282315164804
O83327,G,0.011171269230544567, 0.022766261051098507
O83327,L,0.04636586457490921, 0.028778362708787125
O83327,L,0.023394277319312096, 0.03856717681305276
O83327,L,0.01214044913649559, 0.04222738680740198
O83327,K,0.06778745353221893, 0.045760503763126
O83327,S,0.060937680304050446, 0.04966042045917776
O83327,R,0.10613419860601425, 0.047166147786709994
O83327,G,0.044801197946071625, 0.04756775622566541
O83327,I,0.0391121432185173, 0.04775144739283456
O83327,S,0.046270519495010376, 0.04252014516128434
O83327,V,0.023917410522699356, 0.041532437006632485
O83327,V,0.027008753269910812, 0.032187038411696754
O83327,N,0.013793669641017914, 0.03119309867421786
O83327,Q,0.020705733448266983, 0.030475258827209473
O83327,K,0.05204830691218376, 0.03334398236539629
O83327,F,0.022025611251592636, 0.035805140104558736
O83327,D,0.0358557403087616, 0.038581459058655634
O83327,P,0.03265158459544182, 0.04380915231174893
O83327,Y,0.07208903133869171, 0.05054155778553751
O83327,L,0.04606783017516136, 0.052215710282325745
O83327,N,0.05199562385678291, 0.056383839084042445
O83327,G,0.060842908918857574, 0.06215557373232312
O83327,D,0.0812973827123642, 0.06500816386606958
O83327,P,0.0671156793832779, 0.06604148323337238
O83327,G,0.05953877046704292, 0.06889229516188304
O83327,T,0.08780135214328766, 0.07637453865673807
O83327,M,0.058324895799160004, 0.08305746937791507
O83327,N,0.08138890564441681, 0.08848985491527452
O83327,P,0.07172513753175735, 0.08646081884702046
O83327,Y,0.11933581531047821, 0.08825217559933662
O83327,Q,0.12098928540945053, 0.08460957763923539
O83327,H,0.13018885254859924, 0.08521909308102396
O83327,G,0.04885435476899147, 0.08220089309745365
O83327,E,0.07566098123788834, 0.08264172987805472
O83327,V,0.055017970502376556, 0.08008106135659748
O83327,F,0.06381053477525711, 0.07750350650813845
O83327,V,0.05422510579228401, 0.07041419545809428
O83327,T,0.07569266855716705, 0.07303982600569725
O83327,Q,0.09628979861736298, 0.08023958611819479
O83327,D,0.09779129177331924, 0.07717307574219173
O83327,G,0.06638505309820175, 0.08123616874217987
O83327,G,0.07248502969741821, 0.08088830651508437
O83327,E,0.1404588222503662, 0.08041387092736033
O83327,T,0.027419377118349075, 0.07492194034987026
O83327,D,0.1003783717751503, 0.07035575600134002
O83327,L,0.05109434574842453, 0.06743184642659293
O83327,D,0.0714227482676506, 0.06143174092802736
O83327,L,0.04686242341995239, 0.05249676377409034
O83327,G,0.05669563263654709, 0.06564745037919945
O83327,H,0.04006986692547798, 0.059049217444327146
O83327,Y,0.018484080210328102, 0.05723677265147368
O83327,E,0.060044027864933014, 0.05706050516002708
O83327,R,0.14577555656433105, 0.056950624411304794
O83327,F,0.040994275361299515, 0.06070405555268129
O83327,T,0.03478234261274338, 0.06511902581486437
O83327,D,0.0698363408446312, 0.07048537251022127
O83327,V,0.0458734966814518, 0.07669198678599463
O83327,P,0.09047651290893555, 0.07180940359830856
O83327,S,0.07980459928512573, 0.07405971735715866
O83327,S,0.06678120046854019, 0.07692492918835746
O83327,R,0.11590355634689331, 0.0767323945959409
O83327,F,0.1018323078751564, 0.07905009099178845
O83327,N,0.061247099190950394, 0.07509322464466095
O83327,S,0.06056924909353256, 0.07342947688367632
O83327,T,0.06810352951288223, 0.07513806803358926
O83327,T,0.06673276424407959, 0.06855470314621925
O83327,A,0.05486471578478813, 0.06628960329625341
O83327,G,0.06483086943626404, 0.07626643362972471
O83327,S,0.08215852081775665, 0.07798004895448685
O83327,V,0.05665327236056328, 0.0746361298693551
O83327,Y,0.08144640922546387, 0.07493972529967625
O83327,R,0.15103857219219208, 0.08315513655543327
O83327,A,0.07599178701639175, 0.09361668220824665
O83327,I,0.03800825774669647, 0.09387835984428723
O83327,L,0.06946512311697006, 0.10626196695698632
O83327,D,0.12880341708660126, 0.10711103098260032
O83327,R,0.15898478031158447, 0.10350008391671711
O83327,E,0.08451361954212189, 0.10899370246463352
O83327,R,0.16810573637485504, 0.12106772263844807
O83327,A,0.08908798545598984, 0.12388450486792459
O83327,G,0.11854004859924316, 0.11762327204147975
O83327,G,0.12543435394763947, 0.11424925343857871
O83327,Y,0.14667443931102753, 0.11463943620522817
O83327,G,0.0948161631822586, 0.10250283198224173
O83327,G,0.07245232164859772, 0.10212275385856628
O83327,A,0.12861861288547516, 0.09368754840559429
O83327,T,0.08802526444196701, 0.08661733236577776
O83327,V,0.05887629836797714, 0.07827430880732006
O83327,Q,0.08566728234291077, 0.07785579313834508
O83327,V,0.04262319952249527, 0.07272306270897388
O83327,I,0.06180240958929062, 0.06303291209042072
O83327,P,0.0715872272849083, 0.05969238384730286
O83327,H,0.09104952216148376, 0.060113239826427564
O83327,V,0.026257747784256935, 0.05168516230252054
O83327,T,0.041407257318496704, 0.051027794265084796
O83327,D,0.05796051025390625, 0.04905916377902031
O83327,E,0.06266400218009949, 0.047337249335315496
O83327,I,0.009814584627747536, 0.03843074643777476
O83327,Q,0.03670688718557358, 0.04308995190593931
O83327,A,0.044084735214710236, 0.044802570094664894
O83327,R,0.05608999729156494, 0.04105193726718426
O83327,I,0.01089099608361721, 0.03661151768432723
O83327,R,0.06819059699773788, 0.04319316417806678
O83327,A,0.0568208210170269, 0.04741886361605591
O83327,A,0.024204814806580544, 0.04962178671525584
O83327,A,0.022700225934386253, 0.05218126314381758
O83327,A,0.0690494030714035, 0.05556405377056864
O83327,T,0.07473818212747574, 0.06584889069199562
O83327,T,0.06391104310750961, 0.06134041460851828
O83327,G,0.0791252851486206, 0.06044531944725248
O83327,A,0.04133611172437668, 0.05938215212275585
O83327,R,0.16075412929058075, 0.05326542775664064
O83327,V,0.016244536265730858, 0.050108401104807854
O83327,V,0.01614895835518837, 0.044945508448614016
O83327,I,0.013131720013916492, 0.03979160367614693
O83327,T,0.01399888377636671, 0.038588527796996966
O83327,E,0.046324942260980606, 0.025505288400583796
O83327,I,0.01744500920176506, 0.026894267441497907
O83327,G,0.032740142196416855, 0.02966792488263713
O83327,G,0.030508428812026978, 0.03423238969925377
O83327,T,0.043004974722862244, 0.03855279853774442
O83327,V,0.028745347633957863, 0.041134250453776784
O83327,G,0.04111187532544136, 0.041995540261268616
O83327,D,0.05421190336346626, 0.04330393258068296
O83327,I,0.052882563322782516, 0.044222351991468005
O83327,E,0.06955800950527191, 0.04437103495001793
O83327,S,0.02519661746919155, 0.04379201908078459
O83327,L,0.04451567307114601, 0.04766950114733643
O83327,P,0.03877420350909233, 0.04351424612104893
O83327,F,0.044343121349811554, 0.039993263160188995
O83327,I,0.023534204810857773, 0.03992319790025552
O83327,E,0.07600921392440796, 0.04311080939239926
O83327,A,0.01681460812687874, 0.04021261860099104
O83327,I,0.021193716675043106, 0.043195258619056806
O83327,R,0.06892742216587067, 0.054329832601878375
O83327,Q,0.053885120898485184, 0.06089023148847951
O83327,I,0.018431955948472023, 0.06037044090529283
O83327,R,0.06561796367168427, 0.06751338744329081
O83327,R,0.1445542871952057, 0.0776281909396251
O83327,V,0.08257779479026794, 0.08352599437865946
O83327,L,0.07133109867572784, 0.08944902755320072
O83327,G,0.08110112696886063, 0.09017172083258629
O83327,K,0.1122269481420517, 0.08553251065313816
O83327,E,0.12200765311717987, 0.0723879805041684
O83327,R,0.10719241946935654, 0.06407086401143008
O83327,C,0.024936195462942123, 0.058863411088370614
O83327,L,0.023865072056651115, 0.05091608807237612
O83327,F,0.026253515854477882, 0.04119068834309777
O83327,I,0.007723746355623007, 0.0317284911353555
O83327,H,0.024464022368192673, 0.023087809845391247
O83327,L,0.009575219824910164, 0.03074948236139284
O83327,G,0.024698350578546524, 0.04135797105522619
O83327,L,0.036847878247499466, 0.04714965897922715
O83327,V,0.02942628785967827, 0.059809242064754166
O83327,P,0.09389124810695648, 0.06810076017346647
O83327,Y,0.11934147030115128, 0.0793356452551153
O83327,L,0.07837870717048645, 0.0871368365155326
O83327,P,0.12165999412536621, 0.09358460331956546
O83327,S,0.0990876853466034, 0.09768668479389614
O83327,C,0.1106891855597496, 0.09770233184099197
O83327,G,0.09490907192230225, 0.09085959610011843
O83327,E,0.09487777948379517, 0.09072521991199917
O83327,M,0.06634502112865448, 0.0854576254884402
O83327,K,0.09403207153081894, 0.07715936377644539
O83327,T,0.05775684863328934, 0.0704158532122771
O83327,K,0.07716932147741318, 0.07122770986623234
O83327,P,0.07425164431333542, 0.06382299111121231
O83327,L,0.02440332993865013, 0.05829054820868704
O83327,Q,0.049997590482234955, 0.06006633366147677
O83327,H,0.10221578180789948, 0.06175805421339141
O83327,S,0.028235310688614845, 0.05561867025163439
O83327,V,0.016553035005927086, 0.05675899899668164
O83327,K,0.11001414060592651, 0.06649935038553344
O83327,E,0.07298233360052109, 0.06850159126851293
O83327,L,0.02191486582159996, 0.06509976213177045
O83327,L,0.08451460301876068, 0.0659499956915776
O83327,G,0.11206649243831635, 0.07224411227636868
O83327,L,0.06801775842905045, 0.06310963527195984
O83327,G,0.0715993195772171, 0.05977540815042125
O83327,V,0.03588741272687912, 0.058320420069826975
O83327,Q,0.07320008426904678, 0.04995418795280986
O83327,P,0.027803847566246986, 0.03850254478553931
O83327,D,0.04297428950667381, 0.03266994717220465
O83327,V,0.008819973096251488, 0.0330451393706931
O83327,I,0.00921851396560669, 0.03469582667781247
O83327,L,0.009001703932881355, 0.03439043565756745
O83327,C,0.015524379909038544, 0.04477148006359736
O83327,R,0.07497604936361313, 0.05190697105394469
O83327,S,0.050743598490953445, 0.05832131931351291
O83327,E,0.07045156508684158, 0.0698078852146864
O83327,R,0.1212332472205162, 0.08302201454838117
O83327,H,0.1071937084197998, 0.0951111155251662
O83327,I,0.06654910743236542, 0.09770387783646584
O83327,T,0.11259760707616806, 0.0988663559158643
O83327,D,0.12792886793613434, 0.10154878679249021
O83327,A,0.12432628870010376, 0.09867203401194678
O83327,V,0.0983109101653099, 0.08837686448047559
O83327,R,0.0612059012055397, 0.08399489449544086
O83327,E,0.09459344297647476, 0.08050998476230437
O83327,K,0.0953424721956253, 0.07539055175665352
O83327,L,0.01453718263655901, 0.06364904209557506
O83327,S,0.02711137756705284, 0.05842569998155037
O83327,L,0.0812334194779396, 0.055511573846969336
O83327,F,0.0818539708852768, 0.05056006864955028
O83327,C,0.018652701750397682, 0.05291960295289755
O83327,N,0.05130083113908768, 0.062315929474102125
O83327,V,0.03497876599431038, 0.06300316978659895
O83327,E,0.05002989619970322, 0.05588970850739214
O83327,R,0.11657828092575073, 0.049944965375794306
O83327,R,0.09910412132740021, 0.05607349073721303
O83327,A,0.03329654037952423, 0.05510016758408812
O83327,I,0.017212267965078354, 0.06194990645680162
O83327,V,0.028351282700896263, 0.06909092701971531
O83327,E,0.0738094300031662, 0.06541750766336918
O83327,N,0.04254092276096344, 0.07483944400317138
O83327,V,0.096626415848732, 0.08029699180689123
O83327,T,0.11429908126592636, 0.08362385609911548
O83327,A,0.08351750671863556, 0.08816359771622552
O83327,R,0.18390154838562012, 0.08893705407778423
O83327,S,0.08241447061300278, 0.08661812129947874
O83327,I,0.04715404659509659, 0.08378753811120987
O83327,Y,0.06920895725488663, 0.07973763595024745
O83327,E,0.08077053725719452, 0.07577191665768623
O83327,V,0.021670527756214142, 0.057189912638730474
O83327,P,0.07115116715431213, 0.056692012689179845
O83327,L,0.07784996181726456, 0.06222202649546994
O83327,L,0.04782603308558464, 0.06384485401213169
O83327,L,0.016663512215018272, 0.061649966778026685
O83327,E,0.07793337106704712, 0.06323118942479293
O83327,A,0.09692417085170746, 0.05977094235519568
O83327,E,0.08381440490484238, 0.05587514965898461
O83327,G,0.06101655215024948, 0.05816924344334337
O83327,L,0.03590153157711029, 0.05771676575144132
O83327,G,0.040008943527936935, 0.053113383137517504
O83327,A,0.0427878275513649, 0.049704535553852715
O83327,L,0.06847287714481354, 0.04955115541815758
O83327,L,0.01259121298789978, 0.045930096672640905
O83327,C,0.03650292754173279, 0.05273466805617014
O83327,E,0.06624454259872437, 0.05251656721035639
O83327,R,0.08243398368358612, 0.059231688578923546
O83327,L,0.02842702344059944, 0.06247361914979087
O83327,R,0.09714267402887344, 0.06797999640305837
O83327,L,0.038046035915613174, 0.07230176693863338
O83327,F,0.10322391986846924, 0.07391656190156937
O83327,D,0.09765025228261948, 0.07620577265818913
O83327,T,0.06214860826730728, 0.08531969413161278
O83327,C,0.07539886236190796, 0.08954801369044516
O83327,C,0.08077769726514816, 0.09738106694486406
O83327,G,0.10303688049316406, 0.09567517042160034
O83327,G,0.1104523167014122, 0.105321257478661
O83327,Q,0.13519755005836487, 0.11330329047309028
O83327,V,0.1085435152053833, 0.1191063639190462
O83327,A,0.08787085115909576, 0.1295062080025673
O83327,R,0.18446503579616547, 0.13486413243744108
O83327,N,0.13398690521717072, 0.1402930352422926
O83327,L,0.12762652337551117, 0.1434877183702257
O83327,G,0.17437629401683807, 0.14788176284896004
O83327,A,0.1512582004070282, 0.1571931458181805
O83327,G,0.159312441945076, 0.1542500870095359
O83327,G,0.16394969820976257, 0.14974389225244522
O83327,A,0.1480899155139923, 0.14907709674702752
O83327,Q,0.17167329788208008, 0.14597274114688238
O83327,S,0.15797750651836395, 0.14625500390926996
O83327,A,0.09343115240335464, 0.14473387350638708
O83327,V,0.12162536382675171, 0.1460316139790747
O83327,L,0.14643709361553192, 0.14859410872062048
O83327,G,0.15379856526851654, 0.1487116755710708
O83327,A,0.14562226831912994, 0.14428788506322437
O83327,G,0.1756293624639511, 0.1622534559832679
O83327,G,0.17115236818790436, 0.16624797549512652
O83327,T,0.1727313995361328, 0.1715497010284
O83327,V,0.11816339194774628, 0.1722350600692961
O83327,R,0.25512129068374634, 0.17638508644368914
O83327,T,0.1575760394334793, 0.17253932687971327
O83327,D,0.1941526234149933, 0.171757815612687
O83327,G,0.15996679663658142, 0.16888947784900665
O83327,G,0.1829725056886673, 0.1705387549267875
O83327,L,0.14101752638816833, 0.1560268079241117
O83327,H,0.16411876678466797, 0.15286250329679912
O83327,P,0.14691635966300964, 0.1492960991130935
O83327,A,0.13300688564777374, 0.1454266897506184
O83327,A,0.12451376765966415, 0.13522517267200682
O83327,G,0.12909729778766632, 0.13458269586165747
O83327,Q,0.16205498576164246, 0.1284716394212511
O83327,G,0.12514211237430573, 0.12504273487461937
O83327,A,0.09115885198116302, 0.11935867700311872
O83327,E,0.1352352350950241, 0.12241411788596047
O83327,P,0.10911925882101059, 0.11622199912865956
O83327,D,0.11605621874332428, 0.10615252620644039
O83327,L,0.08185036480426788, 0.11205457978778416
O83327,T,0.15201273560523987, 0.10903065734439427
O83327,A,0.07336822897195816, 0.10270587189329995
O83327,W,0.07142972946166992, 0.09827741897768444
O83327,R,0.17826059460639954, 0.10230972121159236
O83327,A,0.06394354999065399, 0.09985687707861264
O83327,M,0.07831216603517532, 0.08976025755206744
O83327,V,0.06926318258047104, 0.09677049641807874
O83327,R,0.15234693884849548, 0.10294758569863108
O83327,A,0.059774767607450485, 0.09476195482744111
O83327,L,0.06114315986633301, 0.10621689963671896
O83327,Y,0.13646037876605988, 0.11542617902159691
O83327,Y,0.12702353298664093, 0.12318094612823592
O83327,P,0.10458991676568985, 0.10853255353868008
O83327,R,0.16703805327415466, 0.11061224776009719
O83327,R,0.16119568049907684, 0.10502638295292854
O83327,E,0.13905608654022217, 0.09191050132115682
O83327,L,0.020511405542492867, 0.07923288612316053
O83327,T,0.07849201560020447, 0.06861716519213384
O83327,V,0.010870376601815224, 0.05264137074765232
O83327,A,0.018417444080114365, 0.04407953439901272
O83327,L,0.012924996204674244, 0.03695239923480484
O83327,V,0.009048428386449814, 0.04217022191733122
O83327,G,0.023255903273820877, 0.04048191124780311
O83327,K,0.0841391533613205, 0.04800627970447143
O83327,Y,0.07491187006235123, 0.059984121575123735
O83327,V,0.06747180968523026, 0.06828686098257701
O83327,S,0.06329721957445145, 0.06916875081757705
O83327,L,0.07858969271183014, 0.07125146749118964
O83327,A,0.1262180209159851, 0.06934686398340596
O83327,D,0.08764965087175369, 0.06385438330471516
O83327,A,0.016985436901450157, 0.05755269889616304
O83327,Y,0.04200035333633423, 0.055222153974076114
O83327,L,0.0669977217912674, 0.0547597146489554
O83327,S,0.025479543954133987, 0.042179927747282714
O83327,V,0.010756650008261204, 0.03356126726915439
O83327,S,0.0423223152756691, 0.04122584364894363
O83327,E,0.07442773878574371, 0.042644193292491965
O83327,A,0.012999938800930977, 0.03660629544821051
O83327,L,0.010081706568598747, 0.0357571505010128
O83327,T,0.08596662431955338, 0.045149522833526134
O83327,A,0.054765500128269196, 0.04960383837007814
O83327,A,0.012656641192734241, 0.047404523835413985
O83327,G,0.017837239429354668, 0.058747750293049544
O83327,I,0.0952880010008812, 0.06070837782075008
O83327,C,0.08241115510463715, 0.06483843746698564
O83327,H,0.05463390797376633, 0.0609489641048842
O83327,R,0.11508897691965103, 0.07200093546675311
O83327,A,0.02772735431790352, 0.07634166090024842
O83327,R,0.12313716113567352, 0.08542509501179059
O83327,V,0.019760239869356155, 0.09013391824232207
O83327,D,0.11212438344955444, 0.08791466140084797
O83327,M,0.056903768330812454, 0.08628277728954951
O83327,R,0.17703890800476074, 0.08560448636611302
O83327,W,0.12479056417942047, 0.07863237832983334
O83327,I,0.034660596400499344, 0.08863272931840685
O83327,D,0.10040201991796494, 0.08273640192217296
O83327,A,0.021622736006975174, 0.08638174873259333
O83327,E,0.06038818880915642, 0.07531606447365549
O83327,E,0.10976339876651764, 0.07142387785845333
O83327,I,0.059057436883449554, 0.08170540713601643
O83327,C,0.08971188962459564, 0.0830062006910642
O83327,S,0.07744774967432022, 0.08330446937017971
O83327,V,0.08976088464260101, 0.08542194796933068
O83327,Q,0.1271943598985672, 0.08755154410998027
O83327,D,0.11210916191339493, 0.08925491240289476
O83327,A,0.02430715411901474, 0.08130518802338177
O83327,G,0.0794454962015152, 0.08348382305767801
O83327,H,0.1289297640323639, 0.08495309245255259
O83327,A,0.07438775151968002, 0.07342586831914054
O83327,L,0.018164370208978653, 0.0685118403699663
O83327,A,0.09705546498298645, 0.06659680304841863
O83327,D,0.10298430919647217, 0.05892223047299518
O83327,A,0.02344934269785881, 0.04584557407846054
O83327,D,0.06788291037082672, 0.03835665931304296
O83327,A,0.007071818225085735, 0.039248996724685035
O83327,L,0.010374343022704124, 0.032439997212754354
O83327,V,0.011239856481552124, 0.024250976741313934
O83327,I,0.006987518630921841, 0.029296845611598756
O83327,P,0.026195406913757324, 0.026728761278920703
O83327,G,0.03577446937561035, 0.0373865044158366
O83327,G,0.029283124953508377, 0.05351789823422829
O83327,F,0.06886216253042221, 0.05637860411985053
O83327,G,0.04477015137672424, 0.058713835974534355
O83327,V,0.1029915064573288, 0.06240650804506408
O83327,R,0.15555688738822937, 0.06074877911143833
O83327,G,0.03698620945215225, 0.060738294281893306
O83327,I,0.028004605323076248, 0.05474773390839497
O83327,E,0.05942945554852486, 0.05609224995391236
O83327,G,0.020854908972978592, 0.045933440741565496
O83327,M,0.029188761487603188, 0.029448746651824977
O83327,I,0.014947119168937206, 0.032799784352795944
O83327,C,0.05687079578638077, 0.037090209054036274
O83327,A,0.011562223546206951, 0.031892461236566305
O83327,V,0.007194640580564737, 0.03604511021532946
O83327,S,0.06714554876089096, 0.042637830755362906
O83327,H,0.0666184276342392, 0.04964682589181595
O83327,A,0.012649725191295147, 0.049049801762319274
O83327,R,0.058228749781847, 0.052574358207898006
O83327,V,0.0885232463479042, 0.054962132022612624
O83327,Q,0.07802807539701462, 0.04941977570868201
O83327,N,0.051497578620910645, 0.04284577609764205
O83327,L,0.04328323155641556, 0.042282061030467354
O83327,P,0.028684604912996292, 0.03748558109833135
O83327,Y,0.017264341935515404, 0.03082467967437373
O83327,L,0.007452431134879589, 0.028263483403457537
O83327,G,0.007576289586722851, 0.0238021994009614
O83327,I,0.015060430392622948, 0.021406974746949144
O83327,C,0.02857513353228569, 0.02643550694402721
O83327,L,0.054977308958768845, 0.02598717643154992
O83327,G,0.011346022598445415, 0.025978535517222352
O83327,M,0.021726209670305252, 0.0261543785325355
O83327,Q,0.07394139468669891, 0.02631630738162332
O83327,I,0.013229367323219776, 0.02588157324741284
O83327,A,0.007374662905931473, 0.022150677835775748
O83327,V,0.009158876724541187, 0.022170415458579857
O83327,I,0.016517790034413338, 0.031759633475707635
O83327,E,0.024662526324391365, 0.029634725405938096
O83327,F,0.021399250254034996, 0.03202720317575666
O83327,A,0.011523661203682423, 0.03458677915235361
O83327,R,0.10802917182445526, 0.04407907494654258
O83327,N,0.05481722205877304, 0.051465509148935475
O83327,V,0.034761667251586914, 0.05559414469947418
O83327,L,0.030410846695303917, 0.06084816933919986
O83327,L,0.09458953887224197, 0.063614996150136
O83327,L,0.0829956978559494, 0.057513116755419307
O83327,A,0.061820246279239655, 0.05630686444540819
O83327,S,0.06868547201156616, 0.06303359299070305
O83327,A,0.03642510250210762, 0.07057467020220226
O83327,H,0.05311225727200508, 0.06815855370627509
O83327,S,0.04396095126867294, 0.0667711454961035
O83327,R,0.09530222415924072, 0.07129713396231334
O83327,E,0.09828054159879684, 0.07893859346707661
O83327,F,0.0728444904088974, 0.08704664102858967
O83327,A,0.07050902396440506, 0.09177897291051017
O83327,V,0.10255414247512817, 0.10015161004331377
O83327,D,0.13745860755443573, 0.09820110516415702
O83327,T,0.1093975305557251, 0.09063701290223333
O83327,P,0.09570324420928955, 0.08715328781141175
O83327,H,0.11931468546390533, 0.09123743946353595
O83327,P,0.07774768024682999, 0.09201917921503384
O83327,V,0.03020371124148369, 0.08860070713692242
O83327,V,0.04149096459150314, 0.09471380751993921
O83327,D,0.1072663888335228, 0.09707682952284813
O83327,L,0.10958980023860931, 0.09439502118362321
O83327,L,0.1066923588514328, 0.0995754636824131
O83327,P,0.16441543400287628, 0.11574191600084305
O83327,G,0.11697044223546982, 0.1258710159195794
O83327,C,0.09517841041088104, 0.1345805616842376
O83327,V,0.12437166273593903, 0.14226046949625015
O83327,D,0.1757017821073532, 0.14445904476775062
O83327,T,0.1326528638601303, 0.13317929208278656
O83327,P,0.18565230071544647, 0.13050331423679987
O83327,T,0.1787089705467224, 0.12895026389095518
O83327,G,0.12647953629493713, 0.13409709019793403
O83327,G,0.06289765983819962, 0.12298829853534698
O83327,S,0.09288664162158966, 0.11405168970425923
O83327,L,0.08120095729827881, 0.10233007868131001
O83327,R,0.17069309949874878, 0.09269650859965219
O83327,L,0.07572265714406967, 0.08939427385727565
O83327,G,0.052223384380340576, 0.08353359645439519
O83327,Q,0.0801578015089035, 0.08082471932801935
O83327,Y,0.09200683981180191, 0.07379271359079415
O83327,R,0.09675942361354828, 0.060495593688554235
O83327,C,0.010151563212275505, 0.067873556787769
O83327,L,0.06850674748420715, 0.06977549298769897
O83327,L,0.017912905663251877, 0.06510792734722297
O83327,A,0.05101902037858963, 0.062022522712747254
O83327,E,0.14212432503700256, 0.051980681251734495
O83327,G,0.06934081017971039, 0.0585540008938147
O83327,S,0.03814971074461937, 0.056465963263892464
O83327,R,0.06423819810152054, 0.05721163434079952
O83327,A,0.006382850464433432, 0.05599641939625144
O83327,R,0.06931143999099731, 0.047008448746055365
O83327,A,0.049714408814907074, 0.052077962861706815
O83327,L,0.024623945355415344, 0.05327579394603769
O83327,Y,0.04008208587765694, 0.05811999091464612
O83327,G,0.061232589185237885, 0.06157376824153794
O83327,R,0.11496643722057343, 0.06504699877566761
O83327,G,0.04893019050359726, 0.06296938305927648
O83327,E,0.10783597081899643, 0.07125083998673493
O83327,V,0.03746684640645981, 0.07314140867027971
O83327,W,0.10057051479816437, 0.08374343336456352
O83327,E,0.031015867367386818, 0.07974550810952981
O83327,R,0.09915705770254135, 0.08363827338649167
O83327,H,0.05709720402956009, 0.07903774682846335
O83327,R,0.15665081143379211, 0.07835855811006492
O83327,H,0.07898510992527008, 0.0687487611754073
O83327,R,0.08396507799625397, 0.07084783539175987
O83327,Y,0.06643123179674149, 0.06720977566308445
O83327,G,0.0313541479408741, 0.06852159359388882
O83327,L,0.014082342386245728, 0.05762516251868672
O83327,N,0.049907535314559937, 0.059263621353440814
O83327,A,0.06641452014446259, 0.054762210696935654
O83327,A,0.06890356540679932, 0.05992609386642774
O83327,Y,0.05858293175697327, 0.05813238273064295
O83327,R,0.09373123943805695, 0.07084706674019496
O83327,A,0.04345238208770752, 0.07224170946412617
O83327,R,0.11290618032217026, 0.06959887345631917
O83327,F,0.015210747718811035, 0.06597477942705154
O83327,E,0.12851449847221375, 0.060570584817065135
O83327,A,0.062459319829940796, 0.05591904206408395
O83327,S,0.042628996074199677, 0.056538503203127116
O83327,A,0.036286719143390656, 0.0452684559341934
O83327,L,0.009945180267095566, 0.044726737257507115
O83327,R,0.05186735466122627, 0.037358434249957405
O83327,P,0.04902753233909607, 0.03579081636336115
O83327,V,0.011475754901766777, 0.04056005386842622
O83327,G,0.010335279628634453, 0.05068888059920735
O83327,V,0.06219977140426636, 0.06102048191759321
O83327,D,0.04835075885057449, 0.06544797246654828
O83327,S,0.08555213361978531, 0.0634301190988885
O83327,D,0.12744615972042084, 0.06377122727119261
O83327,C,0.10292959213256836, 0.06707649170938465
O83327,G,0.0917147696018219, 0.06104813340223498
O83327,A,0.030866852030158043, 0.056274941760218807
O83327,V,0.014545728452503681, 0.049454135147647724
O83327,E,0.0400826595723629, 0.03874857573666506
O83327,V,0.007944546639919281, 0.03520556140898003
O83327,V,0.005392034072428942, 0.03688168955138988
O83327,E,0.024164874106645584, 0.041549464429004326
O83327,H,0.03109612502157688, 0.05316085435657038
O83327,G,0.07104246318340302, 0.052355568700780473
O83327,E,0.10679992288351059, 0.05426803588246306
O83327,H,0.07287682592868805, 0.054793070173925824
O83327,P,0.11904823780059814, 0.053507305681705475
O83327,W,0.032835088670253754, 0.051151548615760274
O83327,F,0.02515675127506256, 0.046470903894967504
O83327,F,0.010117342695593834, 0.03575565138210853
O83327,G,0.012592993676662445, 0.03673446809666024
O83327,V,0.009894311428070068, 0.028386239893734455
O83327,Q,0.02891666069626808, 0.03194630942824814
O83327,F,0.010362650267779827, 0.043658415166040264
O83327,H,0.08168617635965347, 0.04653212376352814
O83327,P,0.04391418397426605, 0.04836980470766624
O83327,E,0.06487571448087692, 0.057866142545309335
O83327,F,0.13056570291519165, 0.06152707928170761
O83327,C,0.035980720072984695, 0.0712872360729509
O83327,S,0.029132122173905373, 0.07278040775822268
O83327,R,0.09536135196685791, 0.07160233478579256
O83327,P,0.06186509132385254, 0.06987234308487839
O83327,N,0.09820406138896942, 0.06480362535350853
O83327,R,0.09512472152709961, 0.061871939856145114
O83327,A,0.03331152722239494, 0.059948139617012605
O83327,H,0.049305789172649384, 0.0584171504403154
O83327,P,0.08494724333286285, 0.05390734566996495
O83327,L,0.00959555059671402, 0.043735646228823394
O83327,F,0.01181792002171278, 0.03433132771816519
O83327,R,0.0815824493765831, 0.037017027743988566
O83327,A,0.021276848390698433, 0.03537308486799399
O83327,L,0.00665876641869545, 0.027535442159407668
O83327,V,0.010485854931175709, 0.03283616269214286
O83327,A,0.057482827454805374, 0.04170263806978861
O83327,A,0.034510303288698196, 0.0442233607172966
O83327,G,0.014408458955585957, 0.05318460344440407
O83327,L,0.05730203539133072, 0.06719481386244297
O83327,E,0.0916161984205246, 0.0753066511824727
O83327,R,0.10426895320415497, 0.0821717804711726
O83327,K,0.10192803293466568, 0.0863570725131366
O83327,D,0.13275066018104553, 0.0847561326291826
O83327,S,0.08349239081144333, 0.07838923980792363
O83327,R,0.1192689910531044, 0.06820966220564312
O83327,S,0.0721779316663742, 0.05662422296073702
O83746,M,0.1348375827074051, 0.08422911084360546
O83746,R,0.23800711333751678, 0.09639140301280552
O83746,I,0.19259533286094666, 0.10788026700417201
O83746,I,0.03391890972852707, 0.12006282309691112
O83746,P,0.1587030589580536, 0.12147273619969685
O83746,F,0.10946062952280045, 0.11287544874681367
O83746,S,0.10339977592229843, 0.0980752023557822
O83746,E,0.10964300483465195, 0.08761164173483849
O83746,F,0.012689217925071716, 0.08637259341776371
O83746,K,0.057461995631456375, 0.07779791889091332
O83746,D,0.10480489581823349, 0.07893930561840534
O83746,R,0.09842328727245331, 0.0733971328785022
O83746,I,0.022767474874854088, 0.07293337976766957
O83746,A,0.08153098821640015, 0.07343786582350731
O83746,S,0.11973311007022858, 0.07474885880947113
O83746,G,0.05352022126317024, 0.08002884768777424
O83746,E,0.1054692268371582, 0.07054767126424445
O83746,I,0.01722959242761135, 0.07570918038901356
O83746,V,0.06926093250513077, 0.06977079177482261
O83746,K,0.15232479572296143, 0.06846477039572266
O83746,V,0.013092699460685253, 0.08149164490815666
O83746,V,0.06922105699777603, 0.08481079246848822
O83746,V,0.028085490688681602, 0.10828600337521897
O83746,G,0.10797891765832901, 0.10380120233943065
O83746,S,0.1707620918750763, 0.10209957417100668
O83746,P,0.1353415548801422, 0.10535505207048522
O83746,Y,0.22850649058818817, 0.1075602484246095
O83746,F,0.02889772318303585, 0.11306535928613609
O83746,V,0.1370101422071457, 0.1138650615596109
O83746,G,0.042392000555992126, 0.10501486373444398
O83746,Y,0.08906782418489456, 0.10899046539432472
O83746,T,0.07763148844242096, 0.0989563860413101
O83746,S,0.1151762381196022, 0.10552704996532863
O83746,A,0.09111031144857407, 0.10874803364276886
O83746,R,0.1711219698190689, 0.1229926629198922
O83746,P,0.13819977641105652, 0.12642663634485668
O83746,A,0.08803369849920273, 0.145959149632189
O83746,P,0.16599899530410767, 0.14926285379462773
O83746,S,0.17059366405010223, 0.15975350886583328
O83746,A,0.11997358500957489, 0.15724966178337732
O83746,R,0.25342410802841187, 0.1617387988501125
O83746,G,0.1449095755815506, 0.17050237456957498
O83746,F,0.18552620708942413, 0.1682203428612815
O83746,S,0.14858734607696533, 0.17153026825851864
O83746,L,0.17860201001167297, 0.18164662023385367
O83746,L,0.16690587997436523, 0.17334784070650736
O83746,S,0.14546070992946625, 0.17011209660106236
O83746,E,0.2003829926252365, 0.16936529841687945
O83746,R,0.21102075278759003, 0.17270606259504953
O83746,E,0.17873509228229523, 0.1695692224635018
O83746,A,0.11578787863254547, 0.16892042424943712
O83746,P,0.17880502343177795, 0.16345425446828207
O83746,T,0.17865422368049622, 0.1591283397542106
O83746,Y,0.15037044882774353, 0.14904657999674478
O83746,H,0.1610666960477829, 0.14500237339072758
O83746,A,0.09626518189907074, 0.1459582183096144
O83746,I,0.16144976019859314, 0.13886354946427876
O83746,G,0.12028491497039795, 0.13781181226174036
O83746,V,0.14233723282814026, 0.13272574875089857
O83746,L,0.12439048290252686, 0.12189346551895142
O83746,S,0.11495300382375717, 0.12168337239159478
O83746,D,0.16918858885765076, 0.11834688981374104
O83746,S,0.10459587723016739, 0.11479091064797507
O83746,F,0.06357614696025848, 0.10142027400434017
O83746,L,0.09437434375286102, 0.10613693027860588
O83746,S,0.13142141699790955, 0.1116677520589696
O83746,M,0.08828110247850418, 0.10723809380498198
O83746,L,0.02200150303542614, 0.11134362613989247
O83746,D,0.16684038937091827, 0.10962099892397721
O83746,E,0.16473039984703064, 0.11297806662817796
O83746,R,0.12932166457176208, 0.10999061643249458
O83746,Q,0.14154566824436188, 0.1156566430711084
O83746,V,0.04807250201702118, 0.12558155837986204
O83746,V,0.12458795309066772, 0.1231449767947197
O83746,Y,0.10453436523675919, 0.1199982687830925
O83746,S,0.13927534222602844, 0.12406525926457511
O83746,I,0.11132574081420898, 0.12825891789462832
O83746,K,0.14491115510463715, 0.14804437011480331
O83746,P,0.13641002774238586, 0.15214139968156815
O83746,R,0.1659245789051056, 0.15052055567502975
O83746,E,0.1792885959148407, 0.1396835996872849
O83746,R,0.2261415719985962, 0.13693871721625328
O83746,N,0.1614612191915512, 0.13519512075516912
O83746,Y,0.08994676917791367, 0.12313821539282799
O83746,L,0.04174273833632469, 0.10782037178675334
O83746,I,0.08662179857492447, 0.09783871637450324
O83746,E,0.12921878695487976, 0.08190308594041401
O83746,T,0.027897879481315613, 0.06655393830604023
O83746,F,0.02806398645043373, 0.060770873808198504
O83746,Q,0.08945369720458984, 0.06638302240106794
O83746,Y,0.08272089809179306, 0.06145807314250204
O83746,L,0.02331889048218727, 0.04995497316122055
O83746,F,0.037899188697338104, 0.05087140699227651
O83746,P,0.09225207567214966, 0.05269732284877035
O83746,L,0.042297255247831345, 0.04893406770295567
O83746,L,0.02569088712334633, 0.04499303590920237
O83746,I,0.036145783960819244, 0.04562103272312217
O83746,L,0.044497229158878326, 0.04818524979054928
O83746,F,0.05558440089225769, 0.0524643301549885
O83746,F,0.047251611948013306, 0.0572075622363223
O83746,V,0.028970861807465553, 0.06058745893339316
O83746,W,0.06097714230418205, 0.06431826514502366
O83746,R,0.13076379895210266, 0.07018654110531013
O83746,F,0.08498634397983551, 0.07946937510536776
O83746,F,0.0561099573969841, 0.08425071235332224
O83746,F,0.06972303986549377, 0.08816770422789785
O83746,K,0.09731171280145645, 0.09271587845351961
O83746,R,0.1391299068927765, 0.09368410127030478
O83746,M,0.09028364717960358, 0.09431888411442439
O83746,A,0.06422378867864609, 0.1001666858792305
O83746,S,0.10191071033477783, 0.10454080667760637
O83746,N,0.13947780430316925, 0.10675803075234096
O83746,V,0.09069938957691193, 0.10097266650862163
O83746,S,0.1087401732802391, 0.10362331403626336
O83746,G,0.10909012705087662, 0.11163700040843752
O83746,L,0.11726672947406769, 0.11331098526716232
O83746,G,0.08706162869930267, 0.10892312228679657
O83746,S,0.11413947492837906, 0.11155047516028087
O83746,S,0.1363469660282135, 0.11252931339873208
O83746,I,0.11697657406330109, 0.11455210049947102
O83746,F,0.09998703747987747, 0.11903264787462023
O83746,S,0.11434556543827057, 0.12160161137580872
O83746,A,0.11754971742630005, 0.13254070695903566
O83746,G,0.12729521095752716, 0.13475977298286226
O83746,H,0.15759165585041046, 0.1337409739693006
O83746,A,0.11018230020999908, 0.13149959180090162
O83746,R,0.21259133517742157, 0.12534147128462791
O83746,S,0.1563185602426529, 0.12363884887761539
O83746,A,0.10780738294124603, 0.12037349533703592
O83746,A,0.0798145979642868, 0.11653959709737036
O83746,V,0.058922480791807175, 0.12113787854711215
O83746,E,0.10222611576318741, 0.10778705403208733
O83746,E,0.09790702909231186, 0.10478754962484042
O83746,G,0.12308657169342041, 0.10036800843146113
O83746,K,0.15156683325767517, 0.1117979706161552
O83746,V,0.09243391454219818, 0.11089841731720501
O83746,T,0.12932302057743073, 0.1085630717376868
O83746,T,0.06803151220083237, 0.1099763632648521
O83746,R,0.1826842576265335, 0.09913809845844905
O83746,F,0.05082650110125542, 0.08760075726442867
O83746,A,0.0812080055475235, 0.08142409432265493
O83746,D,0.11062665283679962, 0.07278597810202175
O83746,V,0.025542188435792923, 0.07946264785197046
O83746,A,0.047730762511491776, 0.07216950381795566
O83746,G,0.03684394806623459, 0.06989763739208381
O83746,V,0.051579974591732025, 0.06720317713916302
O83746,D,0.1281215399503708, 0.06918971385392877
O83746,E,0.11704596132040024, 0.07346275221142504
O83746,A,0.030379703268408775, 0.06955974880192015
O83746,K,0.05695786327123642, 0.07221773142615955
O83746,E,0.12850548326969147, 0.07508317174182998
O83746,E,0.06399953365325928, 0.06417332403361797
O83746,L,0.012603731825947762, 0.05382928914493985
O83746,M,0.060765791684389114, 0.06664291458825271
O83746,E,0.07736893743276596, 0.06715014514823754
O83746,V,0.029932910576462746, 0.05759573665757974
O83746,V,0.023949647322297096, 0.06921742049356301
O83746,D,0.1457023322582245, 0.08420488900608486
O83746,F,0.061522938311100006, 0.094385524176889
O83746,L,0.04251580685377121, 0.11062695624099837
O83746,K,0.16859468817710876, 0.13078048597607347
O83746,F,0.1474909484386444, 0.13479434160722625
O83746,P,0.15239150822162628, 0.13478288095858362
O83746,K,0.22354182600975037, 0.14893422317173746
O83746,K,0.21131467819213867, 0.15782934468653467
O83746,Y,0.060074348002672195, 0.1450266730454233
O83746,T,0.14559918642044067, 0.13142418385379845
O83746,E,0.18888501822948456, 0.12368188487986724
O83746,I,0.1225719004869461, 0.10187594571875201
O83746,G,0.0533706434071064, 0.08448719543715318
O83746,G,0.02506854571402073, 0.08744716168277794
O83746,K,0.08271081745624542, 0.07262440191374885
O83746,I,0.027288373559713364, 0.05262091424730089
O83746,P,0.054815925657749176, 0.04018025462412172
O83746,R,0.08671404421329498, 0.03519487256805102
O83746,G,0.012194348499178886, 0.03788993362751272
O83746,V,0.008853629231452942, 0.03471459924346871
O83746,L,0.010605963878333569, 0.043324959153930344
O83746,L,0.008502204902470112, 0.05345695320930746
O83746,V,0.049324095249176025, 0.050827923955188856
O83746,G,0.05413280799984932, 0.054920338922076754
O83746,P,0.1047816127538681, 0.05912033551269107
O83746,P,0.1460038721561432, 0.07181715685874224
O83746,G,0.06305278092622757, 0.07930862738026513
O83746,T,0.04902608320116997, 0.08501346492105061
O83746,G,0.04665359854698181, 0.07998604731013377
O83746,K,0.12487735599279404, 0.06937369952599208
O83746,T,0.07592543959617615, 0.058938187857468925
O83746,L,0.10066763311624527, 0.053958609286281795
O83746,L,0.008886049501597881, 0.049811602777077094
O83746,A,0.009270482696592808, 0.04682892902443806
O83746,R,0.052084267139434814, 0.04116223514493969
O83746,A,0.018236573785543442, 0.04053645839707719
O83746,V,0.011703024618327618, 0.03195360665106111
O83746,A,0.019809534773230553, 0.039905179705884725
O83746,G,0.07387711107730865, 0.042363549996581346
O83746,E,0.07029344886541367, 0.04537630153612958
O83746,A,0.023421967402100563, 0.0471990066063073
O83746,S,0.08045020699501038, 0.05109776887628767
O83746,V,0.031395815312862396, 0.06179477543466621
O83746,P,0.07919903099536896, 0.058413263203369245
O83746,F,0.03464091941714287, 0.05655957365201579
O83746,F,0.046791885048151016, 0.05577766502069102
O83746,R,0.11608259379863739, 0.05208096011645264
O83746,I,0.043443500995635986, 0.055070606163806386
O83746,S,0.053610242903232574, 0.048252041969034404
O83746,G,0.01638478972017765, 0.050755506174431905
O83746,S,0.04717986285686493, 0.07086902194552952
O83746,D,0.0583026297390461, 0.09118816090954675
O83746,F,0.01783195324242115, 0.10930702090263367
O83746,I,0.05717209726572037, 0.12339557624525493
O83746,E,0.22781352698802948, 0.13763658019403616
O83746,M,0.2989548444747925, 0.15006527780658668
O83746,F,0.20651324093341827, 0.15018128169079623
O83746,V,0.18040724098682404, 0.15752272763186032
O83746,G,0.14455382525920868, 0.16299599781632423
O83746,I,0.15903814136981964, 0.15195033326745033
O83746,G,0.05934666469693184, 0.12062162657578786
O83746,A,0.08390496671199799, 0.11171694431040022
O83746,S,0.10643152892589569, 0.10379065987136629
O83746,R,0.12840254604816437, 0.09082891357441743
O83746,V,0.016996484249830246, 0.07465971633791924
O83746,R,0.1263711005449295, 0.07677597883674833
O83746,D,0.10907068103551865, 0.08099037988318337
O83746,L,0.027898108586668968, 0.07044396435634957
O83746,F,0.013515366241335869, 0.06762822603599893
O83746,K,0.07839302718639374, 0.0806886488571763
O83746,Q,0.12183457612991333, 0.07746701780706644
O83746,A,0.011513789184391499, 0.07132899647371636
O83746,R,0.10306090116500854, 0.07217839391281207
O83746,E,0.13454028964042664, 0.07421874058329397
O83746,K,0.09737642109394073, 0.06769913672986957
O83746,A,0.053828489035367966, 0.05628499212778277
O83746,P,0.03554268553853035, 0.05700326462586721
O83746,G,0.03187848627567291, 0.04703952889475557
O83746,I,0.019716592505574226, 0.04205193639629417
O83746,I,0.01910727471113205, 0.03947457609077295
O83746,F,0.01797824166715145, 0.03502964425004191
O83746,I,0.013387279585003853, 0.03895077844046884
O83746,D,0.08965195715427399, 0.038618763598303
O83746,E,0.07418017834424973, 0.03873996239983373
O83746,L,0.013824102468788624, 0.0423152774779333
O83746,D,0.07083289325237274, 0.05794767280005746
O83746,A,0.028890352696180344, 0.07262623858534628
O83746,I,0.020807381719350815, 0.07819079079975684
O83746,G,0.05128511041402817, 0.08179875183850527
O83746,K,0.15866979956626892, 0.10074242452780406
O83746,S,0.14549437165260315, 0.11112910840246412
O83746,R,0.13973292708396912, 0.13813892213834655
O83746,L,0.10665182769298553, 0.16545523454745611
O83746,N,0.18431715667247772, 0.1816178427802192
O83746,A,0.16431304812431335, 0.18437563214037153
O83746,I,0.2719786763191223, 0.1916442612806956
O83746,H,0.26665419340133667, 0.19602929717964596
O83746,S,0.19674858450889587, 0.1975693123208152
O83746,N,0.18348990380764008, 0.18844460861550438
O83746,D,0.21091203391551971, 0.1852455511689186
O83746,E,0.1791982501745224, 0.15839559481375748
O83746,R,0.1205119639635086, 0.13144799508154392
O83746,E,0.10219482332468033, 0.115222602047854
O83746,Q,0.1355215311050415, 0.1020507255776061
O83746,T,0.03032906912267208, 0.0799160258223613
O83746,L,0.02412579581141472, 0.0621235306478209
O83746,N,0.05072004720568657, 0.05410048013759984
O83746,Q,0.06494301557540894, 0.04804361218379603
O83746,L,0.01169973611831665, 0.034266925416886806
O83746,L,0.019065793603658676, 0.04146924211333195
O83746,V,0.04830450937151909, 0.04524200833919975
O83746,E,0.04768301174044609, 0.0445205992501643
O83746,M,0.011531350202858448, 0.050875699458022915
O83746,D,0.0951499193906784, 0.05906042880896065
O83746,G,0.05808069184422493, 0.06258459937655264
O83746,F,0.04422736540436745, 0.06699803730265962
O83746,D,0.12213891744613647, 0.07190786684966749
O83746,N,0.08536230027675629, 0.0757335979077551
O83746,T,0.05078332871198654, 0.0688597381942802
O83746,T,0.08802545070648193, 0.06410556866063012
O83746,G,0.091871477663517, 0.06019515968445274
O83746,L,0.04596292972564697, 0.04819910073031982
O83746,I,0.03328518196940422, 0.0406959451114138
O83746,L,0.015293166041374207, 0.03839227546834283
O83746,L,0.009033684618771076, 0.03570361673418018
O83746,A,0.014174386858940125, 0.038407372000316777
O83746,A,0.017833899706602097, 0.04591425663481156
O83746,T,0.030050301924347878, 0.06364479609247711
O83746,N,0.0638275220990181, 0.06887545716017485
O83746,R,0.11620527505874634, 0.06966271768841478
O83746,P,0.1135248914361, 0.07647615112364292
O83746,D,0.19286003708839417, 0.08688277233805922
O83746,V,0.06236911565065384, 0.08723561921053463
O83746,L,0.016119029372930527, 0.08174993449615107
O83746,D,0.07549528777599335, 0.07262632561226685
O83746,P,0.11149349063634872, 0.06665050962732898
O83746,A,0.03322592377662659, 0.053203618981772
O83746,L,0.014456359669566154, 0.05044731518460645
O83746,L,0.034092795103788376, 0.056624222753776446
O83746,R,0.05974254757165909, 0.05049574561417103
O83746,P,0.07183802127838135, 0.04574476285941071
O83746,G,0.037562381476163864, 0.057038680753774114
O83746,R,0.07171119749546051, 0.06307017513447338
O83746,F,0.0203389935195446, 0.060554859331912465
O83746,D,0.06873464584350586, 0.06259933093355761
O83746,R,0.13487118482589722, 0.05560752387262053
O83746,Q,0.06873980909585953, 0.06283051282581356
O83746,V,0.011454952880740166, 0.06832240615040064
O83746,C,0.07814279198646545, 0.07125540626131827
O83746,V,0.008911757729947567, 0.07385306443191236
O83746,D,0.10256928205490112, 0.07411085783193509
O83746,R,0.12113823741674423, 0.08183985751950079
O83746,P,0.04673599451780319, 0.08543999234421386
O83746,D,0.09211356937885284, 0.0799732387272848
O83746,L,0.13719132542610168, 0.08445962373581198
O83746,K,0.1383008062839508, 0.07978762706948651
O83746,G,0.043856166303157806, 0.06742111748705308
O83746,R,0.028942009434103966, 0.06260323920287192
O83746,E,0.04928922280669212, 0.06060611107386649
O83746,A,0.060521312057971954, 0.04987472319044173
O83746,I,0.009839651174843311, 0.037591067893016666
O83746,L,0.0033750899601727724, 0.033669722395845585
O83746,R,0.07413941621780396, 0.0451406207608266
O83746,I,0.040608834475278854, 0.05385007008185817
O83746,H,0.027747908607125282, 0.051885040709748864
O83746,A,0.00856405682861805, 0.07014587927713162
O83746,Q,0.1321800947189331, 0.07440801875458823
O83746,N,0.12767426669597626, 0.07154424322976007
O83746,V,0.04283604770898819, 0.0818483651512199
O83746,K,0.17418719828128815, 0.09601277878714932
O83746,L,0.04173434525728226, 0.09768188993136089
O83746,A,0.04836543649435043, 0.09096964200337727
O83746,P,0.13334593176841736, 0.07885598805215624
O83746,E,0.1552276313304901, 0.08694308747847874
O83746,V,0.023586057126522064, 0.0766029962235027
O83746,D,0.07176986336708069, 0.07372728755904569
O83746,L,0.018651381134986877, 0.06990863755345345
O83746,K,0.11561994254589081, 0.0695273300839795
O83746,A,0.0811263769865036, 0.05968576379948192
O83746,V,0.015852967277169228, 0.05812302293876807
O83746,A,0.013997586444020271, 0.05859833024442196
O83746,R,0.12991416454315186, 0.059299340264664754
O83746,I,0.0666535347700119, 0.05220281291339132
O83746,T,0.00952138938009739, 0.05031542190247112
O83746,G,0.0760476291179657, 0.05280730231768555
O83746,G,0.02496047131717205, 0.06190838168064753
O83746,Y,0.05175119638442993, 0.055922437045309276
O83746,S,0.06413985788822174, 0.049388844002452165
O83746,G,0.03827989101409912, 0.05151540465239021
O83746,A,0.0959073007106781, 0.05024747643619776
O83746,D,0.07604066282510757, 0.04867355339229107
O83746,L,0.007851197384297848, 0.0435629707450668
O83746,A,0.02866043522953987, 0.03988570130119721
O83746,N,0.06463627517223358, 0.041920672584739
O83746,V,0.010795163922011852, 0.03210559942656093
O83746,V,0.005755952559411526, 0.026699584391382005
O83746,N,0.031044432893395424, 0.03029712134351333
O83746,E,0.05659463256597519, 0.03319462606062492
O83746,A,0.0075716422870755196, 0.02887525585376554
O83746,A,0.027386527508497238, 0.0379408256461223
O83746,L,0.04022902995347977, 0.05111493822187185
O83746,L,0.05473797768354416, 0.0572140503467785
O83746,A,0.02576194331049919, 0.05865844473656681
O83746,V,0.09238529205322266, 0.07442253662480248
O83746,R,0.12432296574115753, 0.08524283228649034
O83746,S,0.08593644201755524, 0.09230022173788813
O83746,G,0.06959418207406998, 0.08842505907846822
O83746,R,0.1494484692811966, 0.09215454363988505
O83746,A,0.1247691884636879, 0.09485943139427239
O83746,Q,0.10374553501605988, 0.0949284163200193
O83746,V,0.019861513748764992, 0.09059936698112223
O83746,I,0.05932730436325073, 0.0838821233353681
O83746,E,0.11672928184270859, 0.07748981410016616
O83746,T,0.12494383007287979, 0.0788315005807413
O83746,D,0.04697499796748161, 0.06915219614489211
O83746,L,0.009138989262282848, 0.07161418731427854
O83746,D,0.09191768616437912, 0.07873134780675173
O83746,E,0.13684436678886414, 0.07696659500814146
O83746,A,0.016631795093417168, 0.06817943116443025
O83746,V,0.04201943427324295, 0.07685476676043537
O83746,E,0.12338174879550934, 0.08866069817708598
O83746,K,0.10084650665521622, 0.08808575756847858
O83746,T,0.045859355479478836, 0.08295117339326276
O83746,M,0.1250530183315277, 0.0933896472884549
O83746,I,0.11539237201213837, 0.10347755211922857
O83746,G,0.08674322068691254, 0.10439564080701934
O83746,L,0.09063310921192169, 0.10599758269058333
O83746,Q,0.11057806015014648, 0.12727230621708763
O83746,K,0.132810577750206, 0.13344959749115837
O83746,K,0.13164454698562622, 0.13388184044096205
O83746,S,0.11526398360729218, 0.14756761656867134
O83746,R,0.23733186721801758, 0.15353052152527702
O83746,V,0.18064863979816437, 0.15589501129256356
O83746,I,0.1192825585603714, 0.15510372155242497
O83746,R,0.20991520583629608, 0.15400290323628318
O83746,E,0.14429925382137299, 0.15218832592169443
O83746,E,0.1318584680557251, 0.13023322323958078
O83746,E,0.12568897008895874, 0.11260299012064934
O83746,R,0.12173718214035034, 0.10041118019984828
O83746,R,0.09893278777599335, 0.08032564798163043
O83746,I,0.03973594307899475, 0.0750332290513648
O83746,I,0.021976541727781296, 0.0661067654275232
O83746,A,0.009556269273161888, 0.052931338341699705
O83746,Y,0.029145415872335434, 0.040673262232707605
O83746,H,0.09666748344898224, 0.03845551744517353
O83746,E,0.051520295441150665, 0.035595249488121934
O83746,T,0.007110126316547394, 0.034128857466081776
O83746,G,0.011414497159421444, 0.03479809614105357
O83746,H,0.07897308468818665, 0.035148802420331374
O83746,A,0.013993531465530396, 0.03465842010660304
O83746,L,0.008779013529419899, 0.037463543833129935
O83746,A,0.01557941734790802, 0.04086730184240474
O83746,G,0.03230177238583565, 0.052829557615849704
O83746,T,0.09225404262542725, 0.05032379242281119
O83746,F,0.07676640897989273, 0.054980788172947034
O83746,T,0.0377439484000206, 0.06487288077672322
O83746,K,0.11907479912042618, 0.07576263944307964
O83746,G,0.056421197950839996, 0.0754668257302708
O83746,A,0.055906493216753006, 0.07196739398770863
O83746,D,0.09780784696340561, 0.06957742778791322
O83746,K,0.11358724534511566, 0.06673207899762525
O83746,V,0.02963944897055626, 0.05783811480634742
O83746,H,0.060759156942367554, 0.053950735885235995
O83746,K,0.055256713181734085, 0.05498786374098725
O83746,I,0.012135809287428856, 0.05289689637720585
O83746,T,0.03902912139892578, 0.06041575243903531
O83746,I,0.021434787660837173, 0.06731766524414222
O83746,I,0.06524064391851425, 0.07730656924347083
O83746,P,0.07898914068937302, 0.08412709852887525
O83746,R,0.1812569499015808, 0.09098991048004892
O83746,G,0.0917566642165184, 0.0990400260521306
O83746,T,0.15065929293632507, 0.10297210348976983
O83746,S,0.11664147675037384, 0.1045288269718488
O83746,A,0.07390111684799194, 0.10058288648724556
O83746,L,0.11148016154766083, 0.09157228428456518
O83746,G,0.0568234845995903, 0.09144176004661454
O83746,Y,0.07925115525722504, 0.08635420890318023
O83746,T,0.0434756763279438, 0.08976802519626087
O83746,F,0.10016153007745743, 0.1002259101304743
O83746,H,0.09058194607496262, 0.10722268579734696
O83746,I,0.10487133264541626, 0.11899566029508908
O83746,P,0.14736582338809967, 0.1345420533584224
O83746,E,0.16802208125591278, 0.14531024793783823
O83746,D,0.17445114254951477, 0.14400060226519903
O83746,D,0.1627802550792694, 0.14397192166911232
O83746,R,0.21916869282722473, 0.14044836494657728
O83746,H,0.14038942754268646, 0.141927065120803
O83746,I,0.08837471902370453, 0.13268026461203894
O83746,V,0.09032382071018219, 0.12295057127873103
O83746,T,0.07315932214260101, 0.10681480065815979
O83746,E,0.16067412495613098, 0.08672062700821294
O83746,Q,0.08480087667703629, 0.07540242601599959
O83746,Q,0.08688390254974365, 0.07763525740140015
O83746,L,0.017558319494128227, 0.06913939563350545
O83746,L,0.038321129977703094, 0.06339253309286302
O83746,A,0.038525618612766266, 0.047563675687544875
O83746,E,0.10847020149230957, 0.04338103232698308
O83746,V,0.013861064799129963, 0.03562374671714173
O83746,D,0.02143755927681923, 0.03510206451432572
O83746,V,0.018214408308267593, 0.032661896095507674
O83746,L,0.04715708643198013, 0.03993896177659432
O83746,L,0.01706833206117153, 0.030685263271960948
O83746,S,0.012863179668784142, 0.030518281997905836
O83746,G,0.016359614208340645, 0.0316018323517508
O83746,R,0.10401920974254608, 0.037608569487929344
O83746,A,0.025186914950609207, 0.03621639207833343
O83746,A,0.012358233332633972, 0.03898071911599901
O83746,E,0.031189512461423874, 0.044440451388557754
O83746,F,0.07227504253387451, 0.05378717391027345
O83746,V,0.03462748974561691, 0.062347074763642416
O83746,A,0.04194727540016174, 0.07044722967677647
O83746,F,0.06200077012181282, 0.08024557762675816
O83746,G,0.10048011690378189, 0.08476776588294241
O83746,E,0.18105831742286682, 0.08264730663763152
O83746,V,0.09808830916881561, 0.08227498829364777
O83746,S,0.10054336488246918, 0.08546730875968933
O83746,T,0.07188920676708221, 0.08698272084196408
O83746,G,0.05319090932607651, 0.08378891771038373
O83746,A,0.03127662464976311, 0.06753427245550686
O83746,G,0.07067815959453583, 0.0661820996966627
O83746,N,0.07563947886228561, 0.07251613131827778
O83746,D,0.07173588871955872, 0.06621560682025221
O83746,I,0.034766510128974915, 0.06660219923489624
O83746,S,0.08591875433921814, 0.07458481130500634
O83746,R,0.157549649477005, 0.07208105280167526
O83746,A,0.015184486284852028, 0.06591355034874545
O83746,T,0.05667024105787277, 0.06749569521182114
O83746,D,0.10312013328075409, 0.07794905350440079
O83746,I,0.04814433306455612, 0.071919286209676
O83746,V,0.020131956785917282, 0.05659725972347789
O83746,R,0.08597519248723984, 0.05994236365788513
O83746,K,0.12884673476219177, 0.062208485065235034
O83746,M,0.0316508486866951, 0.0632272186792559
O83746,I,0.01965141110122204, 0.061388826825552516
O83746,T,0.045290421694517136, 0.06367404365705119
O83746,D,0.07706533372402191, 0.05803970144026809
O83746,Y,0.11228873580694199, 0.056727486145165235
O83746,G,0.031598806381225586, 0.06809104130499893
O83746,M,0.040698908269405365, 0.07343477507432301
O83746,S,0.03526611253619194, 0.07520299777388573
O83746,E,0.11703679710626602, 0.07524799017442597
O83746,K,0.13392284512519836, 0.06941693069206344
O83746,F,0.06774501502513885, 0.07271511811349127
O83746,Q,0.06120442599058151, 0.07995058803094758
O83746,N,0.07747026532888412, 0.08949042028850979
O83746,V,0.05980920046567917, 0.09668744189871682
O83746,A,0.06128249317407608, 0.10621111343304317
O83746,L,0.10581813752651215, 0.11649547931220797
O83746,T,0.12112460285425186, 0.12536335322591993
O83746,R,0.18180999159812927, 0.12871853096617591
O83746,R,0.21963588893413544, 0.13809793525271946
O83746,G,0.16030430793762207, 0.1384748336341646
O83746,T,0.14101529121398926, 0.1356082575188743
O83746,G,0.10766686499118805, 0.1365507716933886
O83746,Y,0.14422383904457092, 0.13072810653183195
O83746,L,0.06467457860708237, 0.12345749057001537
O83746,A,0.08001895248889923, 0.12058383143610424
O83746,E,0.12960723042488098, 0.11676112065712611
O83746,P,0.12940600514411926, 0.1289601003130277
O83746,Q,0.15420034527778625, 0.12914734499322045
O83746,L,0.13444137573242188, 0.13396327611472872
O83746,A,0.10661089420318604, 0.13254009518358442
O83746,R,0.21745768189430237, 0.13310173650582632
O83746,E,0.14590904116630554, 0.13377289142873552
O83746,Y,0.10801795870065689, 0.12589524520768058
O83746,S,0.06721032410860062, 0.12147301352686352
O83746,E,0.13466200232505798, 0.12463102986415227
O83746,C,0.13544639945030212, 0.11660692675246133
O83746,T,0.08330152928829193, 0.10501233529713419
O83746,Q,0.0946412906050682, 0.10483904721008407
O83746,Q,0.1350330412387848, 0.10982553288340569
O83746,Y,0.14524075388908386, 0.10461046505305502
O83746,V,0.04155771806836128, 0.09461913464797868
O83746,D,0.10645836591720581, 0.09597365599539545
O83746,E,0.11208869516849518, 0.09923017977012528
O83746,E,0.08772639185190201, 0.08947852129737537
O83746,V,0.04552442580461502, 0.07748217549588945
O83746,A,0.09549222141504288, 0.08630379247996542
O83746,R,0.12395000457763672, 0.08445046717921893
O83746,V,0.04726811498403549, 0.07941713308294614
O83746,L,0.03727364167571068, 0.07849811307258076
O83746,A,0.12095227092504501, 0.0879267623855008
O83746,E,0.08977843821048737, 0.08182088368468815
O83746,R,0.0667886883020401, 0.07013940852549341
O83746,Y,0.07945521175861359, 0.07786900425950687
O83746,R,0.13038226962089539, 0.08150686985916561
O83746,A,0.04053931310772896, 0.07152382449971305
O83746,V,0.01881672814488411, 0.0631765497641431
O83746,V,0.11683447659015656, 0.06489933592577775
O83746,A,0.07001443207263947, 0.06388751396702395
O83746,L,0.031104862689971924, 0.05781555072300964
O83746,L,0.01465296559035778, 0.06614163621432251
O83746,T,0.08229376375675201, 0.0830253650330835
O83746,E,0.0703488141298294, 0.07638744575281937
O83746,K,0.07573460042476654, 0.07042851236959298
O83746,K,0.11547408252954483, 0.07773583403064145
O83746,E,0.1707702875137329, 0.09061828876535098
O83746,L,0.05709320306777954, 0.0825910662404365
O83746,L,0.016384031623601913, 0.07868914337207873
O83746,E,0.09687075763940811, 0.0798945686676436
O83746,Y,0.13059505820274353, 0.07717499085184601
O83746,I,0.010048761032521725, 0.05925747659057379
O83746,A,0.03523150831460953, 0.05816585477441549
O83746,T,0.08658342808485031, 0.07676789692292611
O83746,R,0.09099788218736649, 0.08116191077149576
O83746,L,0.009512659162282944, 0.07593803387135267
O83746,L,0.04726860672235489, 0.08082707143492168
O83746,E,0.18380241096019745, 0.07905551377269956
O83746,R,0.13641688227653503, 0.08556462658776177
O83746,E,0.08358016610145569, 0.09148231397072475
O83746,T,0.05405009910464287, 0.10097329277131292
O83746,I,0.019287489354610443, 0.10560349168048964
O83746,E,0.14516544342041016, 0.08808074498342143
O83746,R,0.1442570686340332, 0.08675575442612171
O83746,D,0.0949314683675766, 0.0890887381715907
O83746,E,0.08894039690494537, 0.08762288321223524
O83746,F,0.02609769068658352, 0.08940127636823389
O83746,E,0.12449196726083755, 0.09363175742328167
O83746,E,0.10457701981067657, 0.09399235559006532
O83746,V,0.040857404470443726, 0.09634045076866944
O83746,I,0.03529302775859833, 0.10067003447976378
O83746,R,0.18323977291584015, 0.11684100909365548
O83746,C,0.14750245213508606, 0.11634947690698835
O83746,E,0.11606432497501373, 0.12463210191991594
O83746,H,0.1279066503047943, 0.13611287540859646
O83746,D,0.1716364622116089, 0.14370786398649216
O83746,L,0.12006817758083344, 0.14226365006632274
O83746,E,0.17912064492702484, 0.14273708975977367
O83746,G,0.14418436586856842, 0.14905975510676703
O83746,L,0.10364792495965958, 0.14410710417562062
O83746,K,0.1702418476343155, 0.13899661517805523
O83746,K,0.1517634093761444, 0.139221443898148
O83746,R,0.1729683130979538, 0.13250630017783907
O83746,L,0.08333279192447662, 0.13390607717964384
O83746,S,0.1256420612335205, 0.14082427488432991
O83746,Q,0.1220916360616684, 0.13464745465252134
O83746,Q,0.11868435144424438, 0.12936381581756803
O83746,Q,0.1567823588848114, 0.12521451297733519
O83746,E,0.1659117043018341, 0.12899847742584017
O83746,G,0.11465046554803848, 0.12981329444381925
O83746,A,0.10421065986156464, 0.13125671363539165
O83746,S,0.13562458753585815, 0.14090139584408867
O83746,A,0.11738847196102142, 0.13910691191752753
O83746,P,0.13297541439533234, 0.14008816497193444
O83746,A,0.13508240878582, 0.14404304160012138
O83746,Q,0.2054864913225174, 0.14848201639122433
O83746,G,0.1406320035457611, 0.14895067777898577
O83746,Q,0.17474298179149628, 0.1485400473078092
O83746,S,0.1502443552017212, 0.13376500126388338
O83746,P,0.1441614329814911, 0.1187558447321256
O83746,P,0.13984254002571106, 0.095924012362957
O83746,S,0.11369279772043228, 0.08029823419120577
O66103,M,0.08933918178081512, 0.05207774953709708
O66103,K,0.14358548820018768, 0.057070600903696485
O66103,K,0.10339789092540741, 0.061221647179789014
O66103,N,0.07855387032032013, 0.06365027733974987
O66103,M,0.0538233146071434, 0.06620080769062042
O66103,F,0.04493566229939461, 0.05836064451270633
O66103,I,0.037359416484832764, 0.043757396646671824
O66103,A,0.021857671439647675, 0.03384485840797424
O66103,V,0.022954773157835007, 0.02728001069691446
O66103,V,0.018777713179588318, 0.022998011050124962
O66103,L,0.012156257405877113, 0.01957432335863511
O66103,S,0.014185046777129173, 0.018275324979590044
O66103,V,0.01947024092078209, 0.020596743354366884
O66103,L,0.015285317786037922, 0.021121541141635843
O66103,V,0.014122473075985909, 0.022882030966381233
O66103,L,0.0256684310734272, 0.02913372849838601
O66103,V,0.042750436812639236, 0.03630021866410971
O66103,G,0.027677953243255615, 0.036734801096220814
O66103,A,0.03462212160229683, 0.04379616864025593
O66103,S,0.06842153519392014, 0.062400816215409174
O66103,F,0.07868345826864243, 0.07806433861454327
O66103,L,0.023381482809782028, 0.08410974591970444
O66103,Q,0.07883762568235397, 0.09864617470237944
O66103,E,0.1815643012523651, 0.10824578379591306
O66103,L,0.16664013266563416, 0.1148883414765199
O66103,L,0.09715910255908966, 0.12075348736511336
O66103,Y,0.15850581228733063, 0.13409389472670025
O66103,P,0.12101860344409943, 0.1393779151969486
O66103,S,0.1282045543193817, 0.13377585344844395
O66103,A,0.13146977126598358, 0.13343518641259935
O66103,S,0.14344514906406403, 0.13663949072360992
O66103,S,0.12639380991458893, 0.13235500951608023
O66103,S,0.13114574551582336, 0.1334780537419849
O66103,H,0.16357412934303284, 0.1391799052556356
O66103,S,0.12599784135818481, 0.143313134709994
O66103,A,0.1199454814195633, 0.14084546599123213
O66103,A,0.13112600147724152, 0.14163097739219666
O66103,E,0.17952121794223785, 0.14168061481581795
O66103,H,0.16866883635520935, 0.13491628070672354
O66103,T,0.12123613059520721, 0.13687871230973137
O66103,L,0.13346341252326965, 0.13799749811490378
O66103,S,0.13159248232841492, 0.14382824467288124
O66103,A,0.10269512236118317, 0.14478707313537598
O66103,V,0.14365972578525543, 0.1425610234340032
O66103,P,0.1300145536661148, 0.14978862471050686
O66103,E,0.1836027204990387, 0.15067052178912693
O66103,E,0.18815067410469055, 0.15403309133317736
O66103,T,0.1486343890428543, 0.15819028516610464
O66103,R,0.18628454208374023, 0.155414916574955
O66103,T,0.14140048623085022, 0.16196495046218237
O66103,Q,0.16185560822486877, 0.1577585678961542
O66103,S,0.1401098668575287, 0.1532592268453704
O66103,A,0.1186814084649086, 0.153204915424188
O66103,H,0.1889648586511612, 0.14692821519242394
O66103,G,0.14574527740478516, 0.1513463200794326
O66103,G,0.1476566046476364, 0.14887837651703092
O66103,A,0.14814558625221252, 0.15645351757605871
O66103,A,0.12979423999786377, 0.16710879570908016
O66103,D,0.18116343021392822, 0.16525134609805214
O66103,T,0.13964411616325378, 0.1656773785750071
O66103,Q,0.2082861363887787, 0.1693108214272393
O66103,E,0.21457891166210175, 0.1690905143817266
O66103,T,0.17224781215190887, 0.1692583461602529
O66103,T,0.14957956969738007, 0.16056115594175127
O66103,Q,0.18035759031772614, 0.16224713457955253
O66103,P,0.14616282284259796, 0.15154426130983564
O66103,A,0.13130472600460052, 0.1439869999885559
O66103,A,0.10288871824741364, 0.136785336666637
O66103,H,0.15481792390346527, 0.13495545254813301
O66103,P,0.1119602769613266, 0.12593590219815573
O66103,S,0.1465635597705841, 0.11939483549859789
O66103,G,0.10743284225463867, 0.11607731547620562
O66103,Q,0.13311061263084412, 0.11472076260381275
O66103,V,0.0991816371679306, 0.10685228639178806
O66103,L,0.08729322254657745, 0.10831972459952037
O66103,V,0.10144704580307007, 0.10260769724845886
O66103,F,0.09067974239587784, 0.10694161885314518
O66103,P,0.08400163799524307, 0.10428206043110953
O66103,E,0.12516722083091736, 0.1082762951652209
O66103,S,0.09515531361103058, 0.11624480866723591
O66103,E,0.1464381366968155, 0.11797229862875408
O66103,T,0.10917458683252335, 0.12408550249205695
O66103,E,0.13512974977493286, 0.13067301197184455
O66103,E,0.15900984406471252, 0.13091885464058983
O66103,R,0.1169944554567337, 0.1303373235795233
O66103,V,0.14569857716560364, 0.12087355802456538
O66103,E,0.1432892233133316, 0.11690070480108261
O66103,R,0.12737980484962463, 0.10528118225435416
O66103,T,0.08992153406143188, 0.10186717555754715
O66103,Y,0.061264246702194214, 0.0942336931410763
O66103,V,0.07341890782117844, 0.08973932079970837
O66103,V,0.030554046854376793, 0.08409158533646001
O66103,R,0.1282837837934494, 0.0728980251070526
O66103,T,0.048293113708496094, 0.0719910336451398
O66103,P,0.10524922609329224, 0.06609961349103186
O66103,L,0.09245960414409637, 0.0636357350481881
O66103,V,0.026637762784957886, 0.061556706205010414
O66103,Q,0.08175861090421677, 0.05332791039513217
O66103,V,0.00824146531522274, 0.05473895433048407
O66103,T,0.05124400183558464, 0.054850413360529475
O66103,F,0.011842787265777588, 0.04775315419667297
O66103,T,0.05422462150454521, 0.04620339141951667
O66103,N,0.06099250912666321, 0.04119300925069385
O66103,R,0.10625235736370087, 0.04171276640974813
O66103,G,0.028584271669387817, 0.04641053008122577
O66103,G,0.012689897790551186, 0.05032656931628784
O66103,D,0.0366651713848114, 0.046251311173869505
O66103,I,0.012919279746711254, 0.04807984590944317
O66103,L,0.09352387487888336, 0.039716733102169305
O66103,S,0.04708714038133621, 0.05418142107211881
O66103,Y,0.017547298222780228, 0.06463864186985625
O66103,Q,0.07744932174682617, 0.07045340444892645
O66103,L,0.030984342098236084, 0.08760285915599929
O66103,R,0.1587664633989334, 0.08637708301345508
O66103,E,0.10680488497018814, 0.10214282365308867
O66103,H,0.08899803459644318, 0.1294461198978954
O66103,Y,0.16726437211036682, 0.1524172532889578
O66103,A,0.08249188959598541, 0.178424634039402
O66103,A,0.18897880613803864, 0.18275733374887043
O66103,Q,0.26327696442604065, 0.19389707181188795
O66103,R,0.28418952226638794, 0.1912503863374392
O66103,R,0.2650507688522339, 0.1838198784324858
O66103,E,0.19776076078414917, 0.1796437961359819
O66103,Y,0.2070625275373459, 0.16468940882219207
O66103,V,0.06517786532640457, 0.14949522953894404
O66103,E,0.10038980096578598, 0.1367457579407427
O66103,M,0.04490714892745018, 0.12239642151527935
O66103,V,0.05438932031393051, 0.12137403297755453
O66103,E,0.12652935087680817, 0.11432546418574122
O66103,Q,0.169444277882576, 0.12514885059661335
O66103,A,0.13590674102306366, 0.12514368651641739
O66103,R,0.18855926394462585, 0.13303190221389136
O66103,P,0.143625408411026, 0.13255034925209153
O66103,D,0.16258834302425385, 0.12312173346678416
O66103,H,0.10034332424402237, 0.10924890182084507
O66103,R,0.11590109020471573, 0.09712543462713559
O66103,A,0.05005534365773201, 0.08167193333307902
O66103,F,0.04167180880904198, 0.0714070921142896
O66103,S,0.04458879306912422, 0.06173425747288598
O66103,L,0.026795536279678345, 0.06275530490610334
O66103,A,0.049477752298116684, 0.0643844645884302
O66103,L,0.051241837441921234, 0.07416251177589099
O66103,G,0.07553283125162125, 0.07525902779565917
O66103,D,0.10953275114297867, 0.07991594407293531
O66103,E,0.13056352734565735, 0.08417474147346285
O66103,Y,0.13805776834487915, 0.08871953644686276
O66103,A,0.05154045298695564, 0.09584598864118259
O66103,P,0.08650103956460953, 0.09147932918535338
O66103,N,0.06512471288442612, 0.08738856721255514
O66103,V,0.09038090705871582, 0.07692840157283677
O66103,N,0.11537990719079971, 0.07222187146544456
O66103,A,0.03623289614915848, 0.07363308221101761
O66103,L,0.0727158933877945, 0.07958021263281505
O66103,F,0.036422036588191986, 0.08487797694073783
O66103,Q,0.0956989973783493, 0.08868737767140071
O66103,V,0.06424134969711304, 0.09192170533869001
O66103,K,0.14002521336078644, 0.09448571751515071
O66103,Q,0.1128045916557312, 0.1014249896009763
O66103,E,0.1246655136346817, 0.11914148098892635
O66103,I,0.1444888561964035, 0.1178426444530487
O66103,G,0.05930900573730469, 0.12152934239970313
O66103,A,0.13516934216022491, 0.11339574886692895
O66103,R,0.19587045907974243, 0.10831565409898758
O66103,G,0.08400946855545044, 0.0972670850654443
O66103,V,0.09742163121700287, 0.08706538089447552
O66103,H,0.06682287156581879, 0.08253969790207015
O66103,S,0.06708373874425888, 0.07906287949946192
O66103,I,0.025228392332792282, 0.06492920592427254
O66103,G,0.052673518657684326, 0.06785245198342535
O66103,F,0.018577858805656433, 0.06094821335540877
O66103,Y,0.1038779765367508, 0.06588072619504398
O66103,R,0.06866739690303802, 0.06501188750068347
O66103,S,0.11031868308782578, 0.0848408763607343
O66103,V,0.03528348356485367, 0.09351462042993969
O66103,A,0.1112154871225357, 0.10911865615182453
O66103,T,0.05926419049501419, 0.12189538031816483
O66103,Q,0.20368929207324982, 0.13538967818021774
O66103,H,0.13073721528053284, 0.15416949656274584
O66103,A,0.15901418030261993, 0.18075431303845513
O66103,D,0.21886849403381348, 0.1845460774170028
O66103,G,0.19011607766151428, 0.1911550843053394
O66103,T,0.2793370485305786, 0.17273271497752932
O66103,R,0.2745468318462372, 0.16491008467144436
O66103,T,0.14534136652946472, 0.14905204437673092
O66103,P,0.11874525249004364, 0.1309564902136723
O66103,F,0.03788796812295914, 0.11244563489324516
O66103,V,0.06033354252576828, 0.09090066100988123
O66103,L,0.016291817650198936, 0.06139501608494255
O66103,A,0.05600850656628609, 0.048510347906914025
O66103,K,0.023518379777669907, 0.03892421194662651
O66103,R,0.08543228358030319, 0.04631189060293966
O66103,Y,0.008996027521789074, 0.04920485087980827
O66103,V,0.029379352927207947, 0.06313615447531144
O66103,F,0.03247002884745598, 0.0679399539820022
O66103,Y,0.10437707602977753, 0.0751907087655531
O66103,P,0.08637018501758575, 0.06993595376196834
O66103,D,0.14167355000972748, 0.07102645561099052
O66103,N,0.09924270212650299, 0.07505782900585069
O66103,Y,0.08877517282962799, 0.07308485959139135
O66103,M,0.03813948854804039, 0.07175309645632903
O66103,F,0.018810544162988663, 0.06403672612375683
O66103,E,0.0656617134809494, 0.05473883036110136
O66103,L,0.014713304117321968, 0.04583582799467775
O66103,H,0.09239120781421661, 0.04560137974719206
O66103,V,0.016922852024435997, 0.046065101813938886
O66103,S,0.05799248814582825, 0.05839441985719734
O66103,L,0.01911568082869053, 0.06408300933738549
O66103,S,0.08666513860225677, 0.07400716924005085
O66103,A,0.04231298714876175, 0.08225570536322063
O66103,D,0.12977440655231476, 0.09995865676965979
O66103,V,0.11685901880264282, 0.11520793723563354
O66103,L,0.10403074324131012, 0.13721478399303225
O66103,E,0.16662803292274475, 0.14888734039333132
O66103,E,0.1762494146823883, 0.15999538368648952
O66103,R,0.19523601233959198, 0.17014897366364798
O66103,E,0.21717730164527893, 0.17888793680402967
O66103,D,0.19171814620494843, 0.17834192679988015
O66103,S,0.14228537678718567, 0.16729231344328988
O66103,R,0.22115671634674072, 0.16279372572898865
O66103,Q,0.19550968706607819, 0.14607474870151943
O66103,G,0.09911665320396423, 0.13654219773080614
O66103,A,0.06718151271343231, 0.11864231588939826
O66103,K,0.13576212525367737, 0.11268948246207502
O66103,V,0.04476521909236908, 0.09181881551113394
O66103,R,0.13138434290885925, 0.08154527615341875
O66103,A,0.03061920963227749, 0.0774056561705139
O66103,V,0.08870987594127655, 0.08036163594159815
O66103,A,0.03332071378827095, 0.07281682040128443
O66103,E,0.10304783284664154, 0.07707361525131597
O66103,T,0.06186007335782051, 0.07280267837146918
O66103,N,0.09378533065319061, 0.07839828729629517
O66103,A,0.06785878539085388, 0.07854469534423617
O66103,G,0.0830763727426529, 0.0850712578329775
O66103,P,0.09294591099023819, 0.08463803802927335
O66103,A,0.08097968995571136, 0.09623788793881734
O66103,T,0.09002754837274551, 0.09708192944526672
O66103,T,0.09205977618694305, 0.11944293975830078
O66103,V,0.09914885461330414, 0.12530112432108986
O66103,L,0.16625872254371643, 0.1373185987273852
O66103,A,0.10138170421123505, 0.14284172736936146
O66103,R,0.2691078782081604, 0.15105627642737496
O66103,A,0.13580003380775452, 0.16024188697338104
O66103,N,0.20110318064689636, 0.16889557407961953
O66103,G,0.13068784773349762, 0.1605659317639139
O66103,F,0.16395848989486694, 0.16488556481069988
O66103,D,0.17473027110099792, 0.14188866689801216
O66103,F,0.17703203856945038, 0.1389517266717222
O66103,G,0.09129194170236588, 0.1298041074640221
O66103,T,0.14025840163230896, 0.12735794029302067
O66103,A,0.06213579699397087, 0.12423924812012249
O66103,S,0.10936757177114487, 0.12714446460207304
O66103,Y,0.11877460777759552, 0.12615009852581555
O66103,T,0.10867234319448471, 0.1375920188923677
O66103,L,0.13589026033878326, 0.14348178232709566
O66103,R,0.20087721943855286, 0.1660049623913235
O66103,T,0.16808274388313293, 0.18101808345980114
O66103,P,0.19426922500133514, 0.19149725221925312
O66103,P,0.19326627254486084, 0.20141025384267172
O66103,E,0.2648444175720215, 0.21355226470364463
O66103,I,0.24448566138744354, 0.22349050806628334
O66103,G,0.21308712661266327, 0.22682153516345555
O66103,P,0.19788935780525208, 0.2218919446070989
O66103,E,0.24516835808753967, 0.2204497539334827
O66103,R,0.290321409702301, 0.21758561001883614
O66103,N,0.1980619877576828, 0.212110365430514
O66103,A,0.14990290999412537, 0.20873041616545784
O66103,A,0.18028655648231506, 0.20673929651578268
O66103,D,0.23906712234020233, 0.19494451748000252
O66103,K,0.19520846009254456, 0.1777523027526008
O66103,Y,0.1826675832271576, 0.16287530461947122
O66103,E,0.17996928095817566, 0.15670188102457258
O66103,F,0.1390153467655182, 0.1450101774599817
O66103,R,0.13559147715568542, 0.12775855345858467
O66103,T,0.0641690045595169, 0.117213427192635
O66103,F,0.09434209764003754, 0.11098043703370625
O66103,M,0.07506122440099716, 0.10352934565809038
O66103,V,0.08380250632762909, 0.10505632228321499
O66103,G,0.1003023236989975, 0.11387898690170711
O66103,A,0.1265706717967987, 0.121128734615114
O66103,G,0.1129094585776329, 0.13002398941251966
O66103,G,0.1527581363916397, 0.135994763010078
O66103,K,0.21499545872211456, 0.14438101069794762
O66103,A,0.12941673398017883, 0.1460508480668068
O66103,K,0.17439939081668854, 0.14409014168712828
O66103,T,0.12879818677902222, 0.15369262629085118
O66103,Y,0.1592787355184555, 0.15464956561724344
O66103,A,0.11533086001873016, 0.1567748785018921
O66103,L,0.10892431437969208, 0.15873204999499851
O66103,K,0.19933182001113892, 0.16438884370856816
O66103,G,0.16137059032917023, 0.17266611258188883
O66103,D,0.23412327468395233, 0.1706850247250663
O66103,G,0.1470312774181366, 0.1695309786332978
O66103,R,0.2253105342388153, 0.17438767436477873
O66103,E,0.2032936066389084, 0.16136350482702255
O66103,Q,0.1414489448070526, 0.1533814561035898
O66103,V,0.10494444519281387, 0.13304627686738968
O66103,D,0.15263457596302032, 0.12353731526268853
O66103,T,0.08211429417133331, 0.10365299301015006
O66103,P,0.08953215181827545, 0.08286397117707464
O66103,V,0.051106661558151245, 0.0700677993396918
O66103,S,0.06145062297582626, 0.06071886089113024
O66103,W,0.046351633965969086, 0.05339644021458096
O66103,A,0.01619241014122963, 0.054130426711506315
O66103,S,0.026283398270606995, 0.0683075404829449
O66103,V,0.02080399915575981, 0.08348114291826884
O66103,S,0.08673278987407684, 0.0822537491718928
O66103,G,0.0887201726436615, 0.08112375976310836
O66103,K,0.21712617576122284, 0.08226703500582112
O66103,Y,0.1876690834760666, 0.0824256855994463
O66103,F,0.050404079258441925, 0.08199154937432872
O66103,A,0.0361817292869091, 0.07817114496396647
O66103,L,0.026481887325644493, 0.07444269437756804
O66103,I,0.027711253613233566, 0.05845646539496051
O66103,V,0.016896773129701614, 0.05057908408343792
O66103,L,0.05234915018081665, 0.05472713108691904
O66103,P,0.055164117366075516, 0.06321859214868811
O66103,N,0.07325011491775513, 0.06795670216282208
O66103,D,0.11677265167236328, 0.07517300297816594
O66103,A,0.08773650228977203, 0.08261080955465634
O66103,D,0.11260487884283066, 0.08745693705148166
O66103,S,0.06912487745285034, 0.08562453877594736
O66103,L,0.09265796095132828, 0.08349976771407658
O66103,K,0.08383703231811523, 0.07588337610165279
O66103,R,0.09596429765224457, 0.07586213366852866
O66103,L,0.03867253288626671, 0.0747415026028951
O66103,V,0.054127175360918045, 0.08385667204856873
O66103,L,0.048225127160549164, 0.09522268589999941
O66103,S,0.08754532039165497, 0.10494392696354124
O66103,A,0.1025191992521286, 0.12404992265833749
O66103,P,0.15116140246391296, 0.13685222756531504
O66103,Q,0.1949520856142044, 0.14337894982761806
O66103,A,0.17132820188999176, 0.1483651010526551
O66103,E,0.26791825890541077, 0.14973124944501454
O66103,T,0.15389327704906464, 0.14227665381299126
O66103,A,0.11286767572164536, 0.13423439032501644
O66103,V,0.09310048818588257, 0.11544859347244103
O66103,Q,0.09984065592288971, 0.10048213994337453
O66103,H,0.03542783856391907, 0.07638043806784683
O66103,H,0.07878103107213974, 0.06645608175959852
O66103,I,0.025879913941025734, 0.06528044222957557
O66103,A,0.03663012012839317, 0.07006536734600861
O66103,F,0.05100294202566147, 0.06665500149958664
O66103,V,0.06457407027482986, 0.07154019156263934
O66103,R,0.1022869199514389, 0.07133294786843988
O66103,R,0.1361648142337799, 0.08281617073549165
O66103,A,0.06914736330509186, 0.09177380137973362
O66103,V,0.07939454913139343, 0.09658305760886934
O66103,A,0.07691583782434464, 0.09799091849062178
O66103,Q,0.12922891974449158, 0.09388145473268297
O66103,P,0.11724879592657089, 0.08347099274396896
O66103,A,0.094286248087883, 0.08099389490154055
O66103,V,0.0772448182106018, 0.07498527442415555
O66103,A,0.06530174612998962, 0.07364335945910877
O66103,D,0.04247065633535385, 0.06029720252586736
O66103,V,0.046853482723236084, 0.05225211154255602
O66103,Y,0.025316964834928513, 0.04365939853919877
O66103,R,0.06483860313892365, 0.03884117636415693
O66103,V,0.009113507345318794, 0.038463292022546135
O66103,Y,0.044842977076768875, 0.04377858671877119
O66103,I,0.016951831057667732, 0.044627791891495384
O66103,G,0.033880818635225296, 0.054018742508358426
O66103,P,0.0619007870554924, 0.058530563281642065
O66103,C,0.0903083086013794, 0.06692144005662864
O66103,A,0.05449632927775383, 0.06433213998874028
O66103,E,0.10983552038669586, 0.0763038709345791
O66103,Q,0.10544499009847641, 0.08362923500438531
O66103,Y,0.08463139832019806, 0.08580709269477262
O66103,L,0.021539276465773582, 0.08783089721368419
O66103,S,0.12469740957021713, 0.09575863824122482
O66103,A,0.09980909526348114, 0.09436077438294888
O66103,Y,0.08150150626897812, 0.09869558922946453
O66103,N,0.10852254927158356, 0.11596927688353592
O66103,V,0.1258459985256195, 0.13588236520687738
O66103,A,0.09725474566221237, 0.1402498036623001
O66103,S,0.1444583237171173, 0.14948898553848267
O66103,R,0.24009458720684052, 0.15038122981786728
O66103,N,0.20075707137584686, 0.15018393927150303
O66103,P,0.1640043556690216, 0.14889849722385406
O66103,Y,0.18296173214912415, 0.16019608825445175
O66103,G,0.08953170478343964, 0.15434347755379146
O66103,L,0.10674693435430527, 0.1478600369559394
O66103,E,0.11427702009677887, 0.1348572572072347
O66103,R,0.19893306493759155, 0.1411124202940199
O66103,T,0.09178482741117477, 0.1417324576112959
O66103,Y,0.18174362182617188, 0.1442442370785607
O66103,I,0.08373205363750458, 0.1417229308022393
O66103,D,0.2203008234500885, 0.1550011717610889
O66103,A,0.18854206800460815, 0.15130059089925554
O66103,V,0.11213771998882294, 0.15757056325674057
O66103,A,0.08405517786741257, 0.15216792871554694
O66103,V,0.23378118872642517, 0.15257135447528627
O66103,S,0.1656278371810913, 0.13515765219926834
O66103,G,0.14821457862854004, 0.1341542113158438
O66103,G,0.13311991095542908, 0.133389869497882
O66103,I,0.08736288547515869, 0.12782669274343383
O66103,L,0.06357750296592712, 0.10824885757433043
O66103,Y,0.17951110005378723, 0.10421481687161657
O66103,P,0.10525864362716675, 0.09039316284987661
O66103,L,0.03398658707737923, 0.07791308561960857
O66103,E,0.057580672204494476, 0.07848805354701148
O66103,V,0.12932147085666656, 0.08128336485889223
O66103,L,0.0238196924328804, 0.06254701254268487
O66103,L,0.020799215883016586, 0.05219817068427801
O66103,K,0.09253759682178497, 0.06674841242945856
O66103,W,0.08873530477285385, 0.06457650816688935
O66103,L,0.010883929207921028, 0.05124830382151736
O66103,L,0.012119066901504993, 0.06343827406979269
O66103,R,0.1649387627840042, 0.07197230443772343
O66103,L,0.038033533841371536, 0.06561869020677275
O66103,F,0.009367631748318672, 0.05786945391446352
O66103,Y,0.1335294246673584, 0.06732332075221671
O66103,T,0.09760548919439316, 0.0701715447422531
O66103,L,0.03535506874322891, 0.06083962797290749
O66103,I,0.01899217814207077, 0.058819893954528704
O66103,P,0.09596873074769974, 0.05922459024522039
O66103,N,0.03775308281183243, 0.04732452415757709
O66103,W,0.0809515118598938, 0.03859975706371996
O66103,G,0.019855927675962448, 0.03629420780473285
O66103,V,0.013009898364543915, 0.03485538406918446
O66103,A,0.02642882987856865, 0.02534060852809085
O66103,I,0.019082585349678993, 0.02513371252765258
O66103,I,0.014605125412344933, 0.017369611292249627
O66103,L,0.006042764522135258, 0.01610278348541922
O66103,V,0.010335750877857208, 0.01699002594169643
O66103,T,0.03589101880788803, 0.02218888337827391
O66103,I,0.011074600741267204, 0.020885136547601886
O66103,A,0.008454477414488792, 0.020028886074821155
O66103,I,0.02099508047103882, 0.022340975391368072
O66103,K,0.07321854680776596, 0.027619694359600544
O66103,V,0.007348863873630762, 0.0300297514638967
O66103,L,0.006898871157318354, 0.031173944162825745
O66103,F,0.02685156837105751, 0.03905078096108304
O66103,F,0.05784422159194946, 0.04431135693771972
O66103,P,0.05758153274655342, 0.05139797915601068
O66103,L,0.02137233503162861, 0.058275770861655474
O66103,T,0.07934600859880447, 0.06616988053752317
O66103,K,0.06834026426076889, 0.07055536140170363
O66103,R,0.13699814677238464, 0.07194032002654341
O66103,S,0.0692489892244339, 0.0838963341795736
O66103,F,0.07794585824012756, 0.09225188361273871
O66103,I,0.06632089614868164, 0.09191465791728762
O66103,A,0.07030884921550751, 0.09484608968098958
O66103,M,0.16518566012382507, 0.09470292429129283
O66103,Q,0.09657227993011475, 0.1055243346426222
O66103,K,0.07631097733974457, 0.10152807086706161
O66103,M,0.09472315013408661, 0.11355694052245882
O66103,Q,0.13570965826511383, 0.12128052529361513
O66103,E,0.16664168238639832, 0.1207431596186426
O66103,L,0.041979484260082245, 0.11967795424991184
O66103,Q,0.17458072304725647, 0.13735212716791365
O66103,P,0.1398211121559143, 0.15182896786265904
O66103,H,0.16034936904907227, 0.14274959017833075
O66103,M,0.08698543161153793, 0.14959083745876947
O66103,Q,0.23537853360176086, 0.173394532667266
O66103,R,0.22501471638679504, 0.17630585034688315
O66103,I,0.05399525910615921, 0.1703550707962778
O66103,Q,0.22821290791034698, 0.18653210914797252
O66103,E,0.2562127411365509, 0.20116798910829756
O66103,R,0.20078258216381073, 0.19535060889191097
O66103,Y,0.08626409620046616, 0.20433257520198822
O66103,K,0.30594271421432495, 0.22929793347915015
O66103,G,0.2187083512544632, 0.2216325592663553
O66103,N,0.18302211165428162, 0.2065222594473097
O66103,T,0.30585241317749023, 0.20755119952890608
O66103,Q,0.27868348360061646, 0.21308900829818514
O66103,K,0.15922453999519348, 0.18906264586581123
O66103,I,0.12022004276514053, 0.17397931714852652
O66103,H,0.2100430428981781, 0.1676553322209252
O66103,E,0.13610437512397766, 0.14697285658783382
O66103,E,0.0897054523229599, 0.1210571750998497
O66103,M,0.0829583927989006, 0.1136859663658672
O66103,A,0.12610624730587006, 0.12561052375369602
O66103,K,0.11971013247966766, 0.12004309230380589
O66103,L,0.04544235020875931, 0.11147086943189304
O66103,Y,0.09288366138935089, 0.11357492829362552
O66103,R,0.22754105925559998, 0.11151540072427855
O66103,E,0.15993615984916687, 0.10927979606721136
O66103,A,0.05895436927676201, 0.1076482811735736
O66103,Q,0.10864198207855225, 0.10718143441610867
O66103,Y,0.06442264467477798, 0.10224380468328793
O66103,N,0.10598580539226532, 0.08136507330669297
O66103,P,0.1050264984369278, 0.06567705608904362
O66103,L,0.04124072939157486, 0.06103798933327198
O66103,S,0.048444993793964386, 0.05585876169304053
O66103,G,0.03963247686624527, 0.0520931463688612
O66103,C,0.018744004890322685, 0.04114395814637343
O66103,L,0.017202768474817276, 0.030345052687658206
O66103,P,0.06202893331646919, 0.032134686700171895
O66103,T,0.030532106757164, 0.03152286530368858
O66103,L,0.007443111389875412, 0.02978796325623989
O66103,V,0.007836349308490753, 0.02861721668806341
O66103,Q,0.057347435504198074, 0.029373189848330285
O66103,M,0.04293860122561455, 0.025661148958735995
O66103,P,0.024018358439207077, 0.023596579519410927
O66103,I,0.008207285776734352, 0.024644167990320258
O66103,I,0.024006526917219162, 0.030880205436713166
O66103,F,0.028620565310120583, 0.034824337913758226
O66103,A,0.011950981803238392, 0.03193414428581794
O66103,M,0.016871407628059387, 0.031731971332596406
O66103,Y,0.06396068632602692, 0.04825457982305023
O66103,R,0.09284462779760361, 0.05874079145077202
O66103,L,0.016926858574151993, 0.0623667160463002
O66103,F,0.02219880186021328, 0.06922430772748259
O66103,N,0.1569107621908188, 0.07866479187375969
O66103,N,0.11838243156671524, 0.07448838671876325
O66103,Y,0.06125388666987419, 0.07417861392928495
O66103,F,0.07366930693387985, 0.08288999957342942
O66103,E,0.10183576494455338, 0.08397375295559566
O66103,F,0.026373039931058884, 0.07957636647754246
O66103,R,0.09005667269229889, 0.07009979544414414
O66103,G,0.09532932937145233, 0.06661788788106707
O66103,A,0.03195258229970932, 0.06922231117884318
O66103,M,0.11733428388834, 0.06719591137435701
O66103,F,0.03309329226613045, 0.0770773519244459
O66103,I,0.02991671860218048, 0.07244692121942838
O66103,P,0.0971091166138649, 0.07511291528741519
O66103,Y,0.08359816670417786, 0.07996059333284695
O66103,W,0.11530600488185883, 0.0697481677763992
O66103,I,0.048382796347141266, 0.0729000142051114
O66103,P,0.11932327598333359, 0.08885621569222873
O66103,D,0.07558168470859528, 0.08347241870231098
O66103,L,0.02542245388031006, 0.08519878114263217
O66103,S,0.06145991012454033, 0.08307707433899243
O66103,L,0.17352253198623657, 0.08513752743601799
O66103,A,0.0486549437046051, 0.0837187406917413
O66103,D,0.09913542866706848, 0.09333627960748142
O66103,S,0.09621064364910126, 0.1011919846965207
O66103,V,0.06692687422037125, 0.11680916862355338
O66103,W,0.10655419528484344, 0.11763143787781398
O66103,T,0.16213953495025635, 0.12406934714979595
O66103,L,0.09612379968166351, 0.12010832793182796
O66103,P,0.20201456546783447, 0.1220399257209566
O66103,F,0.1809229552745819, 0.11991344061162737
O66103,A,0.10659612715244293, 0.11745539887083901
O66103,L,0.0634862557053566, 0.11388411041763094
O66103,P,0.11359502375125885, 0.11909484614928563
O66103,V,0.047788508236408234, 0.10622924814621608
O66103,T,0.08443181961774826, 0.10444997830523385
O66103,Q,0.12999793887138367, 0.09753796623812781
O66103,W,0.1430204212665558, 0.1018379893567827
O66103,T,0.08622418344020844, 0.09160187840461731
O66103,Q,0.16490952670574188, 0.09078241719139947
O66103,M,0.04438801854848862, 0.09232735137144725
O66103,R,0.10218646377325058, 0.08077353942725393
O66103,M,0.021470025181770325, 0.06686204009585911
O66103,L,0.04041335731744766, 0.0721272544728385
O66103,P,0.09833622723817825, 0.06613929155800077
O66103,V,0.026013631373643875, 0.06247789619697465
O66103,L,0.017816927284002304, 0.05586423310968611
O66103,Y,0.13361111283302307, 0.07493544783857134
O66103,V,0.1110178604722023, 0.07498882090051968
O66103,V,0.011435460299253464, 0.06611287055744065
O66103,S,0.04266349598765373, 0.07408314198255539
O66103,Q,0.19311095774173737, 0.08371875476506022
O66103,I,0.040893714874982834, 0.07964826168285476
O66103,M,0.01845267415046692, 0.07358822019563781
O66103,F,0.09774607419967651, 0.08276849653985766
O66103,S,0.10453744232654572, 0.09217863819665378
O66103,K,0.09697667509317398, 0.08821297561128934
O66103,L,0.056477487087249756, 0.10770583897829056
O66103,T,0.09405794739723206, 0.12459373556905323
O66103,Q,0.12735477089881897, 0.13704544719722536
O66103,V,0.15741999447345734, 0.14986888815959296
O66103,P,0.21632948517799377, 0.16705184015962812
O66103,H,0.17044374346733093, 0.17896650731563568
O66103,T,0.2098114788532257, 0.19349481827682918
O66103,E,0.219948410987854, 0.19083612163861594
O66103,Q,0.2516232430934906, 0.18365806341171265
O66103,Q,0.16370949149131775, 0.17163700610399246
O66103,K,0.22481274604797363, 0.16064151376485825
O66103,T,0.1034265011548996, 0.14209411583013004
O66103,S,0.09281747043132782, 0.12504890768064392
O66103,M,0.10813996940851212, 0.10343458255132039
O66103,T,0.07148431241512299, 0.08975406943096055
O66103,I,0.04288489744067192, 0.06744210090902117
O66103,M,0.06654153764247894, 0.06145578664210108
O66103,T,0.05709431692957878, 0.05626553504003419
O66103,Y,0.04058487340807915, 0.045495396893885404
O66103,V,0.02400502935051918, 0.04035740262932248
O66103,M,0.04954967275261879, 0.040085053692261376
O66103,P,0.04610520601272583, 0.03780354269676738
O66103,L,0.011208726093173027, 0.035135784910784826
O66103,F,0.025242364034056664, 0.03722672536969185
O66103,F,0.04043375700712204, 0.04299392302831014
O66103,F,0.04600793868303299, 0.046212274581193924
O66103,F,0.03308449685573578, 0.05502255799041854
O66103,F,0.05940333753824234, 0.0616489357004563
O66103,F,0.0759098082780838, 0.06585240529643165
O66103,Y,0.07851483672857285, 0.06446738582518366
O66103,D,0.12539775669574738, 0.06155132005612055
O66103,A,0.07084612548351288, 0.06463468530111843
O66103,P,0.06307359039783478, 0.06515721024738418
O66103,S,0.02796858176589012, 0.058491853376229606
O66103,G,0.019763346761465073, 0.053290999597973294
O66103,L,0.06083478406071663, 0.04810527960459391
O66103,L,0.0641060620546341, 0.042028345788518585
O66103,V,0.015921596437692642, 0.0356540320855048
O66103,Y,0.03170715272426605, 0.03748925164755848
O66103,W,0.07872627675533295, 0.03964093875967794
O66103,T,0.016153721138834953, 0.03401232076187929
O66103,A,0.005704767070710659, 0.027481701587223344
O66103,M,0.044485557824373245, 0.03241999649132291
O66103,N,0.03912853077054024, 0.030409605294052098
O66103,G,0.010177222080528736, 0.022930877645396523
O66103,V,0.005330489482730627, 0.02530400946529375
O66103,T,0.060366250574588776, 0.03275554384001427
O66103,L,0.013613631948828697, 0.032032083771708936
O66103,V,0.011417727917432785, 0.0326468618069258
O66103,Q,0.037511907517910004, 0.03893139539286494
O66103,Q,0.07276857644319534, 0.0565003560235103
O66103,L,0.037974417209625244, 0.06404501179026233
O66103,V,0.04466153308749199, 0.07702574216657215
O66103,M,0.06673802435398102, 0.08976984976066484
O66103,K,0.16345113515853882, 0.10552966139382786
O66103,R,0.12826815247535706, 0.11815065269668897
O66103,T,0.13044020533561707, 0.13690925762057304
O66103,A,0.12611469626426697, 0.15181946092181736
O66103,N,0.17935021221637726, 0.16089890566137102
O66103,K,0.1863574981689453, 0.14273766842153338
O66103,N,0.2068018615245819, 0.12848565147982705
O66103,K,0.1788533627986908, 0.11399229533142513
O66103,T,0.148453027009964, 0.09997955130206214
O83319,M,0.11952652037143707, 0.08557721724112828
O83319,R,0.22268426418304443, 0.09762770682573318
O83319,E,0.17550897598266602, 0.1013548576997386
O83319,F,0.15279987454414368, 0.10267264623608854
O83319,C,0.09967532008886337, 0.10467089629835552
O83319,P,0.10845440626144409, 0.09296244496686591
O83319,L,0.03354435786604881, 0.07354848449014956
O83319,I,0.011860096827149391, 0.05993926266415252
O83319,G,0.01798425056040287, 0.061959474347531796
O83319,V,0.014150458388030529, 0.06301507509003083
O83319,I,0.0479586198925972, 0.059682609202961125
O83319,G,0.0530259795486927, 0.05924223270267248
O83319,R,0.1709817796945572, 0.06188951774189869
O83319,S,0.10917572677135468, 0.07101956496222152
O83319,G,0.07846221327781677, 0.08367505628201696
O83319,A,0.029580969363451004, 0.09762141646610366
O83319,G,0.03568566218018532, 0.09322345888035165
O83319,K,0.10015467554330826, 0.076772707928386
O83319,N,0.12804988026618958, 0.0767025441552202
O83319,V,0.17347586154937744, 0.07202858053561714
O83319,V,0.01344436127692461, 0.0696532300983866
O83319,S,0.02292502112686634, 0.07418141689979368
O83319,R,0.1085442528128624, 0.08287603170093563
O83319,L,0.03639654070138931, 0.08194122639381224
O83319,L,0.008202815428376198, 0.06943353068911368
O83319,A,0.07643934339284897, 0.06990802225967248
O83319,E,0.17840620875358582, 0.08083443012502459
O83319,R,0.11963663250207901, 0.07526598829362127
O83319,G,0.06090660020709038, 0.0748776528570387
O83319,C,0.017714785411953926, 0.08813457584215535
O83319,Y,0.12126269191503525, 0.08185273905595143
O83319,C,0.05842827633023262, 0.07653477953539954
O83319,I,0.032901521772146225, 0.06874945428636339
O83319,D,0.12751512229442596, 0.06872356227702564
O83319,A,0.01990281231701374, 0.06996009623010953
O83319,D,0.13054457306861877, 0.06846189540293482
O83319,A,0.04956870526075363, 0.0707122716638777
O83319,R,0.06067357212305069, 0.07130960416462687
O83319,T,0.0288435909897089, 0.06187418931060367
O83319,R,0.1077788844704628, 0.07045449875295162
O83319,E,0.07868166267871857, 0.0644610414488448
O83319,L,0.0382775142788887, 0.07106409118407303
O83319,L,0.04259638860821724, 0.07188269061346848
O83319,E,0.0971255972981453, 0.08000669835342301
O83319,S,0.07660345733165741, 0.08230377443962628
O83319,Y,0.10899615287780762, 0.07601169082853529
O83319,G,0.06804096698760986, 0.08081321832206514
O83319,D,0.10195966064929962, 0.09376861196425226
O83319,S,0.12845256924629211, 0.10048829971088304
O83319,I,0.022052910178899765, 0.09770411542720264
O83319,V,0.08149126172065735, 0.10486951594551404
O83319,E,0.1591949313879013, 0.11219958091775577
O83319,R,0.15760278701782227, 0.11416810378432274
O83319,F,0.051545798778533936, 0.10458867500225703
O83319,Q,0.17348475754261017, 0.12091578501794073
O83319,V,0.13401155173778534, 0.13229195235504043
O83319,A,0.1196763664484024, 0.14013304106063312
O83319,A,0.04223771020770073, 0.136106060196956
O83319,A,0.1689969003200531, 0.1426617010600037
O83319,A,0.18387676775455475, 0.1409007248779138
O83319,R,0.22976472973823547, 0.1312441142896811
O83319,G,0.12135995924472809, 0.13597268652584818
O83319,L,0.11054656654596329, 0.15778908795780605
O83319,S,0.15763597190380096, 0.1605471604400211
O83319,L,0.047102056443691254, 0.15587097903092703
O83319,R,0.16223351657390594, 0.1430014173189799
O83319,R,0.23858532309532166, 0.1512604190243615
O83319,K,0.1938195526599884, 0.14435508102178574
O83319,D,0.14179113507270813, 0.14851123177342945
O83319,G,0.11393867433071136, 0.15574771828121609
O83319,G,0.19569097459316254, 0.1509656020336681
O83319,L,0.04839852452278137, 0.13743497100141314
O83319,H,0.19504132866859436, 0.11892820398012798
O83319,S,0.11223043501377106, 0.10755852278735903
O83319,A,0.11919447034597397, 0.11222775859965219
O83319,H,0.11680964380502701, 0.0980049471060435
O83319,L,0.027258649468421936, 0.09645625410808457
O83319,G,0.03946400433778763, 0.08377666978372468
O83319,V,0.1559617966413498, 0.08693233504891396
O83319,L,0.06768567115068436, 0.08862330971492662
O83319,L,0.03446028754115105, 0.09248512031303512
O83319,F,0.08092506974935532, 0.11236292661892043
O83319,S,0.14063142240047455, 0.11743279505107138
O83319,E,0.1344132423400879, 0.10788321122527122
O83319,P,0.15156593918800354, 0.11712489401300748
O83319,K,0.20615890622138977, 0.12777516659763125
O83319,L,0.08509282022714615, 0.12515297697650063
O83319,L,0.07001554220914841, 0.12019926392369801
O83319,Q,0.15086081624031067, 0.12351326892773311
O83319,Q,0.1303127408027649, 0.1182319207323922
O83319,H,0.05732536315917969, 0.09968542928496997
O83319,E,0.09604800492525101, 0.10183539614081383
O83319,E,0.1642392873764038, 0.11062456543246905
O83319,F,0.10403380542993546, 0.11287688256965743
O83319,L,0.039240483194589615, 0.10101498021847671
O83319,L,0.1044425219297409, 0.103518254434069
O83319,P,0.1491180658340454, 0.10972923806144132
O83319,K,0.1711316704750061, 0.09819887971712483
O83319,V,0.02355561964213848, 0.08884592292209466
O83319,T,0.07985483109951019, 0.09690015907916757
O83319,R,0.15194685757160187, 0.09968385493589772
O83319,L,0.060466062277555466, 0.09210412431922224
O83319,L,0.019857194274663925, 0.07636696990165445
O83319,C,0.11172860860824585, 0.08297453986273871
O83319,E,0.1294957846403122, 0.10190187394618988
O83319,D,0.08090049028396606, 0.09173882669872707
O83319,I,0.029497280716896057, 0.10071445546216434
O83319,A,0.08302374929189682, 0.11496403730577892
O83319,R,0.2502008378505707, 0.1174115960796674
O83319,A,0.060479432344436646, 0.1295522443122334
O83319,Q,0.1412467211484909, 0.1474799472424719
O83319,A,0.14810343086719513, 0.16424829678403008
O83319,A,0.1337566375732422, 0.1581713729020622
O83319,R,0.23876161873340607, 0.13280465453863144
O83319,P,0.24224981665611267, 0.12721164628035492
O83319,K,0.1804124265909195, 0.11423975622488393
O83319,A,0.028331434354186058, 0.11241420999997193
O83319,I,0.021900372579693794, 0.10113878527449237
O83319,V,0.010142358019948006, 0.08818858427306016
O83319,L,0.024499710649251938, 0.07471756699184577
O83319,N,0.13167351484298706, 0.05920543293986055
O83319,A,0.03227781504392624, 0.06791212285558383
O83319,P,0.1222098097205162, 0.07921752851042482
O83319,T,0.1210106611251831, 0.08900266554620531
O83319,L,0.0408032201230526, 0.10523510682913992
O83319,H,0.1066916435956955, 0.09602829193075497
O83319,K,0.12364902347326279, 0.10482704680826929
O83319,T,0.09820859134197235, 0.1134220158888234
O83319,E,0.17059168219566345, 0.1141430102288723
O83319,L,0.04881218075752258, 0.11150856067736943
O83319,L,0.11146660894155502, 0.10989321685499615
O83319,Q,0.19956453144550323, 0.10082535901003414
O83319,A,0.12749961018562317, 0.09260001281897227
O83319,C,0.017093174159526825, 0.07501157031704982
O83319,S,0.09215354919433594, 0.07369728210485643
O83319,F,0.04203830286860466, 0.06228262693103817
O83319,V,0.024180475622415543, 0.05081381079637342
O83319,L,0.012295699678361416, 0.03856311065869199
O83319,Y,0.036983586847782135, 0.04595707015444835
O83319,I,0.00873471237719059, 0.045167654649251036
O83319,W,0.09634518623352051, 0.04845587774697277
O83319,A,0.017243308946490288, 0.05278151389211416
O83319,P,0.08363880962133408, 0.05672515473432011
O83319,S,0.08504880964756012, 0.05620005933774842
O83319,I,0.07163231074810028, 0.06378771137032244
O83319,L,0.06311120092868805, 0.06399075790411896
O83319,R,0.04778846725821495, 0.06930737321575482
O83319,M,0.03225772827863693, 0.07052544628580411
O83319,W,0.07702358067035675, 0.07431459799408913
O83319,R,0.09817260503768921, 0.08240864881210858
O83319,C,0.06509284675121307, 0.0895969308912754
O83319,K,0.09460146725177765, 0.1075331825349066
O83319,K,0.11915117502212524, 0.11562917795446184
O83319,R,0.14447876811027527, 0.11589695182111528
O83319,E,0.12780573964118958, 0.11628356989887026
O83319,R,0.2092147320508957, 0.12036960654788548
O83319,V,0.1051216870546341, 0.12702342371145883
O83319,S,0.07943354547023773, 0.11789297229713863
O83319,F,0.10165216773748398, 0.10996142029762268
O83319,T,0.10186717659235, 0.11620201004876031
O83319,H,0.154485821723938, 0.10743489033646053
O83319,L,0.03697711229324341, 0.10399557070599662
O83319,L,0.07309480011463165, 0.10738331493404177
O83319,R,0.18397104740142822, 0.10509979062610203
O83319,R,0.13031065464019775, 0.10812479505936305
O83319,F,0.07416781038045883, 0.1068824173675643
O83319,S,0.10992324352264404, 0.1150586927930514
O83319,A,0.0811004489660263, 0.11848965618345472
O83319,Q,0.12909221649169922, 0.1174296885728836
O83319,K,0.14330442249774933, 0.11774607002735138
O83319,G,0.11056359112262726, 0.12964479045735466
O83319,F,0.10397347062826157, 0.13345429218477672
O83319,Y,0.17443133890628815, 0.14266954279608196
O83319,A,0.13315808773040771, 0.14662465867069033
O83319,Q,0.18125629425048828, 0.15903010881609386
O83319,S,0.14420875906944275, 0.16586099647813374
O83319,I,0.16403770446777344, 0.16358637809753418
O83319,A,0.16468825936317444, 0.16379320124785104
O83319,Q,0.2549534738063812, 0.1560573180516561
O83319,N,0.17204158008098602, 0.1478238014711274
O83319,A,0.0835019052028656, 0.1427641792429818
O83319,D,0.17629274725914001, 0.12681029778387812
O83319,T,0.06353513896465302, 0.12203446154793103
O83319,Y,0.10715464502573013, 0.10123791835374302
O83319,T,0.09867215901613235, 0.095441532217794
O83319,V,0.020452771335840225, 0.0952660304804643
O83319,A,0.12170573323965073, 0.09258821234107018
O83319,N,0.06778458505868912, 0.10666623339056969
O83319,C,0.11987410485744476, 0.10284549370408058
O83319,G,0.08192238956689835, 0.10129091930058268
O83319,R,0.1521923840045929, 0.10284745237893528
O83319,V,0.19023732841014862, 0.0956306221584479
O83319,A,0.07276798784732819, 0.10758614084786838
O83319,S,0.08468098938465118, 0.10242913539210956
O83319,L,0.03446156904101372, 0.0945414455814494
O83319,A,0.05675426125526428, 0.08425191976130009
O83319,R,0.1753842532634735, 0.07355477929943138
O83319,K,0.07346105575561523, 0.07017938482264678
O83319,V,0.010933181270956993, 0.06313890011774169
O83319,D,0.059586651623249054, 0.07270485659440358
O83319,C,0.09396306425333023, 0.0887744277715683
O83319,I,0.042389437556266785, 0.08525789943006304
O83319,L,0.02131662704050541, 0.08914368765221702
O83319,T,0.12055517733097076, 0.09595405331088437
O83319,R,0.2013804018497467, 0.09596733893785211
O83319,R,0.14373549818992615, 0.09442325081262323
O83319,G,0.10843314975500107, 0.10080299340188503
O83319,V,0.07222647219896317, 0.09843447928627332
O83319,L,0.059706222265958786, 0.08503945958283213
O83319,G,0.0800662711262703, 0.06266385937730472
O83319,E,0.09980712085962296, 0.04669324846731292
O83365,M,0.07062369585037231, 0.04471056411663691
O83365,G,0.09118980169296265, 0.054085999727249146
O83365,L,0.07902581989765167, 0.07091997232702044
O83365,I,0.08311985433101654, 0.08563421169916789
O83365,F,0.07843590527772903, 0.09559618598885006
O83365,F,0.0843789204955101, 0.1014161648021804
O83365,R,0.1515057533979416, 0.09769172966480255
O83365,Y,0.1324281543493271, 0.09736581063932842
O83365,D,0.08965776860713959, 0.09455891243285602
O83365,R,0.1230035051703453, 0.09720674695240127
O83365,C,0.05766988545656204, 0.09953248045510715
O83365,Y,0.07609254866838455, 0.0898575737244553
O83365,M,0.05785777047276497, 0.08117009699344635
O83365,L,0.10226641595363617, 0.08413961695300208
O83365,S,0.10531052201986313, 0.08205801082981957
O83365,V,0.06443159282207489, 0.08050309204392964
O83365,L,0.054240863770246506, 0.08543314536412557
O83365,S,0.11638344824314117, 0.09230819054775768
O83365,Y,0.10426905006170273, 0.09307009685370657
O83365,L,0.04367561638355255, 0.09057726917995347
O83365,H,0.12046302855014801, 0.09520049682921833
O83365,V,0.11973317712545395, 0.10006541924344169
O83365,Y,0.10912357270717621, 0.09485335730844074
O83365,F,0.0828750729560852, 0.09754834903611077
O83365,G,0.10604064166545868, 0.10212546835343043
O83365,P,0.09802516549825668, 0.09611479689677556
O83365,F,0.06947489082813263, 0.09453747669855754
O83365,R,0.12852397561073303, 0.09130424840582742
O83365,L,0.08486969023942947, 0.08937072505553563
O83365,L,0.06636698544025421, 0.08038364599148433
O83365,Q,0.1055372953414917, 0.07323654741048813
O83365,S,0.08002451807260513, 0.06831309840910965
O83365,Y,0.06547336280345917, 0.055836925696995526
O83365,A,0.025156930088996887, 0.048100499229298696
O83365,V,0.033701278269290924, 0.04223724268376827
O83365,L,0.02516384981572628, 0.03192209514478842
O83365,M,0.016238421201705933, 0.02419258923166328
O83365,G,0.015241852030158043, 0.019382048398256302
O83365,I,0.013597676530480385, 0.01771940001183086
O83365,A,0.012700967490673065, 0.015215141802198358
O83365,L,0.010458964854478836, 0.013612680964999728
O83365,Y,0.022178495302796364, 0.013239013858967356
O83365,A,0.010193094611167908, 0.013103963496784369
O83365,G,0.0111629543825984, 0.014392784796655178
O83365,F,0.010741702280938625, 0.01956225921296411
O83365,F,0.012875417247414589, 0.02193939716865619
O83365,F,0.01402639877051115, 0.021071510285966925
O83365,T,0.025197068229317665, 0.02308164547301001
O83365,Y,0.05922623723745346, 0.02890974096953869
O83365,G,0.03185320645570755, 0.03298471857690149
O83365,V,0.014367513358592987, 0.03311347992469867
O83365,L,0.028284311294555664, 0.04209209399090873
O83365,P,0.0636158138513565, 0.052476293303900294
O83365,S,0.04741650074720383, 0.05400752255486117
O83365,A,0.014034269377589226, 0.057191637034217514
O83365,Y,0.09483392536640167, 0.06252399273216724
O83365,R,0.11865486204624176, 0.07678349171247748
O83365,F,0.07300730049610138, 0.08384649310674933
O83365,L,0.06051023676991463, 0.09907451541059548
O83365,P,0.06235871464014053, 0.10922036775284344
O83365,Q,0.15661980211734772, 0.1172742351061768
O83365,D,0.12718282639980316, 0.11873498103684849
O83365,R,0.18446870148181915, 0.13158613981472123
O83365,G,0.10534694045782089, 0.13466810435056686
O83365,R,0.16731873154640198, 0.14429333806037903
O83365,A,0.131801575422287, 0.14359850353664821
O83365,F,0.18866772949695587, 0.14033428000079262
O83365,A,0.08824791759252548, 0.13948574993345472
O83365,P,0.14898581802845, 0.14799120111597908
O83365,C,0.15036629140377045, 0.1398664621843232
O83365,A,0.09780481457710266, 0.13584471080038282
O83365,Q,0.1768319308757782, 0.1284126771820916
O83365,E,0.18189600110054016, 0.13112546586328083
O83365,A,0.09419608116149902, 0.12458207541041905
O83365,A,0.09560581296682358, 0.11593896398941676
O83365,G,0.1217794269323349, 0.10792222474184301
O83365,K,0.11266301572322845, 0.08957284823473957
O83365,P,0.09009530395269394, 0.07244252072026332
O83365,T,0.07257828861474991, 0.0634249954794844
O83365,G,0.025654161348938942, 0.053922862745821476
O83365,A,0.01168754231184721, 0.04221073920942015
O83365,G,0.027723053470253944, 0.03059346880763769
O83365,V,0.013038353994488716, 0.021985890343785286
O83365,I,0.01008661836385727, 0.015295161348250177
O83365,F,0.016370315104722977, 0.014243051823642518
O83365,V,0.008107582107186317, 0.01501656954901086
O83365,S,0.01262709777802229, 0.013616954907774925
O83365,V,0.01236172765493393, 0.013639761548903253
O83365,F,0.016185175627470016, 0.014326645889215998
O83365,V,0.018649201840162277, 0.016254109020034473
O83365,L,0.015126521699130535, 0.018518169927928183
O83365,L,0.013243613764643669, 0.020092108079956636
O83365,V,0.016268577426671982, 0.022717777950068314
O83365,Y,0.03371748328208923, 0.028919520787894726
O83365,L,0.028484130278229713, 0.03178874930987755
O83365,L,0.02679254114627838, 0.033456632453534335
O83365,M,0.035992756485939026, 0.036327109982570015
O83365,R,0.07200086116790771, 0.03923531870047251
O83365,P,0.044472258538007736, 0.039236715270413294
O83365,S,0.030137469992041588, 0.03944305847916338
O83365,F,0.03907791152596474, 0.03878374915156099
O83365,V,0.042442455887794495, 0.03620303329080343
O83365,H,0.033730052411556244, 0.029686713487737708
O83365,A,0.030341219156980515, 0.026520411483943462
O83365,L,0.020858757197856903, 0.024841090560787253
O83365,I,0.01276631373912096, 0.022376771912806563
O83365,L,0.0133539829403162, 0.02024397078073687
O83365,L,0.01597554050385952, 0.017660351366632514
O83365,L,0.015023581683635712, 0.015944855598111946
O83365,T,0.016899043694138527, 0.0158754370899664
O83365,W,0.02324724569916725, 0.015793955160511866
O83365,G,0.010477477684617043, 0.017714632261130545
O83365,V,0.01490175724029541, 0.019826929188436933
O83365,M,0.020233990624547005, 0.021519846386379667
O83365,L,0.012032976374030113, 0.024331946960753865
O83365,T,0.030640076845884323, 0.03930996793011824
O83365,G,0.034986212849617004, 0.047422083715597786
O83365,Y,0.030259836465120316, 0.048926947017510734
O83365,L,0.04220794886350632, 0.05089406896796492
O83365,D,0.15804943442344666, 0.06513388454914093
O83365,D,0.08348651975393295, 0.07152896664208835
O83365,C,0.028445526957511902, 0.07877958772910966
O83365,A,0.037938088178634644, 0.08941402286291122
O83365,Q,0.14019131660461426, 0.08980688866641787
O83365,V,0.0881958156824112, 0.08156571537256241
O83365,C,0.10024180263280869, 0.07910069119599131
O83365,W,0.1259697526693344, 0.08152801502082083
O83365,G,0.04574374109506607, 0.08732940132419269
O83365,E,0.08387887477874756, 0.07430284511711863
O83365,Y,0.061301302164793015, 0.06599420598811573
O83365,R,0.05029144138097763, 0.05602725988460912
O83365,K,0.09015056490898132, 0.04751490615308285
O83365,G,0.022952310740947723, 0.04394077954606877
O83365,A,0.013418063521385193, 0.035765699214405484
O83365,L,0.010539287701249123, 0.030353524204757478
O83365,D,0.04935856908559799, 0.02584071395297845
O83365,F,0.013576601631939411, 0.017059400367240112
O83365,L,0.010303151793777943, 0.01560486677206225
O83365,F,0.012591727077960968, 0.015290455478760932
O83365,A,0.009676149114966393, 0.015390709766911136
O83365,V,0.011118742637336254, 0.012052403866416879
O83365,L,0.009861508384346962, 0.012454496489630805
O83365,T,0.010588361881673336, 0.013475881785982184
O83365,A,0.011441576294600964, 0.017939386785858207
O83365,A,0.019313815981149673, 0.025605415201021567
O83365,L,0.017195435240864754, 0.032395795401599675
O83365,L,0.01949561946094036, 0.03962852412627803
O83365,G,0.05276327207684517, 0.04585322272032499
O83365,H,0.07867040485143661, 0.055182534787389964
O83365,F,0.07223216444253922, 0.06202659300631947
O83365,Y,0.07495606690645218, 0.06925163190397951
O83365,F,0.06661064922809601, 0.07372172963288096
O83365,H,0.09540538489818573, 0.08185114545954598
O83365,D,0.0809103399515152, 0.07781636342406273
O83365,Q,0.08222078531980515, 0.08926781225535604
O83365,V,0.059726499021053314, 0.0853185724053118
O83365,F,0.12592801451683044, 0.08900705352425575
O83365,W,0.042357366532087326, 0.08469147607684135
O83365,W,0.17529520392417908, 0.08175255151258574
O83365,F,0.039412908256053925, 0.08785824850201607
O83365,P,0.09980697929859161, 0.09706933258308305
O83365,F,0.056565187871456146, 0.0938680548634794
O83365,F,0.05446001887321472, 0.0946045493086179
O83365,S,0.13717205822467804, 0.08515377839406331
O83365,D,0.14262625575065613, 0.08321167094012101
O83365,P,0.09711651504039764, 0.07615870671967666
O83365,V,0.04898581653833389, 0.07490099449124601
O83365,F,0.09023826569318771, 0.07250666349298424
O83365,V,0.021933941170573235, 0.059025880984134145
O83365,S,0.03633030131459236, 0.0463121212604973
O83365,P,0.04524577781558037, 0.03800096631877952
O83365,F,0.032911039888858795, 0.033790756223930254
O83365,L,0.01584501564502716, 0.025216457744439442
O83365,F,0.028202418237924576, 0.024658435955643654
O83365,F,0.02231612056493759, 0.02225488517433405
O83365,A,0.011093925684690475, 0.01812421002735694
O83365,G,0.013069579377770424, 0.015840499247941706
O83365,S,0.016911745071411133, 0.0149888236903482
O83365,V,0.01469834428280592, 0.015408846446209483
O83365,V,0.008069701492786407, 0.01440773925019635
O83365,I,0.012357642874121666, 0.014532235864963796
O83365,L,0.00817993562668562, 0.015718662593927648
O83365,W,0.03198262304067612, 0.021788809551960893
O83365,M,0.013306155800819397, 0.021832943790488772
O83365,S,0.012214395217597485, 0.022591482123567
O83365,I,0.02374741993844509, 0.027125870912439294
O83365,N,0.07154306769371033, 0.030605000754197437
O83365,A,0.015095552429556847, 0.030753073179059558
O83365,T,0.014896546490490437, 0.03876403677794668
O83365,N,0.05316714197397232, 0.043002620028952755
O83365,C,0.039492104202508926, 0.043282258324325085
O83365,T,0.033315274864435196, 0.044629715693493686
O83365,D,0.08540482819080353, 0.046253990278475814
O83365,G,0.050361644476652145, 0.047223550370997854
O83365,V,0.026264164596796036, 0.04342502852280935
O83365,D,0.08367018401622772, 0.040805961936712265
O83365,G,0.02971402369439602, 0.03843288361612293
O83365,L,0.023622587323188782, 0.030746937315497134
O83365,S,0.018980445340275764, 0.02696283979134427
O83365,G,0.015920504927635193, 0.025300986754397552
O83365,A,0.011957569979131222, 0.018222760098675888
O83365,L,0.016231311485171318, 0.017269338274167642
O83365,V,0.01630476675927639, 0.01582456473261118
O83365,L,0.01130748726427555, 0.014571821110116111
O83365,M,0.019966144114732742, 0.014418884490927061
O83365,A,0.02113322727382183, 0.01502879098471668
O83365,L,0.010619625449180603, 0.014787093322310183
O83365,L,0.0077057527378201485, 0.014314313729604086
O83365,S,0.014544075354933739, 0.014458441382480992
O83365,M,0.0174467284232378, 0.015337312490575843
O83365,G,0.01405603252351284, 0.016782975755631924
O83365,T,0.012049750424921513, 0.019295421635939017
O83365,I,0.012604636140167713, 0.02351004361278481
O83365,F,0.027875984087586403, 0.028764562060435612
O83365,Y,0.03414419665932655, 0.034637528368168406
O83365,F,0.03323163837194443, 0.04139135405421257
O83365,L,0.0456373505294323, 0.04807818794829978
O83365,L,0.06183474138379097, 0.056134595432215266
O83365,G,0.07030342519283295, 0.05752020329236984
O83365,N,0.07484046369791031, 0.06340973948438962
O83365,V,0.07223125547170639, 0.0757010392844677
O83365,R,0.0851123034954071, 0.07858834001753065
O83365,A,0.040346454828977585, 0.07975989042056932
O83365,A,0.08715002238750458, 0.08517817945943938
O83365,Q,0.1438533365726471, 0.08446453718675508
O83365,Y,0.0716230571269989, 0.08685137786799008
O83365,L,0.07237869501113892, 0.09280102244681782
O83365,L,0.11906802654266357, 0.09726964516772164
O83365,V,0.06841768324375153, 0.0974979806277487
O83365,P,0.09371282160282135, 0.09056690666410658
O83365,F,0.13865910470485687, 0.08845352340075704
O83365,V,0.08056405931711197, 0.08551791268918249
O83365,V,0.08920504152774811, 0.0776750532289346
O83365,D,0.08147367089986801, 0.07371898988882701
O83365,G,0.052602607756853104, 0.06536732158727115
O83365,A,0.045958198606967926, 0.05202883751028114
O83365,Q,0.04848229140043259, 0.04387354374759727
O83365,W,0.03281311318278313, 0.0351672044230832
O83365,A,0.01854780688881874, 0.02719183824956417
O83365,L,0.018612748011946678, 0.021960223869731028
O83365,M,0.007166415452957153, 0.017765998581631318
O83365,S,0.010847987607121468, 0.013737385523402028
O83365,F,0.009695375338196754, 0.010957398503604863
O83365,A,0.005518078338354826, 0.00972415025656422
O83365,L,0.00821017101407051, 0.008631763514131308
O83365,A,0.012224773876369, 0.009083330165594816
O83365,G,0.007793230004608631, 0.008902176645480923
O83365,A,0.007448572665452957, 0.010620310333453946
O83365,L,0.008781267330050468, 0.011603228851324983
O83365,M,0.01123051531612873, 0.01457272521737549
O83365,G,0.00921760592609644, 0.018679228300849598
O83365,Y,0.025158578529953957, 0.020156768564548757
O83365,V,0.014364344999194145, 0.0209580110386014
O83365,W,0.034935638308525085, 0.02706577204581764
O83365,R,0.049183301627635956, 0.03048685782899459
O83365,N,0.021091092377901077, 0.031960241910484105
O83365,A,0.014659754931926727, 0.03257309914463096
O83365,H,0.06375111639499664, 0.03186726839178138
O83365,P,0.0420202873647213, 0.030268116750650935
O83365,S,0.02247806265950203, 0.026766062196758058
O83365,T,0.030674293637275696, 0.028381694108247757
O83365,V,0.008011868223547935, 0.03502145202623473
O83365,L,0.02054327353835106, 0.029713470281826124
O83365,M,0.01766481064260006, 0.02678144309255812
O83365,G,0.035631779581308365, 0.0268059644020266
O83365,D,0.07441757619380951, 0.03065193754931291
O83365,A,0.015979280695319176, 0.031193128890461393
O83365,G,0.015632042661309242, 0.030444726761844423
O83365,S,0.02269875444471836, 0.030371292183796566
O83365,R,0.06528805196285248, 0.02794657978746626
O83365,A,0.012882590293884277, 0.021249769669440057
O83365,L,0.01380765438079834, 0.020801052244173154
O83365,G,0.017003899440169334, 0.020015604587064847
O83365,F,0.013809368014335632, 0.018513210014336638
O83365,F,0.014146285131573677, 0.01235896193732818
O83365,I,0.01194082386791706, 0.012131336248583265
O83365,G,0.00856301374733448, 0.01225407597505384
O83365,V,0.00917720329016447, 0.013441925971872278
O83365,L,0.009899819269776344, 0.015334718860685825
O83365,V,0.010833959095180035, 0.01853843147142066
O83365,L,0.014912311919033527, 0.022027032346361212
O83365,I,0.027694549411535263, 0.02529411752604776
O83365,S,0.03084450401365757, 0.027522130144966975
O83365,G,0.04297969862818718, 0.028721568692061637
O83365,N,0.04333823174238205, 0.029056367360883288
O83365,P,0.0379667803645134, 0.029069951735436916
O83365,F,0.029229316860437393, 0.0278525548055768
O83365,L,0.02069476619362831, 0.025663685467508104
O83365,L,0.01384714711457491, 0.022456984656552475
O83365,L,0.015034571290016174, 0.018977511156764295
O83365,M,0.016737977042794228, 0.01585119269374344
O83365,T,0.011144679971039295, 0.014410694957607321
O83365,S,0.014119391329586506, 0.013505287364953093
O83365,G,0.012022970244288445, 0.013136790237492986
O83365,V,0.009829914197325706, 0.01569533037642638
O83365,I,0.016264837235212326, 0.01863830453819699
O83365,L,0.012546097859740257, 0.018364040905402765
O83365,V,0.01053067296743393, 0.01909303582376904
O83365,N,0.03806143254041672, 0.02419004651407401
O83365,G,0.043224744498729706, 0.025782561550537746
O83365,G,0.008676307275891304, 0.02491413801908493
O83365,T,0.020680345594882965, 0.03431167143086592
O83365,G,0.05789606645703316, 0.04326827348106437
O83365,L,0.024162549525499344, 0.0420519614385234
O83365,L,0.008449025452136993, 0.04032226920955711
O83365,K,0.0971238985657692, 0.05820101665125953
O83365,V,0.09114009141921997, 0.07930815137094921
O83365,V,0.02711462415754795, 0.08018833440211084
O83365,L,0.027657514438033104, 0.08422146613399188
O83365,L,0.16958503425121307, 0.09519464977913433
O83365,R,0.21064455807209015, 0.09509424327148332
O83365,F,0.06581771373748779, 0.10549480012721485
O83365,F,0.060460735112428665, 0.10772826543284787
O83365,H,0.10720767825841904, 0.10956430890493923
O83365,V,0.0962202399969101, 0.10528438910841942
O83365,R,0.18474510312080383, 0.10076035683353742
O83365,I,0.04721581190824509, 0.09956193053060108
O83365,L,0.044181905686855316, 0.10918960182203187
O83365,S,0.1310657560825348, 0.11457771518164211
O83365,R,0.16992826759815216, 0.11477700248360634
O83365,V,0.055031877011060715, 0.09725730162527826
O83365,R,0.1471097767353058, 0.0998491466873222
O83365,F,0.1557006984949112, 0.10422202489442295
O83365,P,0.09801382571458817, 0.09401638350552982
O83365,L,0.027067795395851135, 0.07680864342384869
O83365,H,0.07054241746664047, 0.08679638554652531
O83365,D,0.08353780955076218, 0.09137964331441456
O83365,H,0.03921498358249664, 0.08836344298389223
O83365,M,0.01505860686302185, 0.08921695914533403
O83365,R,0.14492155611515045, 0.10071901811493768
O83365,E,0.1883590966463089, 0.09829359418816036
O83365,N,0.12855489552021027, 0.09698688735564549
O83365,W,0.10569547116756439, 0.10369704912106197
O83365,H,0.13058632612228394, 0.1072508196036021
O83365,W,0.048713602125644684, 0.09757659004794227
O83365,S,0.07177744805812836, 0.07818012498319149
O83365,T,0.09960643947124481, 0.06624811742868689
O83365,A,0.047042541205883026, 0.05714477474490801
O83365,Q,0.057853490114212036, 0.04807170480489731
O83365,V,0.013790911063551903, 0.04577332672973474
O83365,L,0.021166827529668808, 0.0403167512267828
O83365,L,0.023765387013554573, 0.030855946863691013
O83365,R,0.048928696662187576, 0.02661178395566013
O83365,F,0.028028199449181557, 0.025309366174042225
O83365,M,0.022668268531560898, 0.025544359555674925
O83365,I,0.014459200203418732, 0.024234748755892117
O83365,L,0.008845075033605099, 0.02275039317707221
O83365,Q,0.04613173007965088, 0.01977186981174681
O83365,G,0.015905851498246193, 0.018308963626623154
O83365,L,0.009380330331623554, 0.01772890446914567
O83365,L,0.010406186804175377, 0.017313537912236318
O83365,T,0.022121986374258995, 0.01766290981322527
O83365,I,0.014862043783068657, 0.015204240361021625
O83365,G,0.017447736114263535, 0.015885413417385683
O83365,L,0.010720901191234589, 0.019104976413978472
O83365,L,0.011989422142505646, 0.023379192170169618
O83365,G,0.024003705009818077, 0.02545929803616471
O83365,V,0.022036409005522728, 0.02847155721651183
O83365,L,0.03835639730095863, 0.03439884053336249
O83365,F,0.048874128609895706, 0.03320762928989199
O83365,K,0.0408429391682148, 0.03187547127405802
O83365,L,0.04197237640619278, 0.029208392939633794
O83365,R,0.0707932859659195, 0.02675990305013127
O83402,M,0.10009851306676865, 0.0657059136364195
O83402,R,0.17169903218746185, 0.07845228910446167
O83402,P,0.10523815453052521, 0.0909389787250095
O83402,M,0.12754471600055695, 0.10655177964104547
O83402,I,0.08677280694246292, 0.12313794758584765
O83402,S,0.11471737921237946, 0.1255258172750473
O83402,I,0.11238020658493042, 0.11608016987641652
O83402,E,0.14051520824432373, 0.11602559271785948
O83402,K,0.1492755115032196, 0.11225906097226673
O83402,N,0.12158934026956558, 0.11121923559241825
O83402,V,0.08668820559978485, 0.10768383824163014
O83402,H,0.10474696010351181, 0.10055804666545656
O83402,Q,0.09364593029022217, 0.08839518514772256
O83402,E,0.0774143785238266, 0.07613519599868192
O83402,R,0.08289880305528641, 0.06455089151859283
O83402,Y,0.048248082399368286, 0.056761131518416934
O83402,S,0.03104945458471775, 0.04698027380638652
O83402,F,0.03893560916185379, 0.0375139769166708
O83402,V,0.017330599948763847, 0.02969806015284525
O83402,F,0.01658036559820175, 0.021671763776491087
O83402,I,0.016719240695238113, 0.017434949727935925
O83402,L,0.008449258282780647, 0.014690341376182105
O83402,L,0.007071127649396658, 0.010816062127964364
O83402,V,0.010662135668098927, 0.01006675475380487
O83402,A,0.010116755962371826, 0.009269340015533898
O83402,L,0.006347979418933392, 0.008471475551939674
O83402,M,0.0040670959278941154, 0.009301859523273177
O83402,V,0.010586833581328392, 0.009191456250846386
O83402,G,0.009403632953763008, 0.00875429307214088
O83402,V,0.009538460522890091, 0.009576739070730077
O83402,G,0.01592271402478218, 0.009913288936432865
O83402,F,0.006077498197555542, 0.011902852346085839
O83402,V,0.006727667059749365, 0.01283735280028648
O83402,T,0.017518769949674606, 0.013735721663882336
O83402,L,0.009376928210258484, 0.014667215601851543
O83402,Y,0.02197316661477089, 0.016486290169672832
O83402,S,0.01899733766913414, 0.025733498804685142
O83402,G,0.017488952726125717, 0.03890596951047579
O83402,S,0.01792190596461296, 0.03944009728729725
O83402,V,0.0322943851351738, 0.05866195778879854
O83402,H,0.08930237591266632, 0.08755120945473512
O83402,Y,0.12527990341186523, 0.11365427594217989
O83402,A,0.022325919941067696, 0.1354284325821532
O83402,Q,0.18237367272377014, 0.16301124894784558
O83402,R,0.2819764316082001, 0.1759398945917686
O83402,F,0.2539249360561371, 0.181350105545587
O83402,F,0.21345636248588562, 0.17601024794081846
O83402,R,0.2661672532558441, 0.20054963065518272
O83402,Y,0.14865219593048096, 0.19302314768234888
O83402,P,0.13799427449703217, 0.16562310482064882
O83402,G,0.07722118496894836, 0.14261150028970507
O83402,Y,0.24318036437034607, 0.13984849717881945
O83402,F,0.11463532596826553, 0.12058981094095442
O83402,L,0.03537604585289955, 0.10541580617427826
O83402,V,0.046820495277643204, 0.09189990535378456
O83402,R,0.18858933448791504, 0.08809687197208405
O83402,Q,0.0928390771150589, 0.06271201423886749
O83402,G,0.012086153030395508, 0.05107784385068549
O83402,V,0.016351167112588882, 0.0482293451204896
O83402,S,0.04299388453364372, 0.04434352523336808
O83402,I,0.014716644771397114, 0.02404055946196119
O83402,G,0.009927792474627495, 0.014545610588457849
O83402,I,0.009739557281136513, 0.014063211002697548
O83402,G,0.011848116293549538, 0.0129004902102881
O83402,L,0.005862642545253038, 0.009373125206265185
O83402,V,0.007384537253528833, 0.008786812631620301
O83402,C,0.00774455675855279, 0.009020354805721177
O83402,L,0.005886679980903864, 0.013224281784560945
O83402,L,0.011247599497437477, 0.018871463214357693
O83402,F,0.009439831599593163, 0.02057918259460065
O83402,F,0.012029672041535378, 0.028672086178428598
O83402,T,0.04757490009069443, 0.03275987386910452
O83402,F,0.06267274916172028, 0.039070678047007985
O83402,V,0.02123211696743965, 0.043273582226700254
O83402,R,0.08022066950798035, 0.043677013367414474
O83402,L,0.04453464597463608, 0.05251948804491096
O83402,A,0.06268391758203506, 0.05445565138426092
O83402,S,0.04907373711466789, 0.049268605187535286
O83402,L,0.013070711866021156, 0.04983412101864815
O83402,R,0.09161194413900375, 0.04527067931161986
O83402,K,0.06500037014484406, 0.043200564881165825
O83402,A,0.015989333391189575, 0.03736541440917386
O83402,L,0.026321759447455406, 0.0338450258390771
O83402,S,0.0391496941447258, 0.034203802752825946
O83402,P,0.025903616100549698, 0.02485358270092143
O83402,L,0.010167563334107399, 0.019282101136114862
O83402,I,0.017390239983797073, 0.019112146459519863
O83402,L,0.01629970408976078, 0.01753845252096653
O83402,V,0.007459963671863079, 0.014556025775770346
O83402,A,0.01485703606158495, 0.01343614783965879
O83402,F,0.014459741301834583, 0.013601409478320016
O83402,A,0.012158514000475407, 0.013878988102078438
O83402,L,0.012307853437960148, 0.013578200195398595
O83402,C,0.015824714675545692, 0.017027206098039944
O83402,V,0.01165491808205843, 0.01841207852380143
O83402,C,0.01988844759762287, 0.0257620294060972
O83402,T,0.0135926129296422, 0.03310388937178585
O83402,F,0.03850101679563522, 0.03658702369365427
O83402,F,0.02732088789343834, 0.040048356271452375
O83402,P,0.08060929924249649, 0.04733095638867882
O83402,G,0.07823525369167328, 0.0547251689972149
O83402,I,0.043656062334775925, 0.07111102756526735
O83402,G,0.04697670787572861, 0.08563315206103855
O83402,S,0.0771983191370964, 0.0921354703605175
O83402,T,0.08643636107444763, 0.08674873328871197
O83402,R,0.16106534004211426, 0.08768459657828014
O83402,N,0.169200137257576, 0.09020909128917588
O83402,G,0.08584175258874893, 0.09099469375279215
O83402,A,0.03212866559624672, 0.08349209713439147
O83402,T,0.08665802329778671, 0.08861053672929604
O83402,R,0.06637651473283768, 0.0724195647570822
O83402,W,0.054047130048274994, 0.060886673629283905
O83402,I,0.009674949571490288, 0.06322109036975437
O83402,K,0.13250231742858887, 0.06743813926974933
O83402,V,0.015346592292189598, 0.06297848663396305
O83402,F,0.06540411710739136, 0.056372463806635804
O83402,D,0.1068515032529831, 0.05676687312208944
O83402,I,0.07008210569620132, 0.0576180305538906
O83402,N,0.0465211495757103, 0.045214753701455064
O83402,F,0.006922309286892414, 0.049542814389699034
O83402,Q,0.05759681388735771, 0.043770305087996855
O83402,P,0.01733536645770073, 0.033296875138249665
O83402,S,0.020872825756669044, 0.030210670808123216
O83402,E,0.054299138486385345, 0.02645760950528913
O83402,F,0.013451533392071724, 0.02670958038005564
O83402,V,0.01259063370525837, 0.02218521696825822
O83402,K,0.042306266725063324, 0.021648924901253648
O83402,L,0.012743597850203514, 0.02043771826558643
O83402,V,0.009190047159790993, 0.019181455589003034
O83402,L,0.016877543181180954, 0.018809520846439734
O83402,I,0.012508737854659557, 0.01847004931834009
O83402,V,0.009971966035664082, 0.02051520554555787
O83402,F,0.04299277439713478, 0.026505463446180027
O83402,L,0.010104120709002018, 0.02730512184401353
O83402,A,0.009535389952361584, 0.03129475501676401
O83402,N,0.060712672770023346, 0.037563592919872865
O83402,F,0.06665591895580292, 0.04419033250047101
O83402,F,0.01638697274029255, 0.055486814636323184
O83402,D,0.05278424173593521, 0.06674106388042371
O83402,K,0.06892827898263931, 0.07586994373963939
O83402,H,0.06961262226104736, 0.07523852979971303
O83402,R,0.14466111361980438, 0.08276750871704684
O83402,E,0.11139236390590668, 0.09012271091341972
O83402,H,0.09169530868530273, 0.0916151391963164
O83402,F,0.05502994731068611, 0.09105549131830533
O83402,D,0.13441672921180725, 0.0991358579032951
O83402,T,0.08258379250764847, 0.08725548908114433
O83402,P,0.06621609628200531, 0.07679884156419171
O83402,I,0.0638914480805397, 0.06902145532270272
O83402,R,0.1423359215259552, 0.06890848837792873
O83402,S,0.03773779422044754, 0.057107811172803245
O83402,I,0.017282536253333092, 0.04925502526263396
O83402,F,0.021698832511901855, 0.04357957746833563
O83402,P,0.054013244807720184, 0.03951331300454007
O83402,P,0.028210634365677834, 0.0255716224718425
O83402,F,0.011908719316124916, 0.02290504953513543
O83402,V,0.015137066133320332, 0.022236200152999826
O83402,V,0.0272950679063797, 0.02225296458022462
O83402,S,0.016860706731677055, 0.018421115250223212
O83402,V,0.013738637790083885, 0.017915587561825912
O83402,I,0.011262891814112663, 0.017447300255298615
O83402,F,0.02184971235692501, 0.017168970882064767
O83402,V,0.01952660083770752, 0.016475174472563796
O83402,S,0.02366088517010212, 0.019034782735009987
O83402,V,0.007694133557379246, 0.023917507690687973
O83402,V,0.012632101774215698, 0.037499278887278505
O83402,F,0.02105090022087097, 0.045228739062117204
O83402,F,0.03989718109369278, 0.047507518178059
O83402,Q,0.05768316239118576, 0.0535702176599039
O83402,N,0.13349883258342743, 0.056441463943984777
O83402,D,0.09141485393047333, 0.05682277575963073
O83402,F,0.040035612881183624, 0.05671242479648855
O83402,S,0.07822518050670624, 0.05424899256063832
O83402,T,0.03353535011410713, 0.04912282257444329
O83402,A,0.016063908115029335, 0.03577380606697665
O83402,M,0.020057741552591324, 0.02711080356190602
O83402,F,0.017726290971040726, 0.023900788173907332
O83402,L,0.01154763251543045, 0.017105273798935942
O83402,L,0.013357684016227722, 0.014495950088732772
O83402,F,0.013447831384837627, 0.013875563939412435
O83402,I,0.011145474389195442, 0.012548576833473312
O83402,T,0.01706555113196373, 0.011681769353648027
O83402,V,0.010051436722278595, 0.013100410397681925
O83402,V,0.010480432771146297, 0.014040907534460226
O83402,M,0.008114857599139214, 0.016003942324055567
O83402,F,0.009925023652613163, 0.017305093300011423
O83402,F,0.024315401911735535, 0.017695311042997573
O83402,I,0.021822158247232437, 0.022635817527770996
O83402,A,0.03111514449119568, 0.024851321656670835
O83402,G,0.022855833172798157, 0.03394146646476454
O83402,A,0.020577510818839073, 0.04020086220569081
O83402,P,0.05451599508523941, 0.03974498539335198
O83402,L,0.03041996993124485, 0.03919790519608392
O83402,W,0.08992616087198257, 0.04132400949796041
O83402,W,0.06625958532094955, 0.0414559520367119
O83402,F,0.020212510600686073, 0.040763783992992506
O83402,L,0.016898436471819878, 0.03690176953872045
O83402,R,0.050250083208084106, 0.03523082099854946
O83402,G,0.024043316021561623, 0.027262725349929597
O83402,I,0.014347998425364494, 0.021348972701364093
O83402,M,0.019757864996790886, 0.021681863193710644
O83402,V,0.015381433069705963, 0.021891769849591784
O83402,L,0.0182133000344038, 0.017758020820717018
O83402,A,0.013035811483860016, 0.017973959549433656
O83402,P,0.02320852503180504, 0.02037690445366833
O83402,I,0.018787596374750137, 0.022835236146218248
O83402,A,0.013046341948211193, 0.025226365878350206
O83402,V,0.025986764580011368, 0.03148151427093479
O83402,L,0.03597450256347656, 0.03989272140380409
O83402,M,0.04188285022974014, 0.05477424990385771
O83402,I,0.036901600658893585, 0.06874982836759752
O83402,V,0.0745096355676651, 0.08674974367022514
O83402,T,0.08873667567968369, 0.0951667618420389
O83402,S,0.1571422815322876, 0.09756049017111461
O83402,T,0.1445678025484085, 0.11094139764706294
O83402,N,0.17504557967185974, 0.11599782854318619
O83402,R,0.10173992812633514, 0.10884254808641142
O83402,L,0.05751805752515793, 0.10582519208805428
O83402,R,0.16231101751327515, 0.09341679399626122
O83402,R,0.08240947872400284, 0.08045309937248628
O83402,V,0.010112111456692219, 0.06443184665921661
O83402,L,0.06158047169446945, 0.07123486418277025
O83402,S,0.045466698706150055, 0.07425025405569209
O83402,F,0.027894550934433937, 0.07362711729688777
O83402,L,0.030854305252432823, 0.08178822085675266
O83402,Y,0.16296708583831787, 0.0910550124115414
O83402,P,0.08465656638145447, 0.10415019674433602
O83402,D,0.15670278668403625, 0.12107129560576545
O83402,R,0.15585941076278687, 0.12750523847838244
O83402,D,0.09351323544979095, 0.1316380285554462
O83402,P,0.17943713068962097, 0.11997640174296167
O83402,L,0.1977565884590149, 0.12620634378658402
O83402,G,0.08580003678798676, 0.1189478441245026
O83402,A,0.06804941594600677, 0.1063460869093736
O83402,G,0.05801244452595711, 0.1111104434563054
O83402,Y,0.14072604477405548, 0.09817243408825663
O83402,Q,0.09137628972530365, 0.07802776495615642
O83402,V,0.042443595826625824, 0.07428517440954845
O83402,N,0.13639244437217712, 0.07549172639846802
O83402,A,0.062995046377182, 0.07070495674593581
O83402,A,0.01645456627011299, 0.056827786999444165
O83402,L,0.052116721868515015, 0.056700418496297464
O83402,E,0.07890838384628296, 0.059823132327033415
O83402,A,0.014931517653167248, 0.046642006167935
O83402,L,0.015831517055630684, 0.04309710394591093
O83402,M,0.09022997319698334, 0.04364175794439183
O83402,D,0.07054802030324936, 0.04467106144875288
O83402,G,0.017762308940291405, 0.03790237019873328
O83402,G,0.031090926378965378, 0.04517732126017412
O83402,L,0.021356452256441116, 0.04741616091794438
O83402,W,0.061380453407764435, 0.040476997072498
O83402,G,0.01799016259610653, 0.03502118235660924
O83402,R,0.0804060772061348, 0.04234063708119922
O83402,G,0.03598107397556305, 0.04072802286181185
O83402,I,0.027777498587965965, 0.0467953249398205
O83402,G,0.021445687860250473, 0.058211550737420716
O83402,N,0.08363740146160126, 0.06126236915588379
O83402,G,0.016577398404479027, 0.06053864707549413
O83402,V,0.07596217095851898, 0.06605922679106395
O83402,R,0.16412648558616638, 0.07249707335399257
O83402,K,0.04544752836227417, 0.0737337405896849
O83402,I,0.07389257848262787, 0.08276399825182226
O83402,A,0.08566629141569138, 0.09398733286394013
O83402,S,0.08571811765432358, 0.09411714267399576
O83402,V,0.03257569298148155, 0.09164227172732353
O83402,P,0.1649097204208374, 0.0904344870812363
O83402,E,0.11758740991353989, 0.08856504534681638
O83402,V,0.07713045924901962, 0.08318302573429213
O83402,Y,0.14185264706611633, 0.0751336615325676
O83402,S,0.034577466547489166, 0.07309786975383759
O83402,D,0.05706760287284851, 0.0569154309729735
O83402,F,0.037228114902973175, 0.04510496567106909
O83402,I,0.013273839838802814, 0.03752296014378468
O83402,F,0.014253566972911358, 0.023826749064028263
O83402,V,0.019267771393060684, 0.024483560791446105
O83402,V,0.011293222196400166, 0.02070402405742142
O83402,I,0.00889240950345993, 0.01807195662210385
O83402,G,0.018586747348308563, 0.018357865926292207
O83402,E,0.040488772094249725, 0.01870213480045398
O83402,E,0.023051772266626358, 0.017979656346142292
O83402,M,0.013539507985115051, 0.01910489507847362
O83402,G,0.01584702357649803, 0.019746683434479766
O83402,F,0.017351986840367317, 0.019110910180542205
O83402,I,0.012765465304255486, 0.015638652154141
O83402,G,0.021420370787382126, 0.015484068335758315
O83402,V,0.01466850470751524, 0.01522216997626755
O83402,C,0.012864788062870502, 0.01447493645052115
O83402,L,0.009238449856638908, 0.013431659692691432
O83402,Y,0.021660517901182175, 0.013582912273705006
O83402,L,0.011182422749698162, 0.012820392122699155
O83402,M,0.009121921844780445, 0.012108916520244546
O83402,L,0.007962496019899845, 0.011537651272697581
O83402,L,0.014126738533377647, 0.011785655748099089
O83402,F,0.014557689428329468, 0.012050639372318983
O83402,A,0.008265224285423756, 0.014101285332192978
O83402,F,0.0077234008349478245, 0.01397274998534057
O83402,T,0.011470490135252476, 0.013875563370270861
O83402,L,0.024045370519161224, 0.01830836928760012
O83402,T,0.02963823638856411, 0.018723233551200893
O83402,G,0.007965103723108768, 0.01915772699026598
O83402,I,0.00708781648427248, 0.02529339657889472
O83402,S,0.05402199178934097, 0.033453334433337055
O83402,I,0.018291467800736427, 0.03482042159885168
O83402,A,0.012175665237009525, 0.04163000577439865
O83402,L,0.0629444271326065, 0.04825624575217565
O83402,R,0.08490993082523346, 0.06246724755813678
O83402,C,0.03634915500879288, 0.06459015638877948
O83402,A,0.09092449396848679, 0.06730092575566636
O83402,N,0.0676012635231018, 0.06854989834957653
O83402,R,0.13498683273792267, 0.06429657547010316
O83402,F,0.07312817126512527, 0.05698389353023635
O83402,N,0.04268839210271835, 0.05397598021146324
O83402,T,0.023416418582201004, 0.046181992834640875
O83402,F,0.02466452121734619, 0.04064516712807947
O83402,L,0.01909579336643219, 0.02639117593773537
O83402,A,0.00927793513983488, 0.01972744670800037
O83402,F,0.020778607577085495, 0.016218097414821386
O83402,G,0.01776983216404915, 0.015780829048405092
O83402,A,0.006700912024825811, 0.014614057158016495
O83402,S,0.013154608197510242, 0.013513950268841453
O83402,A,0.011104248464107513, 0.014114400009728141
O83402,A,0.019481003284454346, 0.022715764585882425
O83402,I,0.014163574203848839, 0.02354576112702489
O83402,V,0.009194831363856792, 0.023849038510686822
O83402,L,0.014681982807815075, 0.024411671484510105
O83402,Q,0.09819088876247406, 0.03800414233571953
O83402,S,0.02523980103433132, 0.03651149281197124
O83402,I,0.009430408477783203, 0.036032777486575976
O83402,L,0.018218304961919785, 0.04417740170740419
O83402,N,0.13343648612499237, 0.046272245546182
O83402,V,0.006047157570719719, 0.037315273036559425
O83402,A,0.009855136275291443, 0.04797486443486479
O83402,V,0.08249644935131073, 0.04980201398332914
O83402,V,0.03353557735681534, 0.04931540321558714
O83402,V,0.017578136175870895, 0.045083518967860274
O83402,R,0.12117612361907959, 0.05939075816422701
O83402,L,0.025874754413962364, 0.07354668414013253
O83402,V,0.013838808052241802, 0.07332357567631537
O83402,P,0.09534952789545059, 0.08338973474585348
O83402,A,0.13481231033802032, 0.09435627040349776
O83402,T,0.13725847005844116, 0.08405512084977494
O83402,G,0.08048847317695618, 0.08951904159039259
O83402,I,0.12413100898265839, 0.09188058185908529
O83402,P,0.11627695709466934, 0.08352281567123201
O83402,L,0.02846577763557434, 0.07685217592451307
O83402,P,0.07505004107952118, 0.07359279029899174
O83402,F,0.03509267047047615, 0.06863765998019113
O83402,F,0.020129632204771042, 0.05761178789867295
O83402,S,0.0747765526175499, 0.04850245267152786
O83402,S,0.10792399942874908, 0.051642547051111855
O83402,G,0.0358923003077507, 0.04572530132200983
O83402,G,0.024898160248994827, 0.04309088819556766
O83402,S,0.03429294005036354, 0.04343071497148938
O83402,S,0.05672662705183029, 0.03934403177764681
O83402,I,0.02179482951760292, 0.028652629401120875
O83402,V,0.011382952332496643, 0.025648789169887703
O83402,V,0.023188073188066483, 0.025109630181557603
O83402,T,0.037996403872966766, 0.02245022366858191
O83402,L,0.011701378040015697, 0.017463556076917384
O83402,S,0.008857738226652145, 0.01615907603667842
O83402,L,0.020045729354023933, 0.016664565230409305
O83402,C,0.010358281433582306, 0.016479553654789925
O83402,G,0.011846618726849556, 0.017324363398883078
O83402,L,0.010054509155452251, 0.017972574155363772
O83402,I,0.0159323550760746, 0.020099950436916616
O83402,I,0.021522969007492065, 0.025343360068897407
O83402,N,0.045599691569805145, 0.03538044780078861
O83402,V,0.017535274848341942, 0.042365812282595366
O83402,S,0.028004124760627747, 0.049345202123125396
O83402,G,0.06723641604185104, 0.056799322159753904
O83402,D,0.10069207102060318, 0.06714997171527809
O83402,E,0.07471489906311035, 0.07688629192610581
O83402,K,0.07286901772022247, 0.08898766007688311
O83402,I,0.0830194354057312, 0.10271215438842773
O83402,R,0.11467881500720978, 0.11012520806656943
O83402,R,0.13322657346725464, 0.11529524127642314
O83402,E,0.12644758820533752, 0.1176161410080062
O83402,R,0.15152457356452942, 0.11856650643878514
O83402,E,0.13395389914512634, 0.12076011465655433
O83402,E,0.1472223699092865, 0.11435420769784185
O83402,T,0.09560299664735794, 0.09955125509036912
O83402,V,0.08142230659723282, 0.08550152306755383
O83402,F,0.10276190936565399, 0.06866545933816168
O83402,V,0.05702565237879753, 0.053781692766480975
O83514,M,0.07483760267496109, 0.06815542777379353
O83514,R,0.1814197599887848, 0.0781310357981258
O83514,I,0.08316528797149658, 0.09056049585342407
O83514,R,0.16418221592903137, 0.09967357748084599
O83514,G,0.10979398339986801, 0.10314909161792861
O83514,V,0.08978047221899033, 0.09963966574933794
O83514,S,0.11186514049768448, 0.08516504449976815
O83514,D,0.08201773464679718, 0.0783231473631329
O83514,F,0.03127962723374367, 0.06242961229549514
O83514,D,0.043252769857645035, 0.052299489784571856
O83514,Y,0.05114816874265671, 0.04330698566304313
O83514,L,0.021588213741779327, 0.03248809722976552
O83514,L,0.02114040032029152, 0.02491274124218358
O83514,L,0.018622880801558495, 0.0224898937675688
O83514,L,0.008847935125231743, 0.018317847253961697
O83514,T,0.014495144598186016, 0.013175481464713812
O83514,M,0.013839530758559704, 0.011762796538985439
O83514,L,0.009473999962210655, 0.010222224984318018
O83514,A,0.005704351235181093, 0.00893758325320151
O83514,L,0.0048668766394257545, 0.009951671637180779
O83514,T,0.008874049410223961, 0.008987256998403205
O83514,S,0.0072752563282847404, 0.008294674723098675
O83514,I,0.0070611052215099335, 0.00890879648634129
O83514,G,0.01797473058104515, 0.009855230442351766
O83514,I,0.005815412849187851, 0.013490917885469066
O83514,L,0.007606290280818939, 0.015237564117544226
O83514,F,0.015001095831394196, 0.01776788466506534
O83514,I,0.01422225683927536, 0.021953669273191027
O83514,Y,0.03758806362748146, 0.026830587950017717
O83514,S,0.024593865498900414, 0.03490539019306501
O83514,S,0.03004814125597477, 0.04700024798512459
O83514,G,0.04473316669464111, 0.06761126178834173
O83514,V,0.06186699867248535, 0.07947179633710119
O83514,N,0.07848863303661346, 0.09192852758698994
O83514,S,0.11646001040935516, 0.10618934387134181
O83514,E,0.2005002200603485, 0.11384285324149662
O83514,G,0.1209670677781105, 0.11909144288963741
O83514,H,0.1496986448764801, 0.13241619037257302
O83514,V,0.15294121205806732, 0.14013483954800499
O83514,I,0.09892972558736801, 0.13498160822523964
O83514,S,0.09197047352790833, 0.11677469520105256
O83514,R,0.18178972601890564, 0.11198443960812357
O83514,E,0.1479564756155014, 0.10197906403077973
O83514,Y,0.07008092850446701, 0.08641593365205659
O83514,L,0.03663800284266472, 0.07770390373965104
O83514,K,0.07785476744174957, 0.0740711840076579
O83514,Q,0.05965026468038559, 0.05570683773193094
O83514,I,0.012873038649559021, 0.04046240293731292
O83514,V,0.020521456375718117, 0.034468507290714316
O83514,W,0.059275995939970016, 0.03174476770477162
O83514,A,0.016510609537363052, 0.023911972840627033
O83514,V,0.01075656246393919, 0.01811703361777796
O83514,M,0.016135867685079575, 0.01747673372220662
O83514,G,0.012124346569180489, 0.01596343657001853
O83514,V,0.007359613664448261, 0.010315485143413147
O83514,V,0.007495811674743891, 0.009913467439926334
O83514,L,0.007110339589416981, 0.00984811932883329
O83514,M,0.006901782006025314, 0.01073494620828165
O83514,L,0.008444433100521564, 0.013505139750325017
O83514,S,0.012892450205981731, 0.016886434983462095
O83514,V,0.010168429464101791, 0.022524551074537966
O83514,S,0.024117309600114822, 0.03020028190480338
O83514,M,0.0370560884475708, 0.0403148229751322
O83514,Y,0.03779127076268196, 0.04759357445355919
O83514,D,0.05823885649442673, 0.048052252580722175
O83514,Y,0.07619191706180573, 0.05369524202413029
O83514,H,0.09793265163898468, 0.05657616216275427
O83514,R,0.07395319640636444, 0.05707422436939345
O83514,F,0.01702055335044861, 0.05547514599230555
O83514,K,0.06095533445477486, 0.05311870409382714
O83514,D,0.05004559084773064, 0.04752079645792643
O83514,R,0.041538648307323456, 0.03780151893281274
O83514,T,0.023399565368890762, 0.03163636155012581
O83514,T,0.03703087940812111, 0.031140867103305128
O83514,L,0.02581074833869934, 0.025465468565622967
O83514,I,0.010459153912961483, 0.02162436902936962
O83514,F,0.018466779962182045, 0.01833817869838741
O83514,A,0.012561103329062462, 0.01674842948300971
O83514,G,0.009876747615635395, 0.013724894262850285
O83514,F,0.01547569502145052, 0.012238681937257448
O83514,I,0.011962935328483582, 0.01210690714004967
O83514,L,0.009091822430491447, 0.012769792953299152
O83514,L,0.009819062426686287, 0.01313001507272323
O83514,L,0.012434837408363819, 0.017974228080776002
O83514,I,0.009273180738091469, 0.0200468259346154
O83514,Y,0.024432752281427383, 0.027419335208833218
O83514,T,0.015803102403879166, 0.02956191212352779
O83514,R,0.05347466468811035, 0.04117361942513122
O83514,L,0.034129075706005096, 0.049871317421396576
O83514,F,0.07831551879644394, 0.056513083477814995
O83514,G,0.028375014662742615, 0.06849179706639713
O83514,R,0.1143244281411171, 0.07551101181242201
O83514,Y,0.09071411937475204, 0.07388896660672294
O83514,V,0.06904907524585724, 0.08109039896064335
O83514,N,0.1322411745786667, 0.07730833689371745
O83514,G,0.07897603511810303, 0.08205170763863458
O83514,A,0.038876257836818695, 0.07078403213785754
O83514,K,0.09894196689128876, 0.06830991204414102
O83514,S,0.04427696019411087, 0.06286130886938837
O83514,W,0.07106535136699677, 0.05496014447675811
O83514,I,0.012915348634123802, 0.059744259963432945
O83514,G,0.0684470385313034, 0.061586937142743006
O83514,V,0.020011646673083305, 0.05594022903177473
O83514,G,0.061130695044994354, 0.05220881984051731
O83514,E,0.12203307449817657, 0.052701878568364516
O83514,F,0.05546035245060921, 0.053177017615073256
O83514,G,0.04812159389257431, 0.04791195224970579
O83514,I,0.010694277472794056, 0.053001381974253386
O83514,Q,0.07550287991762161, 0.048091280894974865
O83514,I,0.017191600054502487, 0.035425964225497514
O83514,S,0.021061450242996216, 0.032728847633633346
O83514,E,0.06581651419401169, 0.0288546538601319
O83514,F,0.016939785331487656, 0.028322392815930977
O83514,A,0.008045224472880363, 0.021304280548873875
O83514,K,0.03118630312383175, 0.02061424068071776
O83514,I,0.013253849931061268, 0.019373425748199224
O83514,A,0.005903928074985743, 0.015125316205537982
O83514,Y,0.012339869514107704, 0.014114630770766072
O83514,I,0.01098124124109745, 0.014600561569548316
O83514,L,0.009894115850329399, 0.02016737896742092
O83514,Y,0.0275835283100605, 0.023389753730346758
O83514,L,0.007843616418540478, 0.024232185238765344
O83514,A,0.012418601661920547, 0.027605026442971494
O83514,H,0.08128765970468521, 0.03730799599240223
O83514,Y,0.0422552227973938, 0.042361832637753755
O83514,L,0.013485811650753021, 0.049176826141774654
O83514,V,0.04269544035196304, 0.06097855625881089
O83514,Y,0.09830796718597412, 0.07729135205348332
O83514,S,0.05537864565849304, 0.0759168482489056
O83514,Q,0.08891846984624863, 0.07852082202831905
O83514,S,0.11405918747186661, 0.08108733594417572
O83514,E,0.15923376381397247, 0.08312623533937666
O83514,P,0.06891712546348572, 0.08157904860046175
O83514,M,0.06569098681211472, 0.0779165236486329
O83514,L,0.036584436893463135, 0.06931741804712349
O83514,K,0.061045534908771515, 0.061893858222497836
O83514,R,0.0843832865357399, 0.045883438653416105
O83514,F,0.022415921092033386, 0.03967077968021234
O83514,A,0.011526519432663918, 0.03361170325014326
O83514,K,0.04724714905023575, 0.031577965865532555
O83514,A,0.0151399876922369, 0.026355611056917243
O83514,G,0.013003194704651833, 0.01813387819048431
O83514,V,0.011159298941493034, 0.016782503782047167
O83514,I,0.01828080043196678, 0.01710197039776378
O83514,T,0.014044341631233692, 0.014431215615736114
O83514,L,0.010387690737843513, 0.013813539718588194
O83514,L,0.010253551416099072, 0.013261913942794004
O83514,P,0.014401718974113464, 0.013557662980424033
O83514,M,0.023210356011986732, 0.013298320894440016
O83514,A,0.009580904617905617, 0.015452723225785626
O83514,L,0.008038562722504139, 0.02520452139692174
O83514,I,0.013821040280163288, 0.03601692782508002
O83514,L,0.01594672165811062, 0.04674998836384879
O83514,S,0.03343396261334419, 0.048371523411737546
O83514,Q,0.09815387427806854, 0.051067666047149234
O83514,P,0.10756520926952362, 0.05447182421469026
O83514,D,0.11099926382303238, 0.054342970665958196
O83514,L,0.037804171442985535, 0.0548044258935584
O83514,G,0.033846188336610794, 0.0523203301967846
O83514,T,0.03867598623037338, 0.04353492841538456
O83514,A,0.012661358341574669, 0.03237455586592356
O83514,S,0.02009981870651245, 0.02124531442920367
O83514,V,0.011077101342380047, 0.018018779758777883
O83514,Y,0.01908525824546814, 0.01499865778411428
O83514,L,0.007121856324374676, 0.011380593706336286
O83514,P,0.01083609089255333, 0.01084097164372603
O83514,I,0.008765359409153461, 0.009449903956717916
O83514,F,0.006665090564638376, 0.008897327197094759
O83514,L,0.0061134095303714275, 0.008561568438178964
O83514,V,0.007804759778082371, 0.009377454407513142
O83514,M,0.007580209523439407, 0.010148843232956197
O83514,C,0.006103910505771637, 0.011211989861395624
O83514,F,0.016063429415225983, 0.012496732744491763
O83514,I,0.014464830048382282, 0.01692784225775136
O83514,A,0.017778590321540833, 0.019344447491069634
O83514,G,0.0183336790651083, 0.027666979055437777
O83514,F,0.018227776512503624, 0.030271283971766632
O83514,P,0.045993395149707794, 0.029999358165595267
O83514,L,0.029554206877946854, 0.030425657104286883
O83514,R,0.08248299360275269, 0.030474195981191263
O83514,L,0.029542654752731323, 0.030088509743412335
O83514,I,0.013616097159683704, 0.029635458667245176
O83514,F,0.018301520496606827, 0.02665194424076213
O83514,A,0.018215440213680267, 0.024995404295623302
O83514,V,0.014862502925097942, 0.017870987558530435
O83514,V,0.014150316826999187, 0.01613144814554188
O83514,C,0.01914176531136036, 0.016268520926435787
O83514,V,0.014645347371697426, 0.01711654683781995
O83514,V,0.018363242968916893, 0.017239710316061974
O83514,L,0.013886800035834312, 0.017955510670112237
O83514,L,0.014849752187728882, 0.020456549815005727
O83514,T,0.025933753699064255, 0.02243232023384836
O83514,L,0.019323911517858505, 0.02426871057185862
O83514,L,0.02130470611155033, 0.02724371188216739
O83514,F,0.03665966913104057, 0.03629652762578593
O83514,T,0.03692369908094406, 0.04295363132324484
O83514,L,0.03117286041378975, 0.0480627009852065
O83514,L,0.04513825476169586, 0.05758892931044102
O83514,P,0.09536214172840118, 0.06702687425745858
O83514,L,0.07476368546485901, 0.0703769934674104
O83514,W,0.07191538065671921, 0.07518080911702579
O83514,E,0.10505996644496918, 0.08671567009554969
O83514,Q,0.1062462106347084, 0.09789044989479913
O83514,T,0.066810742020607, 0.10698976119359334
O83514,F,0.0801580399274826, 0.11526673369937473
O83514,L,0.13498660922050476, 0.12104893641339408
O83514,Q,0.1457112729549408, 0.12020086579852635
O83514,Y,0.17725594341754913, 0.11498378755317794
O83514,Q,0.14925643801689148, 0.11977672287159497
O83514,G,0.12395520508289337, 0.1269517760309908
O83514,V,0.09742733091115952, 0.11812687251302931
O83514,A,0.0592925064265728, 0.10890002300341924
O83514,T,0.10994715988636017, 0.10163446681367026
O83514,R,0.1447335183620453, 0.09285780704683727
O83514,I,0.05556247755885124, 0.09159088714255227
O83514,A,0.06266962736845016, 0.08677475071615642
O83514,D,0.11186593770980835, 0.0854761650164922
O83514,S,0.07026650011539459, 0.07812392173541917
O83514,R,0.11255292594432831, 0.06633039522502157
O83514,M,0.054082103073596954, 0.06363277427024311
O83514,L,0.0476052351295948, 0.05908852153354221
O83514,S,0.043776970356702805, 0.04966692295339373
O83514,L,0.03859177976846695, 0.04436808948715528
O83514,F,0.03128388896584511, 0.03418595136867629
O83514,V,0.021771352738142014, 0.029737356739739578
O83514,F,0.027071550488471985, 0.02685993920183844
O83514,F,0.02257699891924858, 0.02331972774118185
O83514,S,0.020913682878017426, 0.020900609903037548
O83514,L,0.014044751413166523, 0.0193814133397407
O83514,S,0.021708477288484573, 0.018130942868689697
O83514,A,0.011915067210793495, 0.016614456040163834
O83514,T,0.016819719225168228, 0.015749553528924782
O83514,S,0.017611119896173477, 0.015393854739765326
O83514,A,0.010517118498682976, 0.016398539766669273
O83514,V,0.013423169031739235, 0.018600190472271707
O83514,A,0.014792876318097115, 0.023883375028769176
O83514,V,0.017712393775582314, 0.02816601221760114
O83514,V,0.023086916655302048, 0.032998679412735835
O83514,G,0.04152333363890648, 0.04134671659105354
O83514,Y,0.059463728219270706, 0.049880886243449316
O83514,L,0.055363453924655914, 0.061435646274023585
O83514,L,0.06110512465238571, 0.06900675801767243
O83514,S,0.08564945310354233, 0.07365967250532574
O83514,G,0.09023069590330124, 0.07442045625713137
O83514,R,0.11878571659326553, 0.07226021753417121
O83514,K,0.08585239946842194, 0.07050092559721735
O83514,Y,0.06496314704418182, 0.06592569500207901
O83514,Y,0.04837038740515709, 0.058453422867589526
O83514,Y,0.04002157971262932, 0.05155129461652703
O83514,W,0.03952982649207115, 0.039819597370094724
O83514,I,0.01992804929614067, 0.031686638481915
O83514,T,0.018399003893136978, 0.02604189183976915
O83514,Y,0.028111541643738747, 0.02267045569088724
O83514,A,0.013200441375374794, 0.019937183087070782
O83514,L,0.012655769474804401, 0.017176634425090417
O83514,G,0.014160427264869213, 0.016153991015421018
O83514,M,0.01802746206521988, 0.01624010730948713
O83514,V,0.015422126278281212, 0.01795678875512547
O83514,S,0.014684888534247875, 0.018441267932454746
O83514,I,0.010724258609116077, 0.018218019149369664
O83514,S,0.01917405053973198, 0.020490751394795045
O83514,Y,0.043561674654483795, 0.023424985818564892
O83514,G,0.017560753971338272, 0.024158583850496344
O83514,A,0.01064653042703867, 0.02611119569175773
O83514,S,0.03461501747369766, 0.03670652096884118
O83514,L,0.04443557187914848, 0.049847853783932
O83514,L,0.02202450856566429, 0.049931390521427
O83514,G,0.03225839510560036, 0.05270038555479712
O83514,V,0.10608218610286713, 0.07641683270533879
O83514,R,0.13744604587554932, 0.08832471734947628
O83514,V,0.04431350529193878, 0.10774861814247237
O83514,L,0.04248170927166939, 0.11316362933980094
O83514,K,0.22409455478191376, 0.11705074831843376
O83514,P,0.14178597927093506, 0.11824949209888776
O83514,Y,0.21925067901611328, 0.11152390100889736
O83514,Q,0.0707596093416214, 0.10760729822019736
O83514,M,0.06724246591329575, 0.114327946677804
O83514,M,0.11687088012695312, 0.09835141835113366
O83514,R,0.07691572606563568, 0.08486332102782196
O83514,L,0.009064080193638802, 0.06359830498695374
O83514,I,0.10296754539012909, 0.06766287651326922
O83514,I,0.0803057998418808, 0.0721935157974561
O83514,F,0.02039310336112976, 0.08767484542396334
O83514,L,0.027865534648299217, 0.09189163893461227
O83514,N,0.1073407530784607, 0.10874315992825562
O83514,P,0.10801821947097778, 0.12164955565498935
O83514,E,0.2562028467655182, 0.14015213710566363
O83514,V,0.11486686766147614, 0.14548978933857548
O83514,D,0.16072776913642883, 0.1536758484111892
O83514,P,0.21912510693073273, 0.14940454645289314
O83514,L,0.24682903289794922, 0.15654088308413824
O83514,K,0.06843197345733643, 0.1363892381389936
O83514,A,0.10154006630182266, 0.1281450419790215
O83514,G,0.06889903545379639, 0.12403940616382493
O83514,W,0.17224524915218353, 0.10733694127864307
O83514,H,0.07483804225921631, 0.08154901882840528
O83514,I,0.04066910222172737, 0.08389266269902389
O83514,I,0.12377704679965973, 0.0770223569124937
O83514,Q,0.06880292296409607, 0.0703139112641414
O83514,S,0.014737730845808983, 0.05292681997848882
O83514,M,0.0895247682929039, 0.048751143738627434
O83514,I,0.03970731422305107, 0.05005901907053259
O83514,A,0.008523024618625641, 0.03947680050300227
O83514,I,0.015761427581310272, 0.03645208995375368
O83514,G,0.03725695610046387, 0.03654907540314727
O83514,S,0.05243998020887375, 0.032693078741431236
O83514,G,0.028537079691886902, 0.030374170798394415
O83514,G,0.041580528020858765, 0.036216538606418505
O83514,A,0.015610599890351295, 0.03790588697625531
O83514,F,0.054820798337459564, 0.04159535653889179
O83514,G,0.01883714273571968, 0.03926993513272868
O83514,M,0.06110433489084244, 0.045798115639222994
O83514,G,0.030965562909841537, 0.04309722698397107
O83514,Y,0.0704621821641922, 0.0478495005518198
O83514,L,0.03151118755340576, 0.0492671804709567
O83514,R,0.0872907042503357, 0.05465255822572443
O83514,G,0.017272530123591423, 0.06085882646342119
O83514,P,0.058381062000989914, 0.07338822653724088
O83514,Q,0.06757991760969162, 0.08369336132374075
O83514,S,0.0673055425286293, 0.09004254990981685
O83514,H,0.11696074903011322, 0.08306043450203207
O83514,Y,0.14373016357421875, 0.09788124884168307
O83514,R,0.16320839524269104, 0.10647079514132606
O83514,F,0.08865388482809067, 0.11325941069258584
O83514,L,0.024451665580272675, 0.11921630303064983
O83514,P,0.15065985918045044, 0.11083496982852618
O83514,Q,0.1356869786977768, 0.10350576001736853
O83514,Q,0.12867745757102966, 0.08913937211036682
O83514,S,0.12091757357120514, 0.08117137311233415
O83514,T,0.04152875021100044, 0.080188091016478
O83514,D,0.0777672752737999, 0.06508451141417027
O83514,F,0.033910904079675674, 0.05160704275800122
O83514,I,0.016941893845796585, 0.038168043519059815
O83514,F,0.015602126717567444, 0.02620852469570107
O83514,S,0.014727642759680748, 0.025811278778645728
O83514,I,0.014389760792255402, 0.020593331712815497
O83514,L,0.007726464420557022, 0.019846269239981968
O83514,S,0.01328190416097641, 0.020166180820928678
O83514,E,0.037953536957502365, 0.019960104073915217
O83514,E,0.03080575168132782, 0.01947018162657817
O83514,W,0.027187341824173927, 0.0201129914364881
O83514,G,0.01982109807431698, 0.020850186029242143
O83514,F,0.013747435994446278, 0.020298119737870164
O83514,V,0.010318340733647346, 0.01684765817804469
O83514,G,0.02017504908144474, 0.014517362850407759
O83514,G,0.014361215755343437, 0.012979099527001381
O83514,V,0.008313307538628578, 0.011944763362407684
O83514,I,0.006899382919073105, 0.011281650823851427
O83514,V,0.009833093732595444, 0.011976229544315074
O83514,F,0.013342971913516521, 0.010983417328033183
O83514,G,0.010512072592973709, 0.010381880009339916
O83514,L,0.007779423147439957, 0.010626370708147684
O83514,Y,0.016569549217820168, 0.010943340448041758
O83514,L,0.011239739134907722, 0.01237252571930488
O83514,L,0.008947379887104034, 0.0174705454458793
O83514,F,0.010513723827898502, 0.017067895219143894
O83514,F,0.009752110578119755, 0.017734355034513608
O83514,L,0.022695761173963547, 0.021215933323320415
O83514,H,0.05922514945268631, 0.022930816281586885
O83514,T,0.006888220552355051, 0.023566757070107594
O83514,L,0.013777561485767365, 0.02998058596212003
O83514,S,0.04790375381708145, 0.03610857995226979
O83514,I,0.026673685759305954, 0.03669928350589342
O83514,M,0.014670846983790398, 0.04504595288178987
O83514,S,0.06823818385601044, 0.05126868084900909
O83514,H,0.06490405648946762, 0.06096745344499747
O83514,V,0.028012093156576157, 0.06819555225471656
O83514,D,0.1343451738357544, 0.06759552305771245
O83514,D,0.06289277225732803, 0.06928056768245167
O83514,L,0.10106651484966278, 0.0632436072660817
O83514,Y,0.11295664310455322, 0.057343477176295385
O83514,G,0.021273422986268997, 0.05510934587154123
O83514,K,0.029836248606443405, 0.04174328554007742
O83514,L,0.013905540108680725, 0.03602705751028326
O83514,I,0.011802885681390762, 0.025824166937834687
O83514,A,0.007904911413788795, 0.015022189977268377
O83514,S,0.01405063085258007, 0.014537920244038105
O83514,G,0.011446719989180565, 0.015090414322912693
O83514,V,0.009240499697625637, 0.016098721470269892
O83514,L,0.015738850459456444, 0.01559497845462627
O83514,G,0.01691499538719654, 0.016973563728647098
O83514,M,0.0348086953163147, 0.028237447711742587
O83514,F,0.022980304434895515, 0.03126771867068277
O83514,L,0.007269198540598154, 0.03129253055279454
O83514,F,0.020312178879976273, 0.032767386020471655
O83514,H,0.11542558670043945, 0.040424097484598555
O83514,F,0.03871915861964226, 0.03753809087599317
O83514,V,0.009463806636631489, 0.03621774368608991
O83514,V,0.02901254966855049, 0.042061798377997346
O83514,N,0.08582539856433868, 0.042856895157860384
O83514,V,0.008834635838866234, 0.033655722418593034
O83514,G,0.011097179725766182, 0.03487455048080948
O83514,M,0.059865690767765045, 0.03553159162402153
O83514,T,0.02746804989874363, 0.03359364935507377
O83514,M,0.03261503204703331, 0.03263518348750141
O83514,G,0.049688611179590225, 0.038822949657009706
O83514,I,0.01537717692553997, 0.04620494165768226
O83514,M,0.011571069248020649, 0.04714546735501952
O83514,P,0.07719920575618744, 0.0572716538897819
O83514,I,0.06452453136444092, 0.0660470441604654
O83514,T,0.07753510773181915, 0.06427608295861217
O83514,G,0.06833042204380035, 0.07078890471408765
O83514,I,0.11860372871160507, 0.07201991106073062
O83514,P,0.11159354448318481, 0.06569433708985646
O83514,L,0.033749960362911224, 0.0670024926463763
O83514,L,0.07399257272481918, 0.08074163811074363
O83514,L,0.02265012636780739, 0.0769244564904107
O83514,L,0.020269040018320084, 0.06598996619383495
O83514,S,0.07629793137311935, 0.05655705307920774
O83514,Y,0.20118741691112518, 0.05946778919961718
O83514,G,0.033975787460803986, 0.05393641897373729
O83514,G,0.02019331604242325, 0.05300422478467226
O83514,S,0.026697326451539993, 0.052362647735410266
O83514,S,0.059946585446596146, 0.04751129158669048
O83514,L,0.024210240691900253, 0.02664753453185161
O83514,W,0.014260378666222095, 0.024348895479407575
O83514,T,0.014494846574962139, 0.023349542688164446
O83514,A,0.032635726034641266, 0.02223806507471535
O83514,M,0.01341360341757536, 0.01699617536117633
O83514,I,0.013288035988807678, 0.015258484623498388
O83514,A,0.011199140921235085, 0.015519099206560187
O83514,T,0.016694027930498123, 0.017493736205829516
O83514,G,0.012769578024744987, 0.016619810213645298
O83514,L,0.008571024052798748, 0.016540401615202427
O83514,L,0.016605909913778305, 0.021050613063077133
O83514,M,0.03226657956838608, 0.024840932649870712
O83514,S,0.02477039210498333, 0.03431980011777745
O83514,I,0.012698926031589508, 0.04011040977719757
O83514,N,0.05387993901968002, 0.04548791402743922
O83514,A,0.04531201720237732, 0.0436428129259083
O83514,R,0.10200383514165878, 0.040057637418309845
O83514,Q,0.06488506495952606, 0.037305371628867254
O83514,L,0.0569685623049736, 0.03589437984757953
O83561,M,0.0930950716137886, 0.0728616068760554
O83561,R,0.23277711868286133, 0.08905217382642958
O83561,A,0.07283594459295273, 0.09453414132197697
O83561,H,0.1505885124206543, 0.1057763256960445
O83561,E,0.10645781457424164, 0.1171328764822748
O83561,Y,0.14571510255336761, 0.11362620608674155
O83561,A,0.049337707459926605, 0.09228131878707144
O83561,L,0.10117965936660767, 0.08638131928940614
O83561,D,0.10220895707607269, 0.07140396224955718
O83561,D,0.06153503805398941, 0.06145004659063286
O83561,D,0.04067313298583031, 0.05087350122630596
O83561,I,0.019735949113965034, 0.048897118825051517
O83561,V,0.015792299062013626, 0.047446704366140895
O83561,A,0.016872573643922806, 0.045485768674148455
O83561,I,0.05052619427442551, 0.051257264903850026
O83561,A,0.03155026584863663, 0.05560306397577127
O83561,T,0.08812592923641205, 0.06359486033519109
O83561,A,0.08456053584814072, 0.0656547099351883
O83561,L,0.11347850412130356, 0.06726778505576982
O83561,S,0.07978532463312149, 0.06921212830477291
O83561,P,0.09166211634874344, 0.06780850204328696
O83561,A,0.03433094546198845, 0.05952916190856033
O83561,A,0.031390249729156494, 0.05096959120904406
O83561,L,0.06802528351545334, 0.0459758296298484
O83561,G,0.0189176294952631, 0.03808303937936822
O83561,I,0.013611868023872375, 0.034723706698666014
O83561,V,0.0075243995524942875, 0.034567346744653255
O83561,R,0.06853464990854263, 0.042088816304587655
O83561,T,0.008750212378799915, 0.047175023032145366
O83561,S,0.06142812222242355, 0.050569931200395025
O83561,G,0.032923705875873566, 0.05779528240155843
O83561,S,0.09908347576856613, 0.06755611517777045
O83561,S,0.11380114406347275, 0.07210526749905613
O83561,S,0.04947180300951004, 0.07283337548789051
O83561,I,0.07864002883434296, 0.07060758117586374
O83561,E,0.09537189453840256, 0.0751650756638911
O83561,R,0.10947702080011368, 0.06785529241379765
O83561,V,0.015303184278309345, 0.058442782093253404
O83561,A,0.04139597341418266, 0.06418861438416773
O83561,S,0.07394115626811981, 0.0734851293058859
O83561,F,0.03329542651772499, 0.07212463424851497
O83561,F,0.029088551178574562, 0.08127644978877571
O83561,S,0.10118429362773895, 0.09127252983550231
O83561,R,0.16230866312980652, 0.09316051482326454
O83561,A,0.08312743902206421, 0.10356063457826774
O83561,Q,0.19184336066246033, 0.12821022110680738
O83561,A,0.10526790469884872, 0.13278287318017748
O83561,L,0.058387838304042816, 0.14791687495178646
O83561,T,0.1675422340631485, 0.14526294502947065
O83561,R,0.2551417052745819, 0.15718168020248413
O83561,A,0.07024241983890533, 0.14623871611224282
O83561,R,0.23739030957221985, 0.1399224516418245
O83561,A,0.13842329382896423, 0.14216830084721246
O83561,H,0.19039605557918549, 0.13527008559968737
O83561,T,0.09335668385028839, 0.10974766872823238
O83561,F,0.048421524465084076, 0.11447442633410294
O83561,L,0.07860048115253448, 0.0896278236889177
O83561,H,0.10545829683542252, 0.0833613034337759
O83561,G,0.025439953431487083, 0.074300661476122
O83561,W,0.11278323829174042, 0.07974015486737092
O83561,I,0.01377088576555252, 0.0928051709714863
O83561,L,0.08202461153268814, 0.09517260206242402
O83561,D,0.10885027796030045, 0.10973845318787628
O83561,G,0.14231212437152863, 0.11215871945023537
O83561,K,0.1660066694021225, 0.11026029826866256
O83561,T,0.09990736097097397, 0.12699954998162058
O83561,R,0.2365509569644928, 0.12003095986114608
O83561,V,0.04722234979271889, 0.11181367892358038
O83561,D,0.09569744765758514, 0.09734743481708898
O83561,E,0.16442415118217468, 0.08431399054825306
O83561,V,0.019307300448417664, 0.07794153255720933
O83561,V,0.03489474952220917, 0.058463036807046995
O83561,L,0.012115927413105965, 0.07244710893266731
O83561,L,0.04870567098259926, 0.0702480651024315
O83561,V,0.04255523905158043, 0.06642933624486129
O83561,Y,0.06124449521303177, 0.08179504610598087
O83561,R,0.1730789989233017, 0.08407344068917963
O83561,A,0.07590605318546295, 0.08884040142099063
O83561,P,0.13005559146404266, 0.09000675256053607
O83561,H,0.15759868919849396, 0.0930207437939114
O83561,S,0.055400300770998, 0.09603781335883671
O83561,F,0.05501857399940491, 0.08675650672780143
O83561,T,0.059202831238508224, 0.08053179851008786
O83561,G,0.06968116015195847, 0.0670893509975738
O83561,E,0.08839812129735947, 0.0541429084001316
O83561,H,0.08954723924398422, 0.048747675493359566
O83561,A,0.01988367922604084, 0.047122637223866254
O83561,V,0.009073563851416111, 0.04240020178258419
O83561,E,0.04108070582151413, 0.04075650270614359
O83561,I,0.006843204610049725, 0.03438438081906901
O83561,I,0.04039322957396507, 0.029709634888503287
O83561,C,0.01670091226696968, 0.038325746026304036
O83561,H,0.05488786846399307, 0.045960947767727904
O83561,G,0.031049024313688278, 0.044713271057440176
O83561,G,0.04747452586889267, 0.04677243654926618
O83561,V,0.09742867946624756, 0.05297915968630049
O83561,R,0.07779037952423096, 0.055676595204406314
O83561,T,0.02985161542892456, 0.05070017226454285
O83561,V,0.025375694036483765, 0.04967208568834596
O83561,Q,0.09625373780727386, 0.05490454731302129
O83561,A,0.040977831929922104, 0.04840990145587259
O83561,V,0.010100062005221844, 0.040760749847524695
O83561,Y,0.021796245127916336, 0.04370952614893516
O83561,R,0.09456668049097061, 0.05007563252002001
O83561,L,0.038976866751909256, 0.04769964816255702
O83561,C,0.008948015049099922, 0.048033003281388015
O83561,L,0.05639060214161873, 0.049382950075798564
O83561,A,0.0826706513762474, 0.06174361685083972
O83561,Q,0.07486987859010696, 0.057773159402940005
O83561,G,0.04397802799940109, 0.05698122104836835
O83561,F,0.022249583154916763, 0.06602436304092407
O83561,R,0.13304224610328674, 0.06700363962186708
O83561,A,0.0588325634598732, 0.06569612978233232
O83561,A,0.03184942156076431, 0.06495925825503138
O83561,Q,0.09033629298210144, 0.06461738132768208
O83561,R,0.06520409137010574, 0.06511831614706251
O83561,G,0.07090306282043457, 0.05503660523229175
O83561,E,0.0682380348443985, 0.05750219192769793
O83561,F,0.04090113565325737, 0.05691961757838726
O83561,S,0.026757996529340744, 0.04970556269917223
O83561,F,0.042306847870349884, 0.048701967837082014
O83561,R,0.08102284371852875, 0.05197499795920319
O83561,S,0.026606252416968346, 0.051976403635409146
O83561,F,0.025409799069166183, 0.06276124032835166
O83561,F,0.05617173761129379, 0.06722263267470731
O83561,H,0.10036033391952515, 0.07180159394111899
O83561,G,0.06825068593025208, 0.06673704812096225
O83561,K,0.13796466588974, 0.06833459643854035
O83561,R,0.0669105276465416, 0.07553128815359539
O83561,D,0.08351749926805496, 0.07133550238278177
O83561,L,0.03544193133711815, 0.06509621151619488
O83561,T,0.04098418727517128, 0.059156830319099955
O83561,R,0.09018002450466156, 0.045500638584295906
O83561,I,0.018409665673971176, 0.04270597340332137
O83561,E,0.04420671612024307, 0.03780621993872854
O83561,A,0.01479625515639782, 0.036791994960771665
O83561,I,0.015058940276503563, 0.03590321395960119
O83561,Q,0.04175854101777077, 0.034205090875426926
O83561,S,0.03941971808671951, 0.03507174406614569
O83561,L,0.02631390653550625, 0.04657253064215183
O83561,V,0.03298515826463699, 0.050313704957564674
O83561,D,0.0748969167470932, 0.059545044062866107
O83561,A,0.026209544390439987, 0.05972938218878375
O83561,R,0.1477137953042984, 0.05741333671742015
O83561,T,0.04846682399511337, 0.0574906791249911
O83561,C,0.09814099222421646, 0.062134678992960185
O83561,A,0.04341758415102959, 0.056870583444833755
O83561,A,0.018575308844447136, 0.05568581519441472
O83561,Q,0.027009988203644753, 0.04450153714666764
O83561,Q,0.0747811570763588, 0.04474991591026386
O83561,Q,0.027520056813955307, 0.03692141827195883
O83561,A,0.015546630136668682, 0.03541259498645862
O83561,V,0.04705529287457466, 0.0425377841004067
O83561,L,0.050702232867479324, 0.04613924637022945
O83561,H,0.027684513479471207, 0.043663911831875644
O83561,L,0.02983817458152771, 0.04418501454508967
O83561,S,0.08270201086997986, 0.0502301843629943
O83561,G,0.05942314863204956, 0.055741659882995814
O83561,A,0.05250314623117447, 0.05853760573599073
O83561,L,0.032209981232881546, 0.057519666022724576
O83561,Q,0.06995315849781036, 0.061508764823277794
O83561,Q,0.09665857255458832, 0.05875023785564634
O83561,E,0.0758657455444336, 0.05372491365091668
O83561,I,0.01852305606007576, 0.05544204068266683
O83561,A,0.06574006378650665, 0.06748541206535366
O83561,A,0.057875268161296844, 0.06606015325006512
O83561,L,0.014195230789482594, 0.05629836064245966
O83561,T,0.06795728951692581, 0.0537630712820424
O83561,R,0.140600323677063, 0.05753401211566395
O83561,A,0.05712582916021347, 0.05515515266193284
O83561,L,0.008802439086139202, 0.05621715014179548
O83561,L,0.05304814130067825, 0.05768050139562951
O83561,A,0.052461523562669754, 0.05847572587016556
O83561,F,0.044330328702926636, 0.04516429857661327
O83561,S,0.06743324548006058, 0.04853638416777054
O83561,A,0.027365392073988914, 0.05233832697073618
O83561,T,0.07511430978775024, 0.05788468403948678
O83561,L,0.020797478035092354, 0.0577860607041253
O83561,Q,0.08747459948062897, 0.06586435602770911
O83561,G,0.04301992431282997, 0.06735142899884118
O83561,E,0.1029653549194336, 0.07792332044078244
O83561,I,0.05157391354441643, 0.0895328763872385
O83561,E,0.11703498661518097, 0.10427754372358322
O83561,Y,0.08081690222024918, 0.10811879237492879
O83561,P,0.12251241505146027, 0.12452574860718515
O83561,E,0.1796003133058548, 0.127772839119037
O83561,D,0.15349948406219482, 0.1443309701151318
O83561,E,0.1220458373427391, 0.14629794326093462
O83561,E,0.1906825304031372, 0.15523272504409155
O83561,T,0.13218916952610016, 0.15839984764655432
O83561,R,0.20059709250926971, 0.14737425827317768
O83561,V,0.1347377449274063, 0.13923603710201052
O83561,H,0.1612299382686615, 0.1382556880513827
O83561,D,0.15101651847362518, 0.1392322008808454
O83561,I,0.08037000894546509, 0.13451562739080852
O83561,D,0.08025549352169037, 0.11407678284578854
O83561,M,0.11322269588708878, 0.10885294650991757
O83561,R,0.1994711458683014, 0.1012677935262521
O83561,E,0.08974000811576843, 0.08806804981496599
O83561,L,0.016647491604089737, 0.08422746178176668
O83561,E,0.08772321790456772, 0.08773128439982732
O83561,P,0.0929635614156723, 0.08485678500599331
O83561,L,0.032218825072050095, 0.06359554185635513
O83561,V,0.045804716646671295, 0.06649148981604311
O83561,E,0.11178989708423615, 0.07715561302999656
O83561,R,0.0873522013425827, 0.06984909313420455
O83561,L,0.008119957521557808, 0.06779189345737298
O83561,R,0.1158035397529602, 0.07121712693737613
O83561,R,0.11262460052967072, 0.07275258604851034
O83561,L,0.02196453884243965, 0.06537122755414909
O83561,R,0.07444876432418823, 0.07015586292578115
O83561,A,0.0630459263920784, 0.07738956519299084
O83561,C,0.059623848646879196, 0.07080712624722058
O83561,W,0.04535767063498497, 0.06342469652493794
O83561,Q,0.13041391968727112, 0.06711714176668061
O83561,E,0.07322327792644501, 0.06409066749943627
O83561,R,0.05656158924102783, 0.06818037066194746
O83561,A,0.04618273302912712, 0.07449987903237343
O83561,L,0.05519654601812363, 0.07560722364319696
O83561,Q,0.04721049591898918, 0.06587780267000198
O83561,R,0.09985325485467911, 0.06929423246118757
O83561,T,0.11649942398071289, 0.06391904554847214
O83561,G,0.0553237721323967, 0.060682926430470414
O83561,V,0.04284913092851639, 0.055990143161680966
O83561,R,0.10397114604711533, 0.0522278950860103
O83561,I,0.008184907026588917, 0.04456887125141091
O83561,V,0.017057660967111588, 0.035629518123136625
O83561,L,0.012961496599018574, 0.03523740896748172
O83561,G,0.013350263237953186, 0.03847072087228298
O83561,G,0.030922040343284607, 0.02889284760587745
O83561,C,0.036045245826244354, 0.030340762291517522
O83561,P,0.05179478973150253, 0.032796423985726304
O83561,N,0.07194893807172775, 0.03610495809051725
O83561,A,0.01777028664946556, 0.03881904896762636
O83561,G,0.02121613919734955, 0.03632696935286125
O83561,K,0.039158616214990616, 0.03311369950986571
O83561,S,0.042738303542137146, 0.030194558513661224
O83561,S,0.03777708113193512, 0.025465767313208845
O83561,L,0.008493323810398579, 0.024686132454209857
O83561,F,0.007125817239284515, 0.024016154723034963
O83561,N,0.025522520765662193, 0.02417398326926761
O83561,A,0.029389817267656326, 0.029413556059201557
O83561,L,0.010753572918474674, 0.03532450315025118
O83561,L,0.015186339616775513, 0.04266625259899431
O83561,G,0.04057907313108444, 0.043743648359345064
O83561,Q,0.08989445865154266, 0.04476466164406803
O83561,D,0.09097560495138168, 0.04470323926458756
O83561,R,0.07456906884908676, 0.050772106274962425
O83561,A,0.01682237908244133, 0.06625799068974124
O83561,I,0.03471164032816887, 0.07229660430716144
O83561,V,0.028837015852332115, 0.07400735612544748
O83561,S,0.06537337601184845, 0.06823060516681936
O83561,S,0.15455929934978485, 0.06819295076032479
O83561,V,0.09492659568786621, 0.0776720450570186
O83561,P,0.1052912250161171, 0.08825474253131284
O83561,G,0.03898484632372856, 0.0980467361708482
O83561,T,0.07423017919063568, 0.09583420927325885
O83561,T,0.10213422775268555, 0.08143399469554424
O83561,R,0.12995591759681702, 0.07899186905059549
O83561,D,0.11696495860815048, 0.0702282747046815
O83561,W,0.04546063393354416, 0.07607216698427995
O83561,L,0.02495736815035343, 0.07078857285281022
O83561,E,0.07294746488332748, 0.07296066958871153
O83561,A,0.02641887590289116, 0.0616900697350502
O83561,D,0.0915798768401146, 0.07155665258566539
O83561,L,0.026677832007408142, 0.07404098328616884
O83561,D,0.12168309837579727, 0.07968216203153133
O83561,L,0.02852051891386509, 0.08648366046448548
O83561,S,0.20576420426368713, 0.08562124665412638
O83561,G,0.06781961023807526, 0.08307110414736801
O83561,I,0.07572797685861588, 0.08116582118802601
O83561,P,0.13416095077991486, 0.07081814006798798
O83561,V,0.018657151609659195, 0.07424355588025516
O83561,R,0.06862859427928925, 0.05465189657277531
O83561,L,0.009530285373330116, 0.05251548977361785
O83561,C,0.02855396829545498, 0.049634656144513026
O83561,D,0.05934926122426987, 0.03916573772827784
O83561,T,0.029439270496368408, 0.05763321162925826
O83561,A,0.04859194904565811, 0.07025716909103924
O83561,G,0.04980047419667244, 0.08371491668124993
O83561,L,0.03994068503379822, 0.10651090616981189
O83561,R,0.18486441671848297, 0.11509977901975314
O83561,V,0.182244211435318, 0.1286330467296971
O83561,T,0.13065001368522644, 0.1298335041436884
O83561,D,0.2337178736925125, 0.1321544059448772
O83561,N,0.13664911687374115, 0.1453008676568667
O83561,P,0.15123867988586426, 0.14415720187955433
O83561,I,0.05939606577157974, 0.12667295522987843
O83561,E,0.07068859040737152, 0.11502181283301777
O83561,A,0.1582588404417038, 0.10270869442158276
O83561,Q,0.1745714247226715, 0.10163616016507149
O83561,G,0.0248859915882349, 0.08791935712926918
O83561,V,0.025789732113480568, 0.09451822957230939
O83561,V,0.12289980798959732, 0.10269291554060248
O83561,R,0.12699630856513977, 0.08944740829368432
O83561,S,0.027787452563643456, 0.07293060401247607
O83561,E,0.11878591775894165, 0.08927620988753107
O83561,Q,0.14426076412200928, 0.09889558392266433
O83561,L,0.03904927521944046, 0.08826921280059549
O83561,L,0.025920186191797256, 0.08119535508255164
O83561,Q,0.17199644446372986, 0.07956083884669675
O83561,G,0.11236409842967987, 0.06838497871326076
O83561,A,0.02726246789097786, 0.05328605086025265
O83561,D,0.06333158910274506, 0.05145391521768437
O83561,C,0.01307680644094944, 0.0495989423038231
O83561,V,0.01820317655801773, 0.032753372047510415
O83561,F,0.008370413444936275, 0.027243049297895696
O83561,Y,0.022560054436326027, 0.026311011467542913
O83561,I,0.009225429967045784, 0.04237147969090276
O83561,I,0.020386312156915665, 0.05296872090548277
O83561,N,0.06277119368314743, 0.06416687152038018
O83561,G,0.01887412741780281, 0.06684597084919612
O83561,R,0.2078758031129837, 0.07419569272961882
O83561,A,0.1084519773721695, 0.08420319482684135
O83561,G,0.11898653209209442, 0.09267671902974446
O83561,V,0.03248230740427971, 0.09187342723210652
O83561,Q,0.08870755136013031, 0.09810829203989771
O83561,A,0.09929294884204865, 0.08781225524014896
O83561,A,0.09664802998304367, 0.08319644009073575
O83561,D,0.055541567504405975, 0.07187602958745426
O83561,C,0.07498791068792343, 0.084390912618902
O83561,A,0.11521147191524506, 0.08994653572638829
O83561,F,0.06690964102745056, 0.08324483989013566
O83561,L,0.017102837562561035, 0.08102325888143645
O83561,S,0.14511625468730927, 0.08139346291621526
O83561,D,0.13870815932750702, 0.08303574886586931
O83561,C,0.03897768631577492, 0.0733500166485707
O83561,A,0.07665380090475082, 0.06724235280934307
O83561,V,0.05887340381741524, 0.06731249071243736
O83561,P,0.08976848423480988, 0.05216682153857417
O83561,L,0.028039881959557533, 0.03942529784722461
O83561,V,0.01194066647440195, 0.03880665503028366
O83561,V,0.01773407869040966, 0.035957692087524466
O83561,V,0.008805232122540474, 0.03383050745146142
O83561,V,0.024034446105360985, 0.03780551803194814
O83561,T,0.03340990096330643, 0.04785122173941798
O83561,H,0.05101313441991806, 0.05196206085383892
O83561,N,0.039728742092847824, 0.07030261556307475
O83561,D,0.12554357945919037, 0.08886330636839072
O83561,L,0.11845121532678604, 0.1078604401813613
O83561,M,0.048938218504190445, 0.12125229338804881
O83561,S,0.1827990710735321, 0.12497173663642672
O83561,M,0.17585144937038422, 0.1358803589310911
O83561,S,0.19500865042209625, 0.13649254995915625
O83561,E,0.15393657982349396, 0.12798908932341468
O83561,R,0.08448812365531921, 0.12860418897536066
O83561,I,0.13790634274482727, 0.1237033824953768
O83561,Q,0.13105329871177673, 0.1117531843483448
O83561,V,0.041920069605112076, 0.09314843453466892
O83561,C,0.0544741153717041, 0.08835609857406881
O83561,Q,0.13869181275367737, 0.1019540803713931
O83561,A,0.06829966604709625, 0.09755333533717526
O83561,V,0.02756590209901333, 0.08596907059351604
O83561,Q,0.11080555617809296, 0.09189084048072498
O83561,P,0.2068699598312378, 0.09409271801511447
O83561,F,0.09829963743686676, 0.08920236552755038
O83561,I,0.02679491601884365, 0.0916260758207904
O83561,S,0.09521599858999252, 0.09979555569589138
O83561,A,0.07429101318120956, 0.0970154973781771
O83561,P,0.09467864036560059, 0.0889256867683596
O83561,V,0.09011305868625641, 0.08926397210194005
O83561,L,0.10109122097492218, 0.11076855576700634
O83561,S,0.08578503131866455, 0.11604516042603387
O83561,C,0.13406166434288025, 0.13525482598278257
O83561,A,0.10134420543909073, 0.15081476420164108
O83561,R,0.2203361690044403, 0.15315526641077465
O83561,S,0.14270544052124023, 0.17497223036156762
O83561,Q,0.24717800319194794, 0.18519670516252518
O83561,D,0.23471808433532715, 0.18634985304541057
O83561,A,0.11117757856845856, 0.19507665932178497
O83561,R,0.2974438965320587, 0.19712821973694694
O83561,G,0.17780530452728271, 0.20379445287916395
O83561,A,0.14443999528884888, 0.1917635980579588
O83561,G,0.17988546192646027, 0.18253551423549652
O83561,E,0.23880021274089813, 0.18694685565100777
O83561,Q,0.20270153880119324, 0.17507173120975494
O83561,C,0.13890030980110168, 0.17724137008190155
O83561,L,0.1516653299331665, 0.1879479040702184
O83561,A,0.1508796513080597, 0.19597874416245353
O83561,G,0.1905677765607834, 0.18667144080003104
O83561,G,0.19733205437660217, 0.19288646015856
O83561,K,0.24079880118370056, 0.19478182825777265
O83561,N,0.25216302275657654, 0.20620012448893654
O83561,G,0.15503448247909546, 0.20736825631724465
O83561,E,0.2586367130279541, 0.2067150423924128
O83561,V,0.1559586226940155, 0.19546505560477576
O83561,R,0.25442999601364136, 0.1827057326833407
O83561,D,0.16139283776283264, 0.17491009417507383
O83561,R,0.18468885123729706, 0.16269696545269755
O83561,A,0.0960821732878685, 0.1393902637064457
O83561,P,0.12596489489078522, 0.1244122369421853
O83561,R,0.18200227618217468, 0.1018487707608276
O83561,A,0.045116323977708817, 0.08529843690080775
O83561,F,0.04887639731168747, 0.06995368055585358
O83561,V,0.02115638181567192, 0.06318896108617385
O83561,C,0.05135880038142204, 0.07090381708823973
O83561,V,0.012439833022654057, 0.06748496916972929
O83561,S,0.0465860441327095, 0.07408218137505981
O83561,A,0.03519969806075096, 0.07823439904799064
O83561,K,0.19539859890937805, 0.08647605787134832
O83561,T,0.15123264491558075, 0.08431999685449733
O83561,H,0.1044912338256836, 0.09996320431431134
O83561,A,0.08624635636806488, 0.10317998338076803
O83561,G,0.09533131122589111, 0.10064875148236752
O83561,L,0.03195425122976303, 0.08624808469580279
O83561,D,0.15322870016098022, 0.08010788572331269
O83561,A,0.0755370557308197, 0.07809808498455419
O83561,L,0.012418610975146294, 0.06932030483666393
O83561,R,0.06579259783029556, 0.06668683089729813
O83561,A,0.09597085416316986, 0.08353159773266977
O83561,Q,0.086403027176857, 0.07242611743923691
O83561,T,0.007246335037052631, 0.067732868819601
O83561,L,0.07163004577159882, 0.08580716792494059
O83561,H,0.1835571527481079, 0.09962817291832632
O83561,L,0.05327937752008438, 0.10261296739594804
O83561,L,0.0332978181540966, 0.11346778946204318
O83561,H,0.17508730292320251, 0.12191540126999219
O83561,G,0.1901816427707672, 0.12150371529989773
O83561,G,0.12283400446176529, 0.11747895139786932
O83561,Q,0.18409642577171326, 0.12477751779887411
O83561,V,0.08327484130859375, 0.13388681163390478
O83561,P,0.0679248720407486, 0.12370852794912127
O83561,Y,0.1473342776298523, 0.10834109286467235
O83561,E,0.1189664751291275, 0.09855304741197163
O83561,E,0.11528146266937256, 0.08315399454699622
O83561,L,0.08348274976015091, 0.07964466388026874
O83561,S,0.05187472701072693, 0.08615814190771845
O83561,L,0.0347415953874588, 0.08257242747479016
O83561,G,0.04550494998693466, 0.07478061318397522
O83561,S,0.05169086530804634, 0.07019127243094975
O83561,E,0.12654617428779602, 0.0713914500342475
O83561,R,0.11506284773349762, 0.07409543212917116
O83561,Q,0.04884014651179314, 0.07206788327958849
O83561,Y,0.07397739589214325, 0.07167534944083956
O83561,V,0.09428434818983078, 0.0740530246661769
O83561,L,0.07621056586503983, 0.06099393539544609
O83561,V,0.016493655741214752, 0.05141494350714816
O83561,D,0.041972145438194275, 0.05707196115205685
O83561,A,0.07308994233608246, 0.05361167724347777
O83561,A,0.0090143708512187, 0.04413744000097116
O83561,V,0.02885192073881626, 0.043792689219117165
O83561,Q,0.09975330531597137, 0.05520165401200453
O83561,A,0.04283484071493149, 0.051824612749947443
O83561,L,0.00901621300727129, 0.05425485140747494
O83561,E,0.07310780882835388, 0.06883513068573342
O83561,H,0.11917433887720108, 0.07145140765027867
O83561,A,0.011578774079680443, 0.07301263542224963
O83561,Q,0.09496209025382996, 0.07879729848355055
O83561,E,0.14023688435554504, 0.10114580703278382
O83561,A,0.05239841341972351, 0.10389074083003733
O83561,Y,0.11380435526371002, 0.10899666593306595
O83561,A,0.09489680826663971, 0.11799206087986629
O83561,R,0.2101527899503708, 0.11981362683905496
O83561,G,0.0978122130036354, 0.12043863286574681
O83561,F,0.16512766480445862, 0.11933723092079163
O83561,G,0.09253732860088348, 0.10867536750932534
O83561,L,0.11135618388652802, 0.10709279299610192
O83561,D,0.1458619385957718, 0.09198926741050349
O83561,A,0.0424857959151268, 0.09030671107272308
O83561,V,0.017847584560513496, 0.0728638604697254
O83561,V,0.08065363764762878, 0.07452688221302298
O83561,H,0.07422105967998505, 0.07190401293337345
O83561,D,0.0826692059636116, 0.05682511037836472
O83561,L,0.008142009377479553, 0.055996820227139525
O83561,E,0.10750452429056168, 0.06846479543795188
O83561,E,0.08775036036968231, 0.06637811381369829
O83561,A,0.010151815600693226, 0.05956212431192398
O83561,L,0.03503118455410004, 0.055084662718905344
O83561,Y,0.1300593614578247, 0.06308723116914432
O83561,H,0.061873503029346466, 0.05305460405846437
O83561,C,0.012877154164016247, 0.04977619006401963
O83561,G,0.04237205162644386, 0.05853860959824589
O83561,A,0.08016512542963028, 0.06314963071296613
O83561,L,0.017210880294442177, 0.052970628874997296
O83561,T,0.05824463441967964, 0.0535456920042634
O83561,G,0.08901359140872955, 0.05813707804514302
O83561,E,0.07653037458658218, 0.06248426458073987
O83561,V,0.03844834491610527, 0.05967935733497143
O83561,H,0.0670490711927414, 0.06000399465362231
O83561,S,0.05419962853193283, 0.05572183140450054
O83561,E,0.08149673044681549, 0.05450834292504522
O83561,D,0.05492096021771431, 0.049667004495859146
O83561,I,0.02013261616230011, 0.04622667500128349
O83561,L,0.019705165177583694, 0.04183414009296232
O83561,D,0.07809219509363174, 0.047125695583721004
O83561,A,0.03295832872390747, 0.046508509355286755
O83561,L,0.0074853794649243355, 0.042884069287942514
O83561,F,0.027516257017850876, 0.04606585960007376
O83561,E,0.10182362794876099, 0.04929151272194253
O83561,K,0.07594205439090729, 0.04587497282773256
O83561,L,0.022300999611616135, 0.04902500338438484
O83561,C,0.04876872897148132, 0.04819329455494881
O83561,V,0.04873604327440262, 0.045135932664076485
O83561,G,0.047343336045742035, 0.033822196225325264
O83561,K,0.061308603733778, 0.025384190181891125
O83798,M,0.13412192463874817, 0.08005469913283984
O83798,L,0.16234447062015533, 0.10106885971294509
O83798,F,0.15371976792812347, 0.10576930931872791
O83798,L,0.03674584999680519, 0.1113103764752547
O83798,R,0.23356027901172638, 0.13192430511116982
O83798,S,0.18912744522094727, 0.13732104210389984
O83798,M,0.04230404645204544, 0.12303995796375805
O83798,V,0.049869604408741, 0.11367063514060444
O83798,L,0.18552535772323608, 0.12222357673777474
O83798,W,0.18269255757331848, 0.10389447957277298
O83798,Y,0.03381471335887909, 0.08450835715565416
O83798,A,0.06939586251974106, 0.08957383388446437
O83798,A,0.11372232437133789, 0.09544098149571154
O83798,Y,0.06859840452671051, 0.07602117314106888
O83798,V,0.014652343466877937, 0.05696022127651506
O83798,R,0.08789333701133728, 0.058787644219895206
O83798,P,0.10267393290996552, 0.052185145724150866
O83798,L,0.010747082531452179, 0.04066576301637623
O83798,L,0.01114399079233408, 0.03443128543181552
O83798,D,0.050261519849300385, 0.034848598659866385
O83798,V,0.00997337605804205, 0.0281959715195828
O83798,A,0.010047880001366138, 0.01973042419801156
O83798,L,0.0124881062656641, 0.02015903095404307
O83798,L,0.018408162519335747, 0.020525177526805136
O83798,S,0.02801969274878502, 0.020580255529946752
O83798,F,0.026484007015824318, 0.03012850083824661
O83798,L,0.014604543335735798, 0.031198170656959217
O83798,L,0.014439309947192669, 0.03570138414700826
O83798,Y,0.05075722187757492, 0.04295318014919758
O83798,K,0.09590758383274078, 0.04469314279655615
O83798,T,0.019674908369779587, 0.044314933526847095
O83798,Y,0.0530170276761055, 0.051034089281327195
O83798,E,0.08367432653903961, 0.060604278619090714
O83798,I,0.04367935657501221, 0.06033343014617761
O83798,L,0.023080123588442802, 0.059657516785793833
O83798,V,0.07507694512605667, 0.06013181060552597
O83798,K,0.10057101398706436, 0.0596791518231233
O83798,T,0.048319585621356964, 0.058859770082765155
O83798,Q,0.0898243635892868, 0.05667972957922353
O83798,A,0.023943552747368813, 0.05569663912885719
O83798,V,0.04894309863448143, 0.0526623222976923
O83798,Q,0.07629989087581635, 0.04452291193107764
O83798,L,0.02405899204313755, 0.04122274575961961
O83798,V,0.01423230953514576, 0.03290007853259643
O83798,K,0.04776809364557266, 0.032990767206582755
O83798,G,0.027316320687532425, 0.029086924985878997
O83798,A,0.018618090078234673, 0.02220837709804376
O83798,F,0.014920358546078205, 0.02081003071119388
O83798,S,0.024759750813245773, 0.02061599875903792
O83798,I,0.013808518648147583, 0.023572101050780878
O83798,L,0.014392959885299206, 0.024563147893382445
O83798,V,0.011473874561488628, 0.023915675261782274
O83798,L,0.012486021965742111, 0.024876645248797204
O83798,Y,0.07437301427125931, 0.04621603236430221
O83798,A,0.0362357422709465, 0.05391973484721449
O83798,L,0.01279083639383316, 0.0550882208885418
O83798,V,0.02356908842921257, 0.06800600989825195
O83798,F,0.21681423485279083, 0.06954102487199837
O83798,V,0.08314184099435806, 0.07796052781244119
O83798,L,0.024909334257245064, 0.07761646952066156
O83798,K,0.12773397564888, 0.07938869814905855
O83798,L,0.026301156729459763, 0.09155517050789462
O83798,E,0.15014854073524475, 0.08415259317391449
O83798,T,0.033139217644929886, 0.07638314759565724
O83798,L,0.02874089404940605, 0.07637884302271737
O83798,L,0.13306733965873718, 0.07327923013104333
O83798,W,0.1501910388469696, 0.07620420555273692
O83798,I,0.013216830790042877, 0.06265573244955805
O83798,L,0.02487059310078621, 0.06336203300290638
O83798,N,0.09983745962381363, 0.06889716328846084
O83798,A,0.05262593552470207, 0.057121553354793124
O83798,T,0.028212282806634903, 0.042603141317764916
O83798,A,0.03949592262506485, 0.043327571824193
O83798,P,0.07855706661939621, 0.04279297528167566
O83798,G,0.027086850255727768, 0.03406803206437164
O83798,V,0.019525330513715744, 0.03013107573820485
O83798,A,0.019736705347895622, 0.029524380755093362
O83798,I,0.02005922421813011, 0.028623976848191686
O83798,S,0.02131297066807747, 0.02370128884083695
O83798,I,0.017193328589200974, 0.025244775124722056
O83798,T,0.022752027958631516, 0.03083570943110519
O83798,I,0.03139228746294975, 0.040480742851893105
O83798,V,0.03425287455320358, 0.0471640672120783
O83798,F,0.04097822681069374, 0.045795643909109965
O83798,Q,0.06984373927116394, 0.052653297781944275
O83798,P,0.10654200613498688, 0.05732524684733815
O83798,E,0.0802091434597969, 0.056829445271028414
O83798,L,0.008997160941362381, 0.05420817921145095
O83798,R,0.07891221344470978, 0.05521001656436258
O83798,K,0.06479956954717636, 0.057772602368560105
O83798,I,0.026930073276162148, 0.048036494499279395
O83798,F,0.010661480017006397, 0.04105822048667404
O83798,L,0.04999476298689842, 0.048508039882613554
O83798,K,0.09290701150894165, 0.050500432753728494
O83798,I,0.018917035311460495, 0.05309649898360173
O83798,G,0.017404677346348763, 0.05964930014063915
O83798,E,0.07604553550481796, 0.06519045163359907
O83798,K,0.09684374928474426, 0.0753802087985807
O83798,N,0.08816416561603546, 0.0768317093865739
O83798,W,0.0859052836894989, 0.09317752698229419
O83798,L,0.060531843453645706, 0.10748964506718847
O83798,R,0.1417025774717331, 0.11760830423898166
O83798,Q,0.10597051680088043, 0.11697019181317753
O83798,R,0.16602939367294312, 0.1217123522526688
O83798,E,0.14621374011039734, 0.1307834539976385
O83798,C,0.16711346805095673, 0.13523865077230665
O83798,A,0.09110073745250702, 0.12588556648956406
O83798,H,0.1308436095714569, 0.11660393679307567
O83798,H,0.16754519939422607, 0.1100602632181512
O83798,T,0.10062861442565918, 0.09699012483987543
O83798,H,0.05752481892704964, 0.07937724143266678
O83798,I,0.022435849532485008, 0.07286807604961926
O83798,D,0.1071363314986229, 0.06933342955178684
O83798,A,0.02858249470591545, 0.05272615493999587
O83798,V,0.008597517386078835, 0.04398037865757942
O83798,L,0.03251824900507927, 0.04744662096103033
O83798,T,0.09903179109096527, 0.057789613182346024
O83798,A,0.0180797278881073, 0.04844882608287864
O83798,A,0.021916627883911133, 0.0542908019075791
O83798,D,0.08872099965810776, 0.07813990737001102
O83798,V,0.11552277952432632, 0.10072343879275852
O83798,L,0.023069247603416443, 0.10694075127442677
O83798,S,0.0811602771282196, 0.12948532899220785
O83798,K,0.223239466547966, 0.13375825021002027
O83798,R,0.23577003180980682, 0.1264313188278013
O83798,K,0.15498760342597961, 0.1162490826100111
O83798,R,0.2209809273481369, 0.11467194174312884
O83798,G,0.06037291884422302, 0.10681466561638647
O83798,M,0.022778617218136787, 0.08345170174207953
O83798,L,0.023882653564214706, 0.06361423536307281
O83798,V,0.008874979801476002, 0.055121672029296555
O83798,V,0.010444791987538338, 0.043398404493927956
O83798,F,0.01297279167920351, 0.04871174217098289
O83798,A,0.05723283439874649, 0.052676188862986036
O83798,R,0.07855453342199326, 0.05377596244215965
O83798,H,0.11547151952981949, 0.06665404130601221
O83798,H,0.10819295793771744, 0.0800251444387767
O83798,T,0.058458637446165085, 0.08405939117074013
O83798,V,0.03378061577677727, 0.08429483282897207
O83798,R,0.12477768957614899, 0.0948680370218224
O83798,E,0.13078472018241882, 0.09022092860605982
O83798,V,0.04928101226687431, 0.08535586338904169
O83798,S,0.059351809322834015, 0.08952872620688544
O83798,E,0.17371337115764618, 0.09424442756507131
O83798,T,0.07364754378795624, 0.0844993640979131
O83798,G,0.06440737098455429, 0.08809801273875767
O83798,T,0.09601440280675888, 0.08485907461080286
O83798,A,0.07622192800045013, 0.09426565861536397
O83798,L,0.03707211837172508, 0.07633763758672608
O83798,Y,0.16317255795001984, 0.07309771494732963
O83798,A,0.020130569115281105, 0.0706757182876269
O83798,R,0.14401106536388397, 0.07043123907513088
O83798,L,0.012361181899905205, 0.06478808489110735
O83798,S,0.04448824003338814, 0.06151860466019975
O83798,S,0.04260940104722977, 0.05188460410055187
O83798,S,0.09381408989429474, 0.05440313938177294
O83798,L,0.02543354034423828, 0.040795516326195665
O83798,L,0.00764679629355669, 0.04336333843982882
O83798,V,0.07646655291318893, 0.04874573596235779
O83798,T,0.04279738664627075, 0.06571393242726724
O83798,I,0.02154245786368847, 0.07411683795766698
O83798,F,0.03547158092260361, 0.08288978485183583
O83798,G,0.09292981773614883, 0.10072741885152128
O83798,H,0.1953231692314148, 0.10172986218498813
O83798,D,0.16944023966789246, 0.11398250920077165
O83798,T,0.10439006239175797, 0.1228526093893581
O83798,P,0.1681855022907257, 0.12442864725987117
O83798,M,0.08548854291439056, 0.11626860395901734
O83798,H,0.15307120978832245, 0.09547978308465746
O83798,D,0.10137335956096649, 0.0777188138001495
O83798,G,0.04965592175722122, 0.06732627790835169
O83798,A,0.019489428028464317, 0.06123055559065607
O83798,V,0.008223781362175941, 0.06375116068455908
O83798,I,0.009591516107320786, 0.05123590139879121
O83798,V,0.010857239365577698, 0.055038637999031276
O83798,R,0.11332400143146515, 0.05044572531349129
O83798,D,0.10817398875951767, 0.05317423865199089
O83798,G,0.04043387621641159, 0.05610877047810289
O83798,L,0.13559798896312714, 0.05689498595893383
O83798,V,0.008319707587361336, 0.06420661322772503
O83798,V,0.04404604807496071, 0.05437005083594057
O83798,S,0.03463456779718399, 0.05745012830528948
O83798,A,0.016667455434799194, 0.06520729201535384
O83798,G,0.07666188478469849, 0.06216961828370889
O83798,S,0.024794939905405045, 0.07011932631333669
O83798,F,0.13589468598365784, 0.07431791267461246
O83798,L,0.11024834960699081, 0.0940307838221391
O83798,P,0.1082589253783226, 0.11002439715796047
O83798,L,0.07986707985401154, 0.12350707708133592
O83798,S,0.08183332532644272, 0.14232972843779457
O83798,E,0.2120504081249237, 0.13991855995522606
O83798,Q,0.16060997545719147, 0.14952259096834394
O83798,H,0.19800600409507751, 0.1628030745519532
O83798,D,0.19419880211353302, 0.17310160646835962
O83798,I,0.11419416964054108, 0.1732255005174213
O83798,R,0.19668462872505188, 0.15588643236292732
O83798,K,0.22778327763080597, 0.14362340544660887
O83798,T,0.1725538671016693, 0.12958288648062283
O83798,F,0.08294837176799774, 0.11423808750179079
O83798,G,0.055998794734478, 0.11375311430957583
O83798,T,0.05024273321032524, 0.09423245034284061
O83798,R,0.07164133340120316, 0.07022869928429525
O83798,H,0.056095611304044724, 0.05440372508019209
O83798,R,0.10982941091060638, 0.04987675396518575
O83798,A,0.020998653024435043, 0.045768785290420055
O83798,A,0.011749518103897572, 0.04327503705604209
O83798,L,0.030129099264740944, 0.055744192149076194
O83798,G,0.042205631732940674, 0.07256573925001754
O83798,M,0.01902707666158676, 0.06542044826265839
O83798,A,0.027798999100923538, 0.07090761005464527
O83798,E,0.18386372923851013, 0.0715477986054288
O83798,K,0.20748953521251678, 0.07012620733843909
O83798,T,0.04552179202437401, 0.06665453914966848
O83798,D,0.07038310915231705, 0.0650521553018027
O83798,A,0.017511215060949326, 0.06316500809043646
O83798,I,0.017334777861833572, 0.04421760897255606
O83798,T,0.010960618034005165, 0.027524724706179567
O83798,L,0.0046056220307946205, 0.03960337624367741
O83798,V,0.010814674198627472, 0.05612843700995048
O83798,V,0.013337137177586555, 0.07043551912324296
O83798,S,0.057253576815128326, 0.07606294388986296
O83798,E,0.15422965586185455, 0.08397839663343297
O83798,E,0.21910865604877472, 0.0853115316066477
O83798,T,0.14627495408058167, 0.08729753498401907
O83798,G,0.06798160076141357, 0.08726652132140265
O83798,A,0.08219969272613525, 0.08298352733254433
O83798,L,0.01660383678972721, 0.08378305741482311
O83798,S,0.02868870459496975, 0.07140808511111471
O83798,L,0.013058014214038849, 0.06531561124655935
O83798,A,0.018706630915403366, 0.07909354443351428
O83798,Y,0.1614254266023636, 0.07324168065355884
O83798,D,0.10773390531539917, 0.08622800351844893
O83798,S,0.09144268929958344, 0.10953191895451811
O83798,K,0.19198299944400787, 0.12581070491837132
O83798,L,0.029532918706536293, 0.1295013516727421
O83798,Y,0.1334807425737381, 0.1250968730698029
O83798,Y,0.23842394351959229, 0.12771442263490623
O83798,D,0.15956708788871765, 0.13092444071339238
O83798,L,0.051922451704740524, 0.1248642493867212
O83798,P,0.12178511917591095, 0.12404132820665836
O83798,H,0.13129185140132904, 0.12116123922169209
O83798,A,0.12033285200595856, 0.10691689058310455
O83798,D,0.13744127750396729, 0.101313015859988
O83798,V,0.02212662808597088, 0.0968703730031848
O83798,L,0.1075599417090416, 0.09381454220662515
O83798,A,0.11022480577230453, 0.09587748379757007
O83798,Q,0.10913221538066864, 0.08856352284136745
O83798,L,0.011938665993511677, 0.07718458719965485
O83798,K,0.09428264200687408, 0.08521328338732322
O83798,Q,0.14985832571983337, 0.08407734882914358
O83798,L,0.05450720340013504, 0.08261670058386193
O83798,L,0.03503085672855377, 0.08234300184994936
O83798,E,0.09438489377498627, 0.10307504816187753
O83798,T,0.0973365306854248, 0.10637070818079843
O83798,T,0.09707897156476974, 0.10378334174553554
O83798,T,0.10666892677545547, 0.11641603542698754
O83798,R,0.19852708280086517, 0.1265625622537401
O83798,A,0.12394358217716217, 0.1396053350634045
O83798,G,0.12657202780246735, 0.14675161076916587
O83798,H,0.16820144653320312, 0.15180486689011255
O83798,A,0.12634959816932678, 0.15744617415799034
O83798,Q,0.21176984906196594, 0.15352914730707803
O83798,G,0.16165301203727722, 0.1594238562716378
O83798,T,0.1425582766532898, 0.1618153585327996
O83798,L,0.1574406921863556, 0.16961524883906046
O83798,D,0.16327384114265442, 0.174766653113895
O83798,H,0.17699596285820007, 0.16530526181062064
O83798,G,0.14809554815292358, 0.1614830046892166
O83798,R,0.23840045928955078, 0.15852675338586172
O83798,S,0.17271223664283752, 0.1410333431429333
O83798,T,0.12661732733249664, 0.12289180523819393
O83798,L,0.1272526979446411, 0.10322558714283837
O83798,S,0.1159520149230957, 0.08677052623695797
O83943,M,0.1208236813545227, 0.08876211113399929
O83943,K,0.1976175308227539, 0.09924417734146118
O83943,L,0.1002994030714035, 0.11085621350341374
O83943,T,0.17752252519130707, 0.12590625716580284
O83943,R,0.20259585976600647, 0.14089752733707428
O83943,I,0.09433859586715698, 0.1351058797703849
O83943,Q,0.10450832545757294, 0.11747307868467437
O83943,K,0.13545039296150208, 0.1102923953698741
O83943,E,0.13492143154144287, 0.0945221193962627
O83943,K,0.06869885325431824, 0.0734537969239884
O83943,W,0.03892232105135918, 0.06510101351886988
O83943,I,0.03567325323820114, 0.05479264631867409
O83943,P,0.0355900414288044, 0.0406122716764609
O83943,L,0.012980957515537739, 0.027097233674592443
O83943,F,0.019163545221090317, 0.02093140325612492
O83943,A,0.011733020655810833, 0.017711902865105204
O83943,A,0.007827021181583405, 0.014951608661148284
O83943,G,0.013286089524626732, 0.012241736261381043
O83943,L,0.013206379488110542, 0.012047924101352692
O83943,V,0.00994681753218174, 0.01336403377354145
O83943,V,0.010830605402588844, 0.016087195836007595
O83943,V,0.011201189830899239, 0.017334049257139366
O83943,L,0.011236648075282574, 0.016830660195814237
O83943,D,0.031008532270789146, 0.019253377699189715
O83943,Q,0.036241479218006134, 0.0218238973369201
O83943,C,0.019048701971769333, 0.022357803045047656
O83943,A,0.008755587972700596, 0.023066633898350928
O83943,K,0.03501083701848984, 0.03294251807447937
O83943,L,0.03308149427175522, 0.036156344020532236
O83943,L,0.01563575677573681, 0.04915340586254994
O83943,V,0.0175806675106287, 0.05278206461419662
O83943,G,0.10011960566043854, 0.06648919317457411
O83943,A,0.05993296578526497, 0.08685353646675746
O83943,Y,0.15321503579616547, 0.11315529545148213
O83943,V,0.05170663073658943, 0.1280702536718713
O83943,P,0.13211974501609802, 0.14798803379138312
O83943,T,0.21828992664813995, 0.15923835088809332
O83943,N,0.26979732513427734, 0.1693279929459095
O83943,T,0.1498703807592392, 0.1772944467763106
O83943,S,0.19684068858623505, 0.17558448885877928
O83943,G,0.20137245953083038, 0.1636445936229494
O83943,V,0.15073974430561066, 0.14772678249412113
O83943,R,0.2249131202697754, 0.13214099572764504
O83943,V,0.03631700947880745, 0.122250953482257
O83943,L,0.024660687893629074, 0.10114211909886864
O83943,G,0.07502962648868561, 0.0892530960134334
O83943,D,0.12952524423599243, 0.07398297937793864
O83943,F,0.06086000055074692, 0.053738433971173234
O83943,V,0.006861179135739803, 0.05523029973523484
O83943,R,0.0943712517619133, 0.05822045366383261
O83943,I,0.013308694586157799, 0.06346394380347596
O83943,V,0.04271221160888672, 0.054617224571605526
O83943,H,0.04974380135536194, 0.059477085144155555
O83943,V,0.05157207325100899, 0.0627079185926252
O83943,Y,0.12222103774547577, 0.05334079389770826
O83943,N,0.04990477114915848, 0.05527683223287264
O83943,V,0.1045987457036972, 0.059492725878953934
O83943,G,0.03593868017196655, 0.06036054425769382
O83943,A,0.010067129507660866, 0.05756847891542646
O83943,A,0.03073303960263729, 0.04667415676845445
O83943,F,0.08065525442361832, 0.05201848141021199
O83943,S,0.05755416676402092, 0.05338061890668339
O83943,I,0.0264434851706028, 0.053652951700819865
O83943,G,0.024172138422727585, 0.061568868863913745
O83943,H,0.09800369292497635, 0.06858008644647068
O83943,Q,0.11685798317193985, 0.06453192275431421
O83943,L,0.038389675319194794, 0.06052561807963583
O83943,N,0.08131038397550583, 0.0686597145266003
O83943,Q,0.09383399784564972, 0.07344793321357833
O83943,V,0.04422178119421005, 0.06561143489347564
O83943,L,0.021497424691915512, 0.05448930131064521
O83943,R,0.09965035319328308, 0.05771847483184603
O83943,T,0.06726610660552979, 0.05391240699423684
O83943,L,0.027475208044052124, 0.04521454270515177
O83943,V,0.016758780926465988, 0.04260543526874648
O83943,L,0.06745223701000214, 0.051124090121852026
O83943,G,0.04705577343702316, 0.041560879494580955
O83943,I,0.015553219243884087, 0.0355047487343351
O83943,V,0.020739814266562462, 0.03457836527377367
O83943,P,0.09816531836986542, 0.03483172682010465
O83943,L,0.013581457547843456, 0.029149737312561937
O83943,I,0.012760929763317108, 0.027461452306144767
O83943,I,0.019137756898999214, 0.027926298996640578
O83943,M,0.019039034843444824, 0.027198295005493693
O83943,F,0.01631433144211769, 0.022512912543283567
O83943,L,0.031861208379268646, 0.028430465505354933
O83943,I,0.019736839458346367, 0.030822914818094835
O83943,V,0.01418777834624052, 0.03711710466692845
O83943,F,0.05599687620997429, 0.04847877234634426
O83943,S,0.06683943420648575, 0.05566521123465565
O83943,Y,0.03429297357797623, 0.06393292929149336
O83943,F,0.07578546553850174, 0.06947509851306677
O83943,R,0.1212940439581871, 0.07946484494540426
O83943,T,0.08099228143692017, 0.08067180878586239
O83943,D,0.1062706708908081, 0.08160868535439174
O83943,A,0.06961636245250702, 0.08179696359568173
O83943,F,0.10409549623727798, 0.07842846835652988
O83943,C,0.06685955077409744, 0.06990255374047491
O83943,P,0.07527132332324982, 0.06330264897810088
O83943,V,0.035987477749586105, 0.05209678132086992
O83943,Q,0.0454690083861351, 0.04567912293391095
O83943,R,0.044560812413692474, 0.0355546779723631
O83943,W,0.021593138575553894, 0.028723134348789852
O83943,A,0.0054178619757294655, 0.02139358791626162
O83943,V,0.01185743696987629, 0.01832164523916112
O83943,S,0.01297549158334732, 0.014128482641859187
O83943,G,0.0053756581619381905, 0.01181599192528261
O83943,I,0.009305405430495739, 0.01322194380271766
O83943,I,0.00833999365568161, 0.014170495327562094
O83943,G,0.0077305450104177, 0.015632428797996707
O83943,G,0.02374839596450329, 0.021338309420065746
O83943,G,0.03424670547246933, 0.02300074039441016
O83943,I,0.013954825699329376, 0.023212214052263234
O83943,G,0.025014838203787804, 0.029290660957081452
O83943,N,0.06432841718196869, 0.03699816225303544
O83943,L,0.020337536931037903, 0.03657218420671092
O83943,I,0.011208668351173401, 0.03750324228571521
O83943,D,0.06304601579904556, 0.04873985362549623
O83943,R,0.0770980566740036, 0.06266382088263829
O83943,F,0.019914593547582626, 0.07973513917790519
O83943,L,0.04262622818350792, 0.09461004618141386
O83943,R,0.11508432775735855, 0.09738979281650649
O83943,P,0.1503305435180664, 0.10092736987604035
O83943,N,0.21797028183937073, 0.09975954931643274
O83943,G,0.15421169996261597, 0.10029548406600952
O83943,V,0.036226388067007065, 0.09742471099727684
O83943,L,0.09488420933485031, 0.09479505009949207
O83943,D,0.0665876716375351, 0.07972675603297022
O83943,F,0.02473800629377365, 0.07471531008680661
O83943,I,0.01678927056491375, 0.06327822638882531
O83943,D,0.09141737967729568, 0.08081895485520363
O83943,V,0.014715896919369698, 0.08852800851066907
O83943,K,0.17286726832389832, 0.09112949959105915
O83943,F,0.051277946680784225, 0.09596920882662137
O83943,F,0.19409294426441193, 0.10440967376861307
O83943,G,0.1642656922340393, 0.112028570431802
O83943,I,0.09000109136104584, 0.12972117256787088
O83943,F,0.06829538941383362, 0.13788056497772536
O83943,G,0.09275345504283905, 0.15211597912841374
O83943,F,0.1599874496459961, 0.1442531512843238
O83943,E,0.17394931614398956, 0.1325617970691787
O83943,R,0.2463018000125885, 0.12926520572768319
O83943,W,0.17939667403697968, 0.1326028307278951
O83943,P,0.12332749366760254, 0.12293228170731002
O83943,A,0.05904350429773331, 0.1067612455226481
O83943,F,0.06033176928758621, 0.09822330070245597
O83943,N,0.09833401441574097, 0.07260830953924192
O83943,I,0.005718513857573271, 0.05346364233021935
O83943,A,0.01444812398403883, 0.04156867595803407
O83943,D,0.09710781276226044, 0.03892741078096959
O83943,A,0.01576687954366207, 0.0332378217846983
O83943,V,0.007094669155776501, 0.02344072615313861
O83943,I,0.01627279631793499, 0.02482709174768792
O83943,M,0.03527211770415306, 0.024763585378726322
O83943,T,0.00912546832114458, 0.015366162794331709
O83943,C,0.010160153731703758, 0.015003369707200263
O83943,G,0.018195804208517075, 0.016817774934073288
O83943,L,0.013876566663384438, 0.01880844651410977
O83943,L,0.012531009502708912, 0.019755857375760872
O83943,L,0.012501741759479046, 0.024173547824223835
O83943,I,0.023424316197633743, 0.02865844654540221
O83943,I,0.03418884053826332, 0.03408647142350674
O83943,S,0.043798815459012985, 0.04133644493089782
O83943,F,0.04888468235731125, 0.05238127366950115
O83943,I,0.05052424222230911, 0.06627576756808493
O83943,K,0.06704802811145782, 0.07787168025970459
O83943,Q,0.07912632822990417, 0.08616071070233981
O83943,E,0.11193446815013885, 0.0939517037736045
O83943,K,0.1375521868467331, 0.10286001943879658
O83943,E,0.1277875304222107, 0.11717452605565389
O83943,I,0.10879011452198029, 0.1307411425643497
O83943,S,0.1139177531003952, 0.1408768594264984
O83943,S,0.12905952334403992, 0.14671148690912458
O83943,Q,0.17935480177402496, 0.1566918326748742
O83943,P,0.18914757668972015, 0.16968725456131828
O83943,S,0.17034777998924255, 0.1858017792304357
O83943,C,0.16444611549377441, 0.19905562533272636
O83943,N,0.22737529873847961, 0.20779672099484336
O83943,E,0.24474632740020752, 0.21213561462031472
O83943,T,0.25382083654403687, 0.2151286933157179
O83943,G,0.23320236802101135, 0.22197408311896855
O83943,G,0.20772938430309296, 0.22115689516067505
O83943,V,0.2184048444032669, 0.19589297307862175
O83943,F,0.216085284948349, 0.16869893670082092
O83943,R,0.23195628821849823, 0.14049662152926126
O83943,T,0.157091423869133, 0.11458524730470446
O83964,M,0.13182444870471954, 0.08004085636801189
O83964,E,0.20200853049755096, 0.08575067462192641
O83964,R,0.1761472374200821, 0.09673162756694688
O83964,S,0.10184226930141449, 0.11272782873776224
O83964,P,0.10854522138834, 0.12045243423846033
O83964,L,0.05138836428523064, 0.11165079888370302
O83964,P,0.09882857650518417, 0.09383305865857336
O83964,R,0.14396581053733826, 0.07963383777274026
O83964,I,0.0695214495062828, 0.07209206827812725
O83964,I,0.05260973051190376, 0.06413783588343197
O83964,A,0.04164886847138405, 0.06204315357738071
O83964,L,0.04835424944758415, 0.055390136109458074
O83964,T,0.033966343849897385, 0.04193279043667846
O83964,F,0.03695712983608246, 0.03617096795803971
O83964,G,0.03253622353076935, 0.03317907493975428
O83964,T,0.03895141929388046, 0.030782378382152982
O83964,L,0.02284969948232174, 0.028701059727205172
O83964,L,0.017665047198534012, 0.026722213667300012
O83964,F,0.025682693347334862, 0.0246705145885547
O83964,V,0.020078599452972412, 0.023326066219144397
O83964,S,0.029622381553053856, 0.021756635771857366
O83964,A,0.01615672931075096, 0.021148439289795026
O83964,V,0.01849183812737465, 0.021663373957077663
O83964,L,0.020436188206076622, 0.023465643119480874
O83964,L,0.024826545268297195, 0.02513906794289748
O83964,T,0.01737593114376068, 0.025235076538390584
O83964,L,0.02229945920407772, 0.029289735067221854
O83964,S,0.041903115808963776, 0.034979440892736115
O83964,T,0.03513942286372185, 0.03738185473614269
O83964,F,0.0304864589124918, 0.041824936866760254
O83964,L,0.05264865607023239, 0.04817111872964435
O83964,P,0.06969919055700302, 0.056253266210357346
O83964,L,0.042057912796735764, 0.06275476949910323
O83964,F,0.06481428444385529, 0.07185763099955188
O83964,T,0.07449156790971756, 0.07464783348970944
O83964,L,0.09503878653049469, 0.07569628581404686
O83964,H,0.1004166454076767, 0.0777946805788411
O83964,R,0.1170651763677597, 0.08091409504413605
O83964,A,0.05559828132390976, 0.07894250543581115
O83964,S,0.06208472698926926, 0.08108265077074368
O83964,H,0.08858474344015121, 0.0783196311030123
O83964,W,0.07013264298439026, 0.07187146403723293
O83964,F,0.0470699779689312, 0.06332770652241176
O83964,F,0.09375287592411041, 0.06494514230224821
O83964,V,0.07017160952091217, 0.06304830685257912
O83964,P,0.042383141815662384, 0.0559348048021396
O83964,G,0.04017135873436928, 0.05806189340849718
O83964,T,0.07015520334243774, 0.06444371760719353
O83964,L,0.04501320794224739, 0.05824907020562225
O83964,L,0.024563224986195564, 0.05556111058427228
O83964,Y,0.08927644044160843, 0.057621975532836385
O83964,E,0.10450639575719833, 0.05752412829962042
O83964,T,0.03800104930996895, 0.05264066615038448
O83964,Y,0.045979972928762436, 0.050758419558405876
O83964,A,0.060930926352739334, 0.051089651261766754
O83964,F,0.03929073363542557, 0.04371956797937552
O83964,S,0.026204043999314308, 0.034297381010320455
O83964,S,0.028072988614439964, 0.0338758383360174
O83964,L,0.027544310316443443, 0.031359626394179135
O83964,L,0.022945690900087357, 0.027122333438860044
O83964,V,0.019706713035702705, 0.02443951161371337
O83964,P,0.034207165241241455, 0.02316486918263965
O83964,L,0.023334065452218056, 0.024526208432184324
O83964,L,0.022795289754867554, 0.024216535811622936
O83964,L,0.015145337209105492, 0.023479278509815533
O83964,L,0.01473226211965084, 0.02497480809688568
O83964,H,0.040325041860342026, 0.025540281501081254
O83964,T,0.024757256731390953, 0.025523851108219888
O83964,A,0.016310375183820724, 0.02611441123816702
O83964,L,0.03316647931933403, 0.030129092642002635
O83964,L,0.03929642587900162, 0.0345541677541203
O83964,L,0.02318619191646576, 0.03707008105185297
O83964,F,0.028110330924391747, 0.04804588668048382
O83964,V,0.05127746984362602, 0.054032166178027786
O83964,G,0.05455793812870979, 0.05727257807221678
O83964,G,0.06296826153993607, 0.06534765722850959
O83964,R,0.1235395073890686, 0.06829572696652678
O83964,S,0.07018689066171646, 0.07230088031954235
O83964,L,0.06233018636703491, 0.07137402105662558
O83964,R,0.1119721382856369, 0.06836269630326165
O83964,A,0.04971881955862045, 0.06582264891929096
O83964,E,0.06415671110153198, 0.055983262343539134
O83964,S,0.04293573647737503, 0.050657541387610965
O83964,A,0.027456015348434448, 0.04755881428718567
O83964,L,0.040107835084199905, 0.04027013522055414
O83964,V,0.034985028207302094, 0.03708017493287722
O83964,A,0.02225540205836296, 0.03181749416722192
O83964,F,0.034441642463207245, 0.030461526786287624
O83964,P,0.04637402668595314, 0.030230514084299404
O83964,L,0.021009176969528198, 0.02962006814777851
O83964,L,0.01679258421063423, 0.028717422236998875
O83964,F,0.030732030048966408, 0.029729211909903422
O83964,I,0.025376901030540466, 0.03093754707111253
O83964,T,0.034613821655511856, 0.030166143344508276
O83964,A,0.026861215010285378, 0.034667072196801506
O83964,V,0.03136150911450386, 0.04213931204544173
O83964,C,0.0453166589140892, 0.04466541794439157
O83964,G,0.03943139314651489, 0.04843947725991408
O83964,E,0.061517536640167236, 0.06117177733944522
O83964,H,0.0840427428483963, 0.06584037550621563
O83964,G,0.05346698313951492, 0.06866381234592861
O83964,L,0.05934343487024307, 0.07964252018266255
O83964,Y,0.14920452237129211, 0.09620106303029591
O83964,A,0.06887859851121902, 0.09725187470515569
O83964,L,0.056772440671920776, 0.09879545950227314
O83964,R,0.14412502944469452, 0.10544681880209181
O83964,R,0.18845827877521515, 0.11217889189720154
O83964,A,0.07097484171390533, 0.11382026473681132
O83964,L,0.09793500602245331, 0.1205760281946924
O83964,A,0.113329216837883, 0.12387041913138495
O83964,A,0.11993209272623062, 0.11640788035260306
O83964,R,0.16397687792778015, 0.10806576079792446
O83964,S,0.12968046963214874, 0.10774118287695779
O83964,I,0.08642195910215378, 0.10207783927520116
O83964,S,0.0769621804356575, 0.1053612091475063
O83964,P,0.11337920278310776, 0.09850795815388362
O83964,S,0.06805364042520523, 0.08428217925959164
O83964,T,0.04696491360664368, 0.0740973452727
O83964,R,0.14287954568862915, 0.07220475458436543
O83964,G,0.058252833783626556, 0.06602519460850292
O83964,G,0.0359448678791523, 0.0555802041457759
O83964,I,0.03801696375012398, 0.0524812096522914
O83964,D,0.06938864290714264, 0.05031032446357939
O83964,I,0.021346140652894974, 0.0363653391185734
O83964,V,0.019374288618564606, 0.032727213783396616
O83964,C,0.04016268998384476, 0.03093327871627278
O83964,V,0.02742694690823555, 0.029339866505728826
O83964,L,0.01737467758357525, 0.023341243776182335
O83964,C,0.025509705767035484, 0.02331338170915842
O83964,L,0.019799452275037766, 0.024577587532500427
O83964,L,0.023676253855228424, 0.023051328646639984
O83964,A,0.015401038341224194, 0.022341771154767938
O83964,L,0.021095382049679756, 0.02466693530893988
O83964,L,0.030752141028642654, 0.024598332432409126
O83964,G,0.02642636001110077, 0.02824067251963748
O83964,A,0.02104092948138714, 0.0286318300705817
O83964,E,0.03830115497112274, 0.031240467603007954
O83964,L,0.024892279878258705, 0.03663626727130678
O83964,Y,0.052580513060092926, 0.041801696436272726
O83964,A,0.027196671813726425, 0.04756942929493056
O83964,A,0.038878776133060455, 0.0511906078706185
O83964,L,0.0696575790643692, 0.06274603948824936
O83964,I,0.07724100351333618, 0.0745607287519508
O83964,Y,0.0783359557390213, 0.07246020312110583
O83964,G,0.05363153666257858, 0.07886289474036959
O83964,E,0.14230003952980042, 0.0856638252735138
O83964,R,0.13122448325157166, 0.08894751386510001
O83964,C,0.03367578238248825, 0.08544697736700375
O83964,Y,0.08482089638710022, 0.0919619571003649
O83964,V,0.10008715093135834, 0.0957961417734623
O83964,W,0.09921077638864517, 0.09865668291846912
O83964,F,0.045736175030469894, 0.0918030593958166
O83964,H,0.13697077333927155, 0.10244518145918846
O83964,A,0.08813919872045517, 0.11874156486656931
O83964,R,0.16804490983486176, 0.12300493112868732
O83964,I,0.06954187154769897, 0.1257890649139881
O83964,P,0.12945488095283508, 0.133343406021595
O83964,R,0.23148834705352783, 0.1343346411983172
O83964,D,0.13845744729042053, 0.14736364450719622
O83964,F,0.12426798045635223, 0.14119961692227256
O83964,I,0.11372524499893188, 0.15159237881501517
O83964,A,0.14589188992977142, 0.16149391730626425
O83964,D,0.2054002285003662, 0.15692177414894104
O83964,G,0.11256866157054901, 0.15803864432705772
O83964,F,0.1630767285823822, 0.16063502099778917
O83964,Q,0.21856872737407684, 0.16672648986180624
O83964,D,0.19033905863761902, 0.16630357172754076
O83964,P,0.14850927889347076, 0.1617846538623174
O83964,S,0.14763537049293518, 0.16484015848901537
O83964,F,0.16854846477508545, 0.16413553886943394
O83964,P,0.14208562672138214, 0.15574266182051766
O83964,P,0.16472996771335602, 0.15627222922113207
O83964,S,0.1400682032108307, 0.15817399819691977
O83964,T,0.1567351520061493, 0.16158048477437761
O83964,A,0.14303283393383026, 0.16474436554643843
O83964,D,0.1951051652431488, 0.16482878724733988
O83964,H,0.16562519967556, 0.16039623071750006
O83964,P,0.17829374969005585, 0.16133565290106666
O83964,D,0.1970233917236328, 0.15887541986174053
O83964,T,0.14284542202949524, 0.16054960671398374
O83964,V,0.12483695894479752, 0.15864358759588665
O83964,S,0.1485230028629303, 0.15126939200692707
O83964,P,0.13459305465221405, 0.14713741093873978
O83964,P,0.15810051560401917, 0.13968429880009758
O83964,P,0.17795099318027496, 0.138467943502797
O83964,A,0.0992574393749237, 0.13625344137350717
O83964,P,0.14110592007637024, 0.1352738787730535
O83964,S,0.12994538247585297, 0.1325965060128106
O83964,C,0.13189822435379028, 0.13569229510095385
O83964,A,0.10490643978118896, 0.12698604663213095
O83964,T,0.13970693945884705, 0.13756581478648716
O83964,A,0.11049669981002808, 0.13822883367538452
O83964,D,0.18596261739730835, 0.14067606959078047
O83964,V,0.09959475696086884, 0.1490598503086302
O83964,Q,0.19447535276412964, 0.14963528679476845
O83964,T,0.14707309007644653, 0.1508502115805944
O83964,P,0.1519705057144165, 0.14891504661904442
O83964,E,0.20735225081443787, 0.1457593316833178
O83964,A,0.1100853681564331, 0.15544872730970383
O83964,S,0.15064126253128052, 0.16123397399981818
O83964,A,0.09308021515607834, 0.16008834623628193
O83964,P,0.15756118297576904, 0.1605282583170467
O83964,P,0.1867993175983429, 0.15495888309346306
O83964,E,0.2465425729751587, 0.1588879649837812
O83964,G,0.13676244020462036, 0.15981010844310126
O83964,Q,0.15592971444129944, 0.170916348695755
O83964,F,0.15722787380218506, 0.16736632751093972
O83964,S,0.14544710516929626, 0.16289212471908993
O83964,T,0.15894055366516113, 0.15040177603562674
O83964,E,0.19303637742996216, 0.1612733867433336
O83964,V,0.12561099231243134, 0.16276267502042982
O83964,P,0.14653149247169495, 0.16215012802018058
O83964,L,0.13412943482398987, 0.16824043790499368
O83964,Q,0.23460693657398224, 0.16744645105467904
O83964,G,0.1693333089351654, 0.1607512633005778
O83964,G,0.15171495079994202, 0.16114214062690735
O83964,E,0.20025989413261414, 0.15918482343355814
O83964,F,0.1517946720123291, 0.16731644670168558
O83964,L,0.13277968764305115, 0.1528358186284701
O83964,I,0.12912888824939728, 0.15725127607584
O83964,S,0.12891563773155212, 0.1522713154554367
O83964,E,0.20731404423713684, 0.1487982620795568
O83964,A,0.10428128391504288, 0.148817444841067
O83964,E,0.20907242596149445, 0.14613715062538782
O83964,V,0.10689530521631241, 0.14568547821707195
O83964,Q,0.16900241374969482, 0.1486922593580352
O83964,P,0.15196731686592102, 0.13715503364801407
O83964,A,0.10865703970193863, 0.13887866338094076
O83964,T,0.12506383657455444, 0.12684258156352574
O83964,Q,0.15597666800022125, 0.13247083044714397
O83964,V,0.10347901284694672, 0.12951361056831148
O83964,A,0.11979395151138306, 0.1279739961028099
O83964,A,0.10074768960475922, 0.12763407743639416
O83964,C,0.15754954516887665, 0.12994799928532708
O83964,G,0.14238743484020233, 0.12484307835499446
O83964,G,0.13811078667640686, 0.12843830469581816
O83964,V,0.10559777170419693, 0.13161052349540922
O83964,S,0.14588913321495056, 0.13122844613260692
O83964,T,0.11003237962722778, 0.13093292464812598
O83964,P,0.13583604991436005, 0.1257281568315294
O83964,T,0.14834392070770264, 0.12628166874249777
O83964,A,0.09730899333953857, 0.13056148009167778
O83964,L,0.15488985180854797, 0.1265499409702089
O83964,A,0.09554452449083328, 0.1290733897023731
O83964,P,0.14309239387512207, 0.1293400360478295
O83964,S,0.14411607384681702, 0.13615920974148643
O83964,V,0.1097852811217308, 0.13742972910404205
O83964,P,0.13274341821670532, 0.1364107976357142
O83964,S,0.13823586702346802, 0.1428700296415223
O83964,Q,0.20971648395061493, 0.14195981042252648
O83964,A,0.10874366760253906, 0.14099026968081793
O83964,P,0.1457194685935974, 0.14538105328877768
O83964,F,0.15367761254310608, 0.14708200924926335
O83964,P,0.13490042090415955, 0.1451051268312666
O83964,L,0.13539020717144012, 0.14284506605731118
O83964,L,0.14930233359336853, 0.1463015360964669
O83964,P,0.14805202186107635, 0.14623579217327964
O83964,A,0.1204439252614975, 0.14485149582227072
O83964,P,0.18937593698501587, 0.1500992460383309
O83964,G,0.1398518979549408, 0.15149988068474662
O83964,L,0.1451277732849121, 0.15622536010212368
O83964,I,0.14121894538402557, 0.152090293665727
O83964,Q,0.18213017284870148, 0.158166760371791
O83964,S,0.14799591898918152, 0.15552473647726905
O83964,N,0.19183164834976196, 0.16148390620946884
O83964,L,0.11083642393350601, 0.15672153648402956
O83964,P,0.1751321256160736, 0.16267894291215473
O83964,S,0.16559772193431854, 0.15533594869905049
O83964,D,0.19348442554473877, 0.15970658345354927
O83964,V,0.10226644575595856, 0.1519437258442243
O83964,H,0.1948356032371521, 0.15730030834674835
O83964,A,0.11604322493076324, 0.1580698937177658
O83964,P,0.18733163177967072, 0.1568419767750634
O83964,A,0.1219659298658371, 0.15494954917165968
O83964,S,0.15904566645622253, 0.1572900472415818
O83964,P,0.1820583939552307, 0.153021606306235
O83964,G,0.15454646944999695, 0.1556037175986502
O83964,S,0.17645257711410522, 0.14889675461583668
O83964,L,0.12333092838525772, 0.14753864622778362
O83964,P,0.15641963481903076, 0.1457837795217832
O83964,S,0.1392822265625, 0.13806844419903225
O83964,V,0.12696896493434906, 0.14520761370658875
O83964,I,0.10974295437335968, 0.13635412769185173
O83964,P,0.14325186610221863, 0.13928118844827017
O83964,A,0.11262037605047226, 0.13451080355379316
O83964,Q,0.21879899501800537, 0.1315558370616701
O83964,A,0.09677120298147202, 0.13139638470278847
O83964,P,0.14967447519302368, 0.13120479385058084
O83964,C,0.11348617076873779, 0.13163564105828604
O83964,V,0.11268752813339233, 0.13503863000207478
O83964,M,0.12553389370441437, 0.12602696898910734
O83964,A,0.10801863670349121, 0.12865697923633787
O83964,L,0.14712949097156525, 0.12796262154976526
O83964,S,0.14324727654457092, 0.12429029742876689
O83964,P,0.13769404590129852, 0.12717861433823904
O83964,I,0.12044129520654678, 0.12883333530690935
O83964,S,0.14342525601387024, 0.13161303268538582
O83964,A,0.08043525367975235, 0.12675358520613778
O83964,P,0.13868238031864166, 0.1275675743818283
O83964,S,0.1404263824224472, 0.12560908910300997
O83964,V,0.13303591310977936, 0.13543352981408438
O83964,A,0.10339446365833282, 0.13367143604490492
O83964,P,0.15057317912578583, 0.13828073690334955
O83964,A,0.12006767839193344, 0.13722514692280027
O83964,E,0.20886126160621643, 0.1396806695395046
O83964,T,0.1275664120912552, 0.13741423189640045
O83964,L,0.12191896140575409, 0.15059945980707803
O83964,I,0.12918207049369812, 0.15706662999259102
O83964,P,0.16252608597278595, 0.16654068645503786
O83964,A,0.1126379743218422, 0.16521061377392876
O83964,Q,0.22206151485443115, 0.17642675588528314
O83964,D,0.20877771079540253, 0.17820363491773605
O83964,D,0.20533418655395508, 0.1832028470105595
O83964,E,0.19689060747623444, 0.18505698525243336
O83964,Q,0.22851169109344482, 0.19444109996159872
O83964,G,0.1379108726978302, 0.18889432152112326
O83964,P,0.1741749793291092, 0.180135072933303
O83964,P,0.17921333014965057, 0.1730878386232588
O83964,R,0.19709500670433044, 0.16436094211207497
O83964,P,0.17214050889015198, 0.15759104159143236
O83964,I,0.12994447350502014, 0.1572557787100474
O83964,P,0.14190907776355743, 0.15189172658655378
O83964,A,0.11834853887557983, 0.14978903200891283
O83964,S,0.16758258640766144, 0.14713463849491543
O83964,A,0.1348935067653656, 0.152577453189426
O83964,A,0.12589851021766663, 0.1555163777536816
O83964,P,0.16028907895088196, 0.15887634621726143
O83964,L,0.17320546507835388, 0.16745906405978733
O83964,R,0.22112584114074707, 0.17820482949415842
O83964,H,0.15639479458332062, 0.17932652102576363
O83964,P,0.17214879393577576, 0.18198515309227836
O83964,C,0.195592999458313, 0.1796749167972141
O83964,R,0.26429447531700134, 0.16874470396174324
O83964,G,0.14498873054981232, 0.1542944469385677
O83964,Y,0.14982619881629944, 0.1476909758316146
O83964,Q,0.13949695229530334, 0.14564401821957695
O83964,V,0.07483354955911636, 0.13002963860829672
O83964,P,0.09107352793216705, 0.10334191140201357
O83964,Y,0.0969635546207428, 0.09489481896162033
O83964,D,0.15372617542743683, 0.08953520986768934
O83964,L,0.055063582956790924, 0.08804910216066572
O83964,L,0.024104930460453033, 0.09031189398633109
O83964,D,0.0689648985862732, 0.10198092377848095
O83964,Q,0.10158971697092056, 0.10750033209721248
O83964,Y,0.12612198293209076, 0.10389237685336007
O83964,S,0.09519867599010468, 0.12422734333409204
O83964,E,0.1960947960615158, 0.1432137100232972
O83964,D,0.14663822948932648, 0.14690622687339783
O83964,T,0.1212545782327652, 0.14754344274600348
O83964,Y,0.2380782812833786, 0.150200963848167
O83964,E,0.19498223066329956, 0.1550254383020931
O83964,G,0.1021975502371788, 0.1470224451687601
O83964,I,0.10732465982437134, 0.1367166903283861
O83964,D,0.1500396728515625, 0.1366200496753057
O83964,E,0.13861894607543945, 0.1260835180679957
O83964,L,0.12406785786151886, 0.11238559418254429
O83964,T,0.05388643592596054, 0.10388263025217587
O83964,K,0.1203848123550415, 0.10419688084059292
O83964,N,0.1432494968175888, 0.09840011224150658
O83964,L,0.07170091569423676, 0.08430467949559291
O83964,A,0.02567087486386299, 0.08038624696847466
O83964,L,0.11015291512012482, 0.09018044328937928
O83964,L,0.09786875545978546, 0.0823787408363488
O83964,L,0.011760051362216473, 0.06952282155139579
O83964,E,0.08880196511745453, 0.07698118883288568
O83964,E,0.14203420281410217, 0.09094159294747645
O83964,T,0.05016949027776718, 0.08790081894646089
O83964,F,0.027546223253011703, 0.09159393101516697
O83964,S,0.13882622122764587, 0.09429479680127567
O83964,E,0.15131451189517975, 0.10852588423424298
O83964,F,0.0827859491109848, 0.09476412149767081
O83964,N,0.13110676407814026, 0.10228423174056742
O83964,I,0.036067843437194824, 0.10200186115172175
O83964,R,0.21688175201416016, 0.09543296405010754
O83964,V,0.018178338184952736, 0.08483053040173319
O83964,E,0.11785048246383667, 0.07913814650641547
O83964,I,0.025004887953400612, 0.07418586644861433
O83964,T,0.07970614731311798, 0.07598130280772845
O83964,G,0.05589260905981064, 0.05626938947372966
O83964,I,0.03155449405312538, 0.06579311543868648
O83964,K,0.08653624355792999, 0.060104642684261
O83964,K,0.05222677066922188, 0.061577910350428686
O83964,G,0.03947453200817108, 0.05519267523454295
O83964,P,0.10389187186956406, 0.055047825599710144
O83964,V,0.06665422767400742, 0.05300694704055786
O83964,V,0.03826429694890976, 0.0549961022204823
O83964,T,0.02223903127014637, 0.051647770322031446
O83964,M,0.054588962346315384, 0.06053933045930333
O83964,F,0.013186587020754814, 0.05763332007659806
O83964,E,0.10443864017724991, 0.06222711130976677
O83964,L,0.022091783583164215, 0.0824365835222933
O83964,L,0.11949857324361801, 0.09333589031464523
O83964,P,0.07773777842521667, 0.09638588275346491
O83964,P,0.10799834877252579, 0.1240895042816798
O83964,P,0.22014954686164856, 0.12012679047054714
O83964,G,0.12033279240131378, 0.13995042194922766
O83964,I,0.08203889429569244, 0.14444562627209556
O83964,K,0.2625191807746887, 0.13857735238141483
O83964,L,0.06877421587705612, 0.13189555952946344
O83964,S,0.20050446689128876, 0.12186217059691747
O83964,K,0.15995541214942932, 0.1179019452797042
O83964,I,0.024923313409090042, 0.1133834645152092
O83964,T,0.0478622131049633, 0.09459661444028218
O83964,N,0.12984904646873474, 0.09592006189955606
O83964,L,0.08469076454639435, 0.07496041856292221
O83964,Q,0.04137256741523743, 0.06099345959309074
O83964,D,0.09343753010034561, 0.06498449513067801
O83964,N,0.08068524301052094, 0.0663262660511666
O83964,V,0.011867676861584187, 0.05465902108699083
O83964,A,0.03425278142094612, 0.05443941687958108
O83964,L,0.06084263324737549, 0.05194401337454716
O83964,K,0.05993815138936043, 0.052985642622742385
O83964,L,0.024843841791152954, 0.05654201087438398
O83964,A,0.08271432667970657, 0.05813550783528222
O83964,A,0.018913935869932175, 0.0641954056918621
O83964,S,0.10281219333410263, 0.05862014937318034
O83964,S,0.11269255727529526, 0.0567169523694449
O83964,V,0.02620914950966835, 0.059267127989894815
O83964,R,0.0887918621301651, 0.056317322266598545
O83964,I,0.01066532637923956, 0.06047792391230663
O83964,V,0.0428093783557415, 0.06046951303465499
O83964,A,0.04779542237520218, 0.05458753752625651
O83964,P,0.05616607517004013, 0.06636672622213761
O83964,I,0.05635935068130493, 0.06843375900967254
O83964,P,0.10273649543523788, 0.07410412571496433
O83964,G,0.05975477769970894, 0.0722333908908897
O83964,K,0.13222184777259827, 0.06979127642181185
O83964,H,0.10739515721797943, 0.06462021151350604
O83964,A,0.06169862672686577, 0.07233285717666149
O83964,I,0.025972764939069748, 0.06314043059117264
O83964,G,0.02581639215350151, 0.06485192043085893
O83964,V,0.009626490995287895, 0.0552994217723608
O83964,E,0.12577316164970398, 0.060457317986422114
O83964,V,0.02000465616583824, 0.07052663734389676
O83964,P,0.07515818625688553, 0.08915582112967968
O83964,N,0.04624935984611511, 0.09546392183336946
O83964,K,0.15381622314453125, 0.1066741111377875
O83964,K,0.15232250094413757, 0.09695552041133244
O83964,R,0.19363541901111603, 0.11018196865916252
O83964,S,0.0825892984867096, 0.10450550479193528
O83964,L,0.1105181947350502, 0.1063957220564286
O83964,V,0.038305845111608505, 0.09832997351056999
O83964,T,0.1390426903963089, 0.08447367139160633
O83964,F,0.0240700114518404, 0.06560131472845872
O83964,K,0.06326131522655487, 0.06482808188431793
O83964,E,0.0812244862318039, 0.060765238064858645
O83964,L,0.027615781873464584, 0.07016064661244552
O83964,L,0.023784209042787552, 0.06513862166967657
O83964,H,0.07563020288944244, 0.06815250300698811
O83964,T,0.07395260035991669, 0.07146966291798486
O83964,R,0.12286452203989029, 0.07432195047537486
O83964,T,0.0938444659113884, 0.08280344679951668
O83964,A,0.051194943487644196, 0.09703807863924238
O83964,G,0.09311575442552567, 0.09513479222853978
O83964,S,0.1068950742483139, 0.09425699628061718
O83964,N,0.10394924879074097, 0.08383784070611
O83964,R,0.1518958956003189, 0.07837714213463995
O83964,M,0.05850062519311905, 0.07382203752381934
O83964,A,0.06605243682861328, 0.06516631444295247
O83964,I,0.029092121869325638, 0.05427575887491306
O83964,P,0.04469817876815796, 0.045898601309292845
O83964,V,0.010199001990258694, 0.03718625329848793
O83964,I,0.015214246697723866, 0.03982540789163775
O83964,L,0.008880074135959148, 0.042848531467219196
O83964,G,0.028554830700159073, 0.05772096446404854
O83964,K,0.07348476350307465, 0.05729629420157936
O83964,D,0.08225301653146744, 0.0725717768073082
O83964,V,0.09326054900884628, 0.07558180174479882
O83964,T,0.1629440188407898, 0.08209390276008183
O83964,G,0.04087614640593529, 0.08151456175578965
O83964,E,0.14767834544181824, 0.07530554032160176
O83964,P,0.042304471135139465, 0.0711843232727713
O83964,Q,0.06748898327350616, 0.06188180183784829
O83964,V,0.02334076166152954, 0.047690306790173054
O83964,I,0.017603570595383644, 0.05793336872011423
O83964,D,0.04516206309199333, 0.04459686215139098
O83964,L,0.009537856094539165, 0.04461005423218012
O83964,A,0.035220563411712646, 0.04299524933513668
O83964,Q,0.13306370377540588, 0.04149567811853356
O83964,T,0.027649786323308945, 0.04383583780792025
O83964,P,0.042423199862241745, 0.040095511306491166
O83964,H,0.052955739200115204, 0.04200801087750329
O83964,L,0.00984462071210146, 0.043748416006565094
O83964,L,0.038665007799863815, 0.039117292397552066
O83964,I,0.011499124579131603, 0.04168662635816468
O83964,A,0.0267503522336483, 0.04504259510172738
O83964,G,0.05088420957326889, 0.05052517188919915
O83964,A,0.09138359129428864, 0.05278554113788737
O83964,T,0.05077379196882248, 0.05909234544055329
O83964,G,0.07262691855430603, 0.0706061702221632
O83964,S,0.10229893028736115, 0.07428793174525102
O83964,G,0.03018794395029545, 0.06984085310250521
O83964,K,0.09542624652385712, 0.060312585439532995
O83964,S,0.11512354761362076, 0.05818900357310971
O83964,V,0.059886205941438675, 0.051602485537942916
O83964,C,0.010860501788556576, 0.0413284947992199
O83964,V,0.005629182327538729, 0.03901449523659216
O83964,N,0.03166155517101288, 0.029459258903645806
O83964,A,0.01334825623780489, 0.01906555513333943
O83964,L,0.009833013638854027, 0.014406888383544154
O83964,I,0.009361947886645794, 0.015813283880965576
O83964,L,0.009429119527339935, 0.020543945539328787
O83964,S,0.02158021368086338, 0.024385777819487784
O83964,I,0.017958205193281174, 0.03408521134406328
O83964,L,0.023518061265349388, 0.04085953854438332
O83964,Y,0.04820513725280762, 0.044594003094567194
O83964,H,0.06623804569244385, 0.058933000597688884
O83964,K,0.10064315795898438, 0.06761571247544554
O83964,C,0.07080195844173431, 0.06745401211082935
O83964,P,0.042972128838300705, 0.07232433184981346
O83964,D,0.13848009705543518, 0.06836412609037426
O83964,E,0.09972462058067322, 0.062020553482903376
O83964,T,0.016502901911735535, 0.05247377190324995
O83964,K,0.06735093891620636, 0.04604161303076479
O83964,L,0.012563285417854786, 0.04719619225296709
O83964,L,0.009145892225205898, 0.03564684734576278
O83964,L,0.014722123742103577, 0.03679440729320049
O83964,I,0.012912528589367867, 0.04613043429950873
O83964,D,0.053363341838121414, 0.04234031691319413
O83964,P,0.03453599289059639, 0.0514913612148828
O83964,K,0.11005266010761261, 0.05564994509849283
O83964,I,0.10052714496850967, 0.07615246271921529
O83964,V,0.033239882439374924, 0.08610652014613152
O83964,E,0.09492268413305283, 0.08382503481374846
O83964,L,0.04657314717769623, 0.0968833789229393
O83964,K,0.19924478232860565, 0.1008238833811548
O83964,L,0.10249904543161392, 0.09407362590233485
O83964,Y,0.032829973846673965, 0.09828174735109012
O83964,N,0.1520610898733139, 0.09368133462137646
O83964,D,0.14551720023155212, 0.09122734206418197
O83964,I,0.039774827659130096, 0.07569356945653756
O83964,A,0.0711129754781723, 0.07212211295134491
O83964,H,0.05351896956562996, 0.07659582855800788
O83964,L,0.024487214162945747, 0.06561045907437801
O83964,L,0.05944082885980606, 0.05134431541793876
O83964,T,0.07035593688488007, 0.06598007616897424
O83964,P,0.07309341430664062, 0.08072628515462081
O83964,V,0.05319276452064514, 0.08788450786636935
O83964,I,0.01712190732359886, 0.10868703698118527
O83964,T,0.1714966744184494, 0.11946717194384998
O83964,E,0.2038288563489914, 0.11296964912778801
O83964,P,0.11794297397136688, 0.11335206756161319
O83964,K,0.21170997619628906, 0.12734268336660332
O83964,R,0.15646204352378845, 0.1280202807651626
O83964,A,0.011878231540322304, 0.11067706149899298
O83964,L,0.0765351802110672, 0.10050503216269943
O83964,Q,0.17910830676555634, 0.10375593406044775
O83964,A,0.023220283910632133, 0.08141788291848367
O83964,L,0.015407701022922993, 0.0699263545167115
O83964,Q,0.11228059232234955, 0.08206734444118208
O83964,Y,0.14720109105110168, 0.07985435477975342
O83964,I,0.01066751591861248, 0.06290304588360919
O83964,L,0.05303828790783882, 0.07334565981808636
O83964,C,0.12114714086055756, 0.08941519405278894
O83964,E,0.05661827325820923, 0.08344305285976993
O83964,M,0.026546526700258255, 0.07477138419118193
O83964,E,0.11720380932092667, 0.08435380624400245
O83964,R,0.16003350913524628, 0.08570586517453194
O83964,R,0.058531321585178375, 0.07463895922733678
O83964,Y,0.06915607303380966, 0.08459088351163599
O83964,A,0.09690931439399719, 0.10418921315835582
O83964,L,0.06520681828260422, 0.10009892388350433
O83964,L,0.021544987335801125, 0.10584048368036747
O83964,E,0.14618559181690216, 0.10502174475954638
O83964,Q,0.2029314935207367, 0.11143198009166452
O83964,L,0.08039120584726334, 0.11126539669930935
O83964,E,0.21170754730701447, 0.10624546267920071
O83964,C,0.05116267129778862, 0.11423356934554046
O83964,R,0.12684819102287292, 0.10753377216557662
O83964,D,0.0954100638628006, 0.09174472362630898
O83964,I,0.020027412101626396, 0.09032242269151741
O83964,K,0.09343794733285904, 0.08228984744184548
O83964,T,0.08588741719722748, 0.0961532574146986
O83964,Y,0.06083005666732788, 0.09216868608362144
O83964,N,0.06759049743413925, 0.10480805962449974
O83964,K,0.13941437005996704, 0.12811129209068087
O83964,K,0.1759333610534668, 0.1362820549143685
O83964,I,0.09098704904317856, 0.15314644078413645
O83964,Q,0.20916442573070526, 0.1690652055872811
O83964,E,0.22975650429725647, 0.18865304274691475
O83964,K,0.16697481274604797, 0.19024008264144263
O83964,S,0.23766689002513885, 0.1905647259619501
O83964,I,0.20409893989562988, 0.19796827932198843
O83964,A,0.24388103187084198, 0.17978698677486843
O83964,T,0.15369772911071777, 0.15936386212706566
O83964,Q,0.17885515093803406, 0.14471010118722916
O83964,P,0.15761902928352356, 0.12098141304320759
O83964,L,0.045532792806625366, 0.09993378559334411
O83964,P,0.04594838246703148, 0.07394563323921627
O83964,F,0.035090964287519455, 0.05818271988795863
O83964,I,0.02410869672894478, 0.03929075308971935
O83964,V,0.014670292846858501, 0.029740175025330648
O83964,I,0.009987660683691502, 0.030611549814542133
O83964,I,0.011831508949398994, 0.027351122970382374
O83964,I,0.0088274497538805, 0.028258464195662074
O83964,D,0.07166382670402527, 0.033180963041053876
O83964,E,0.05337516590952873, 0.033233722775346704
O83964,F,0.01660454086959362, 0.03709936204055945
O83964,A,0.043257035315036774, 0.04922363948490885
O83964,D,0.06841118633747101, 0.055094886364208326
O83964,L,0.015145130455493927, 0.05267413188185957
O83964,M,0.04477841407060623, 0.0652308226045635
O83964,V,0.12095000594854355, 0.08165738441877896
O83964,A,0.061668671667575836, 0.08707833248707983
O83964,S,0.04987703636288643, 0.08298873114917013
O83964,G,0.16638538241386414, 0.09094912434617679
O83964,K,0.16444359719753265, 0.09538805029458469
O83964,E,0.09204556792974472, 0.08677269228630596
O83964,L,0.03160477429628372, 0.08085973922991091
O83964,E,0.08678866922855377, 0.08142038589964311
O83964,T,0.08472874760627747, 0.07664406785948409
O83964,S,0.04341178387403488, 0.060034986274937786
O83964,V,0.008452094160020351, 0.05395153216603729
O83964,A,0.05492285639047623, 0.057539057090050645
O83964,R,0.12339852005243301, 0.06399537923021449
O83964,L,0.014961862936615944, 0.05612526834011078
O83964,C,0.037294480949640274, 0.06695817162593205
O83964,A,0.06389249861240387, 0.07432753851430283
O83964,M,0.14489556849002838, 0.07117944883389606
O83964,S,0.013897749595344067, 0.06444697837448782
O83964,R,0.1409079134464264, 0.06432805086175601
O83964,A,0.07477639615535736, 0.06315856530434555
O83964,V,0.026590049266815186, 0.057010717793471284
O83964,G,0.06280628591775894, 0.04222980493472682
O83964,I,0.01389151532202959, 0.04303459750695361
O83964,H,0.026769110932946205, 0.029256758694019582
O83964,L,0.008561871014535427, 0.026961778290569782
O83964,V,0.01186735276132822, 0.03353128137273921
O83964,L,0.02114088274538517, 0.04892424297415548
O83964,A,0.01690736413002014, 0.05350230261683464
O83964,T,0.05412157252430916, 0.07235442619356844
O83964,Q,0.08571557700634003, 0.08921495193822516
O83964,R,0.20134294033050537, 0.10721514974203375
O83964,P,0.055094052106142044, 0.11434448262055714
O83964,S,0.19643822312355042, 0.11675506871607569
O83964,I,0.16030660271644592, 0.12448532299862967
O83964,D,0.17386913299560547, 0.12646847466627756
O83964,V,0.0853048786520958, 0.11437000334262848
O83964,I,0.038602638989686966, 0.11042613536119461
O83964,T,0.12369386106729507, 0.09692465596728855
O83964,G,0.10356394201517105, 0.08378583151433203
O83964,L,0.09245669841766357, 0.07280219470461209
O83964,I,0.01959924027323723, 0.06446832335657543
O83964,K,0.07492490857839584, 0.06657601437634891
O83964,A,0.042057182639837265, 0.054813703522086143
O83964,N,0.07501640170812607, 0.05177111240724722
O83964,I,0.010300036519765854, 0.042291567764348455
O83964,P,0.057571858167648315, 0.040999759609500565
O83964,S,0.017833063378930092, 0.034927778152955904
O83964,R,0.07618062198162079, 0.042600573557946414
O83964,I,0.007140796631574631, 0.035895293578505516
O83964,A,0.007972966879606247, 0.0470197434640593
O83964,F,0.020277075469493866, 0.051445849446786776
O83964,M,0.11111234128475189, 0.06059268944793277
O83964,V,0.014668881893157959, 0.07148128416803148
O83964,S,0.11042008548974991, 0.08429473928279346
O83964,S,0.09740681201219559, 0.08649868104192945
O83964,K,0.10015462338924408, 0.11022936718331443
O83964,M,0.17417797446250916, 0.10398893803358078
O83964,D,0.12246189266443253, 0.10575052143798934
O83964,S,0.02780844271183014, 0.09745866681138675
O83964,R,0.23385325074195862, 0.1072011213335726
O83964,I,0.05494847893714905, 0.10668123968773419
O83964,I,0.030523132532835007, 0.10489286192589337
O83964,L,0.03579339385032654, 0.09570467720429103
O83964,D,0.1850889027118683, 0.09471913882427746
O83964,E,0.0954756885766983, 0.07877774246864849
O83964,M,0.15808257460594177, 0.08659073420696789
O83964,G,0.03976823017001152, 0.08547951529423396
O83964,A,0.018938597291707993, 0.08954038636551963
O83964,E,0.09038068354129791, 0.07465479440159267
O83964,K,0.12526540458202362, 0.08888088994556004
O83964,L,0.020522162318229675, 0.07334190338022178
O83964,L,0.07234123349189758, 0.07746748150222832
O83964,G,0.051118575036525726, 0.07622871537589365
O83964,R,0.22351054847240448, 0.06925101360927026
O83964,G,0.018231695517897606, 0.057419464716480836
O83964,D,0.07689843326807022, 0.06710667649490966
O83964,M,0.007789702154695988, 0.06610532756894827
O83964,L,0.027581367641687393, 0.07457792334672478
O83964,Y,0.01878146454691887, 0.06433584365165895
O83964,M,0.10770706832408905, 0.0751179697819882
O83964,N,0.06332909315824509, 0.08579839610805114
O83964,P,0.12737193703651428, 0.11161826716528998
O83964,S,0.13133183121681213, 0.12639787420630455
O83964,Q,0.11527083069086075, 0.13461738493707445
O83964,S,0.17302227020263672, 0.1335095175438457
O83964,F,0.24016854166984558, 0.12799796896676222
O83964,P,0.16059783101081848, 0.1188608112020625
O83964,T,0.09275706112384796, 0.10500061796564195
O83964,R,0.09773626178503036, 0.09327987493533227
O83964,I,0.013725155964493752, 0.08169845900394851
O83964,Q,0.045137517154216766, 0.056155253356943526
O83964,G,0.006590092089027166, 0.044289966165605515
O83964,A,0.009784143418073654, 0.046180780304388866
O83964,Y,0.0687895268201828, 0.050366967657787934
O83964,V,0.010279690846800804, 0.05210448775647415
O83964,S,0.0538102462887764, 0.04926029442706042
O83964,E,0.1097743883728981, 0.06578294932842255
O83964,R,0.13541194796562195, 0.07314713506235017
O83964,E,0.029362836852669716, 0.06630284696196516
O83964,L,0.01953977718949318, 0.06940468240322338
O83964,A,0.15529398620128632, 0.0724554559112423
O83964,R,0.07606181502342224, 0.06704195469824804
O83964,V,0.007190933916717768, 0.05434118050874935
O83964,I,0.03819620981812477, 0.06319791642535064
O83964,A,0.08126720786094666, 0.0712363623186118
O83964,H,0.06105287745594978, 0.06294813115770619
O83964,V,0.021104980260133743, 0.062053575542651944
O83964,R,0.1090734601020813, 0.07998365701900588
O83964,A,0.09188579022884369, 0.08657079272800022
O83964,W,0.08069990575313568, 0.09648899899588691
O83964,G,0.06801081448793411, 0.10185587199197875
O83964,T,0.1685616672039032, 0.10672428127792147
O83964,P,0.09748043119907379, 0.10737392057975133
O83964,E,0.17053106427192688, 0.11254205885860655
O83964,Y,0.10935473442077637, 0.11405207879013485
O83964,L,0.06492066383361816, 0.11265955120325089
O83964,D,0.11492021381855011, 0.10129434946510527
O83964,E,0.13839903473854065, 0.0987027527557479
O83964,E,0.09429008513689041, 0.08956538554694918
O83964,I,0.055478066205978394, 0.09058942480219735
O83964,F,0.06627485156059265, 0.0975668802857399
O83964,F,0.07415606081485748, 0.0994833583633105
O83964,D,0.08829475939273834, 0.09346028748485777
O83964,D,0.11857108771800995, 0.09812729557355244
O83964,D,0.1277177631855011, 0.10285746968454784
O83964,D,0.13216851651668549, 0.10905692312452528
O83964,A,0.08419139683246613, 0.11158991191122267
O83964,S,0.13629315793514252, 0.11769424378871918
O83964,I,0.09804963320493698, 0.11795839584536022
O83964,S,0.12206993252038956, 0.1158451603518592
O83964,G,0.09695295989513397, 0.11833700868818495
O83964,N,0.1432337462902069, 0.12324555880493587
O83964,F,0.12094845622777939, 0.12229510148366292
O83964,V,0.10869864374399185, 0.1268429234623909
O83964,D,0.15459515154361725, 0.1345121595594618
O83964,E,0.1283683478832245, 0.13499953514999813
O83964,S,0.1277390420436859, 0.12457248527142736
O83964,D,0.13898003101348877, 0.1228589444524712
O83964,P,0.1910930573940277, 0.12699363173709977
O83964,L,0.10133934020996094, 0.11098161081059112
O83964,Y,0.04939029738306999, 0.10183675121515989
O83964,E,0.10552658885717392, 0.1004599253129628
O83964,Q,0.1459108293056488, 0.09442592029356295
O83964,A,0.010486963205039501, 0.07494340868045886
O83964,V,0.04606461152434349, 0.0739916648922695
O83964,Q,0.11534760892391205, 0.0873164806721939
O83964,V,0.08467398583889008, 0.08444169981198178
O83964,V,0.015750452876091003, 0.07980719281153546
O83964,Q,0.09277364611625671, 0.1027250625193119
O83964,Y,0.16931363940238953, 0.09958970588114527
O83964,A,0.07965356111526489, 0.09828117613991101
O83964,G,0.10420026630163193, 0.09701275784108374
O83964,K,0.21674779057502747, 0.1076281215581629
O83964,A,0.017846401780843735, 0.11478015573488341
O83964,S,0.1035708412528038, 0.09691854959560765
O83964,T,0.07325822114944458, 0.09302502684295177
O83964,S,0.11128872632980347, 0.10406682785186502
O83964,Y,0.15714195370674133, 0.0975937717076805
O83964,V,0.008559184148907661, 0.09880967148476177
O83964,Q,0.044611856341362, 0.10431822596324815
O83964,R,0.2035764753818512, 0.10235422187381321
O83964,K,0.15849028527736664, 0.09584857606225544
O83964,L,0.028789499774575233, 0.09949436369869444
O83964,K,0.1531478315591812, 0.10929074117706881
O83964,I,0.055582184344530106, 0.11814355167249839
O83964,G,0.05273791402578354, 0.0973744560033083
O83964,Y,0.18995404243469238, 0.08526180249949296
O83964,N,0.09672658145427704, 0.10011796611878607
O83964,R,0.12428715080022812, 0.08574135891265339
O83964,A,0.016654614359140396, 0.08176358582244979
O83964,A,0.04947640374302864, 0.08270215118924777
O83964,R,0.1624949723482132, 0.07577547886305386
O83964,L,0.02375836670398712, 0.06628730106684896
O83964,I,0.019782226532697678, 0.05903960309094853
O83964,E,0.06118500232696533, 0.06587327023347218
O83964,E,0.12761399149894714, 0.07894161136613952
O83964,M,0.011332981288433075, 0.06883808432353868
O83964,E,0.059057869017124176, 0.07192135146922535
O83964,A,0.07815761864185333, 0.07141445246007708
O83964,R,0.1670914739370346, 0.07333320379257202
O83964,G,0.0715632289648056, 0.07251299172639847
O83964,V,0.051507771015167236, 0.08437453541490766
O83964,V,0.01522013545036316, 0.0998339710964097
O83964,G,0.07845376431941986, 0.10634811636474398
O83964,P,0.12023208290338516, 0.10459648817777634
O83964,P,0.11808687448501587, 0.11888063367870119
O83964,N,0.1981927901506424, 0.1250953036877844
O83964,G,0.13678492605686188, 0.13550625658697552
O83964,S,0.15132682025432587, 0.13735834840271208
O83964,K,0.20012053847312927, 0.1261107087549236
O83964,P,0.1074398010969162, 0.12095441855490208
O83964,R,0.10891871154308319, 0.10981461509234375
O83964,D,0.09512259066104889, 0.10381260286602709
O83964,V,0.019003326073288918, 0.08699851172665755
O83964,L,0.07168026268482208, 0.0647628963407543
O83964,R,0.09793455898761749, 0.05282514066331916
O83964,S,0.0827668160200119, 0.04072306160297659
O83973,M,0.08562424033880234, 0.027905203609002963
O83973,A,0.04683196172118187, 0.02942561710046397
O83973,S,0.08750972896814346, 0.030936872483127646
O83973,I,0.016809556633234024, 0.03535832971748379
O83973,A,0.014371344819664955, 0.0377840916108754
O83973,I,0.013683721423149109, 0.03795935824099514
O83973,L,0.013601298443973064, 0.038462841572860874
O83973,G,0.039793115109205246, 0.038484573260777526
O83973,G,0.021831857040524483, 0.03851595138096147
O83973,G,0.08720164000988007, 0.03846240747306082
O83973,A,0.05136331170797348, 0.039534481035338506
O83973,W,0.08770531415939331, 0.03890485430343284
O83973,G,0.017091959714889526, 0.03560374201171928
O83973,T,0.013889449648559093, 0.03857254940602514
O83973,A,0.0233323834836483, 0.03361348766419622
O83973,L,0.007934657856822014, 0.02981246780190203
O83973,A,0.010083104483783245, 0.027571156827939883
O83973,A,0.04855112358927727, 0.037315042689442635
O83973,S,0.0425700843334198, 0.04143020251972808
O83973,L,0.017154132947325706, 0.044976584509842925
O83973,T,0.06753351539373398, 0.04868719737148947
O83973,V,0.1047869324684143, 0.06026871730056074
O83973,N,0.05092588812112808, 0.05682042406664954
O83973,G,0.05524982139468193, 0.06077992916107178
O83973,H,0.04133017361164093, 0.06115302298631933
O83973,T,0.11431678384542465, 0.0574448069350587
O83973,V,0.0175164844840765, 0.05100445470048322
O83973,M,0.07820563018321991, 0.06137644354667929
O83973,L,0.02051197737455368, 0.06718098517093393
O83973,W,0.034159570932388306, 0.08298523786167304
O83973,A,0.046823762357234955, 0.08889788534078333
O83973,R,0.1442737877368927, 0.09562502221928702
O83973,R,0.10749069601297379, 0.08944231934017605
O83973,R,0.18356844782829285, 0.1019226536154747
O83973,Q,0.1675306111574173, 0.1049275290634897
O83973,T,0.07806071639060974, 0.10208278728855981
O83973,C,0.02256130427122116, 0.0929819784230656
O83973,D,0.13283498585224152, 0.09233511156506008
O83973,A,0.061203449964523315, 0.09278306365013123
O83973,I,0.021221086382865906, 0.0888237175014284
O83973,N,0.062366507947444916, 0.10029713147216374
O83973,A,0.10166889429092407, 0.10729724334345923
O83973,R,0.1876000165939331, 0.10995551115936703
O83973,N,0.1318964958190918, 0.1263831009467443
O83973,E,0.18132144212722778, 0.1485485186179479
O83973,N,0.0855623111128807, 0.14895111156834495
O83973,V,0.15675939619541168, 0.1570357067717446
O83973,Q,0.20905175805091858, 0.15549981262948778
O83973,Y,0.22070984542369843, 0.15779739121596018
O83973,L,0.06598984450101852, 0.15660419232315487
O83973,P,0.174430251121521, 0.15358907108505568
O83973,G,0.17377696931362152, 0.14519264921545982
O83973,I,0.15257470309734344, 0.13368401138318908
O83973,T,0.17058265209197998, 0.12211438061462508
O83973,L,0.05842621996998787, 0.11805700262387593
O83973,P,0.08119159936904907, 0.11859496434529622
O83973,A,0.10547401756048203, 0.10165166089104281
O83973,A,0.11658316850662231, 0.10230788650612037
O83973,L,0.0294734425842762, 0.09762658572031392
O83973,C,0.1792719066143036, 0.09979510824713442
O83973,A,0.021287238225340843, 0.09707220664454831
O83973,S,0.15848073363304138, 0.09335549858709176
O83973,P,0.12845094501972198, 0.10262512353559335
O83973,D,0.07794292271137238, 0.1028494013266431
O83973,M,0.05668548494577408, 0.08541381586756971
O83973,A,0.07202364504337311, 0.09029003729422887
O83973,Y,0.2000097930431366, 0.08357051014900208
O83973,V,0.03149194270372391, 0.07285460167460972
O83973,C,0.022351637482643127, 0.07610829340087043
O83973,A,0.06517323106527328, 0.07174933494793044
O83973,G,0.09800498932600021, 0.06526822886533207
O83973,A,0.032007768750190735, 0.04443523329165247
O83973,D,0.10722614824771881, 0.04306895244452688
O83973,L,0.017454858869314194, 0.043410427040523954
O83973,I,0.013693690299987793, 0.039117856985992856
O83973,V,0.012512832880020142, 0.04346127808094025
O83973,L,0.01919541507959366, 0.04537576768133375
O83973,A,0.025424908846616745, 0.04947452247142792
O83973,V,0.026540100574493408, 0.06175130978226662
O83973,P,0.13709577918052673, 0.06337613467541006
O83973,S,0.0492381751537323, 0.07157378167741829
O83973,C,0.14411494135856628, 0.08672385766274399
O83973,Y,0.1279459446668625, 0.08756211379335986
O83973,L,0.02831711433827877, 0.08656754117045137
O83973,A,0.08629165589809418, 0.08210738851792282
O83973,E,0.15554609894752502, 0.08705518829325835
O83973,V,0.032969214022159576, 0.07333931802875465
O83973,A,0.017588946968317032, 0.0644718845271402
O83973,A,0.09695440530776978, 0.07431139879756504
O83973,L,0.09376837313175201, 0.07098815548751089
O83973,M,0.020672108978033066, 0.061900695578919515
O83973,N,0.048139043152332306, 0.07458779339989026
O83973,T,0.11687274277210236, 0.08034871849748823
O83973,T,0.05638246610760689, 0.08195587330394322
O83973,P,0.07375895977020264, 0.0910755842924118
O83973,R,0.1471530944108963, 0.09778103356560071
O83973,F,0.06943727284669876, 0.11125772736138767
O83973,Q,0.11141879856586456, 0.11496966125236617
O83973,R,0.17584577202796936, 0.12112020866738425
O83973,L,0.08102115243673325, 0.12662964314222336
O83973,R,0.16942928731441498, 0.12884741442071068
O83973,T,0.1502801477909088, 0.13563797208997938
O83973,A,0.11173739284276962, 0.13886134657594892
O83973,A,0.12334387004375458, 0.1363309704595142
O83973,V,0.1671130359172821, 0.14096872839662763
O83973,G,0.1305522918701172, 0.12765035157402357
O83973,Q,0.14042916893959045, 0.11580035752720302
O83973,E,0.15307238698005676, 0.10525616879264514
O83973,Y,0.12276097387075424, 0.09292720020231274
O83973,P,0.04956389591097832, 0.0763431941676471
O83973,L,0.043630201369524, 0.06331500462773773
O83973,I,0.01683969423174858, 0.05081860317538182
O83973,G,0.012383152730762959, 0.04222058846304814
O83973,I,0.017856981605291367, 0.0312637524265382
O83973,L,0.013298586010932922, 0.028526001816822424
O83973,T,0.027961555868387222, 0.03022234710968203
O83973,K,0.07569025456905365, 0.039500022410518594
O83973,G,0.024149449542164803, 0.04713233456843429
O83973,F,0.0249241404235363, 0.05771159566938877
O83973,I,0.05889730900526047, 0.07256676029000017
O83973,P,0.10033877193927765, 0.07997378520667553
O83973,D,0.08107396215200424, 0.08771321487923463
O83973,Q,0.11307033151388168, 0.09974217042326927
O83973,E,0.14699506759643555, 0.10894893358151118
O83973,G,0.09462478011846542, 0.10927796322438452
O83973,M,0.14534512162208557, 0.10103424224588606
O83973,P,0.13241004943847656, 0.0980043038725853
O83973,H,0.10778500884771347, 0.09106486580438083
O83973,L,0.06185857579112053, 0.07851774162716335
O83973,I,0.02614528313279152, 0.07005977941056092
O83973,T,0.05380451679229736, 0.06072214887373977
O83973,D,0.05061538890004158, 0.05414719362225798
O83973,A,0.034070950001478195, 0.048368589538666934
O83973,L,0.01850312016904354, 0.04454855579468939
O83973,G,0.06130644679069519, 0.04756265216403537
O83973,A,0.07323545217514038, 0.05848610070016649
O83973,L,0.055777572095394135, 0.06671022830737962
O83973,L,0.02747827209532261, 0.06788395427995259
O83973,P,0.053272150456905365, 0.07801263634529379
O83973,S,0.15211555361747742, 0.07870939477450317
O83973,G,0.12463253736495972, 0.07776685576472017
O83973,A,0.04463448375463486, 0.0734410374942753
O83973,H,0.10966125875711441, 0.07128650074203809
O83973,G,0.06757727265357971, 0.06973875645134184
O83973,Q,0.06475260108709335, 0.05453599182267984
O83973,L,0.016845207661390305, 0.044804738420579165
O83973,V,0.008087441325187683, 0.045098126141561404
O83973,Y,0.039342451840639114, 0.041932695648736425
O83973,I,0.015290671959519386, 0.038043696640266314
O83973,S,0.037051256746053696, 0.04025553063386016
O83973,G,0.04727497324347496, 0.039884442980918616
O83973,P,0.0811723843216896, 0.05019057614521848
O83973,S,0.03257628157734871, 0.050706540855268635
O83973,H,0.08465910702943802, 0.05149637545562453
O83973,A,0.013505418784916401, 0.05015511158853769
O83973,Q,0.10084263980388641, 0.06254888791590929
O83973,E,0.043986134231090546, 0.06057634587503142
O83973,V,0.022399183362722397, 0.07443589561929305
O83973,A,0.024979881942272186, 0.07466802508052853
O83973,Q,0.15881896018981934, 0.07617763533360428
O83973,G,0.06341950595378876, 0.06757285839153661
O83973,K,0.15731222927570343, 0.06435175778137313
O83973,V,0.08674827218055725, 0.06444707161022557
O83973,T,0.02709191106259823, 0.06246915894250075
O83973,G,0.02339964732527733, 0.0459905495453212
O83973,L,0.014996228739619255, 0.04050101277728876
O83973,I,0.02325700782239437, 0.03098550707929664
O83973,A,0.0071786679327487946, 0.027108252255453005
O83973,A,0.01051147561520338, 0.039960216730833054
O83973,S,0.014013675041496754, 0.05367474754651388
O83973,Q,0.07167267799377441, 0.05473382170829508
O83973,N,0.05185297876596451, 0.05379468099110656
O83973,P,0.14275959134101868, 0.06623452591399352
O83973,M,0.14683042466640472, 0.07547836574829286
O83973,A,0.0245278961956501, 0.07561860895819134
O83973,A,0.014804741367697716, 0.0735969671772586
O83973,I,0.11913727223873138, 0.07894338543216388
O83973,R,0.09370603412389755, 0.06573783792555332
O83973,V,0.015275863930583, 0.0505816245244609
O83973,R,0.053477901965379715, 0.059636147485838994
O83973,E,0.099970743060112, 0.06235222746100691
O83973,L,0.023909663781523705, 0.060106994998123914
O83973,L,0.010424504056572914, 0.06054104843901263
O83973,R,0.10601860284805298, 0.06107897601193852
O83973,S,0.03924946114420891, 0.06870890325970119
O83973,K,0.09893018007278442, 0.059355548272530236
O83973,R,0.09761251509189606, 0.06395464369820224
O83973,V,0.02011721208691597, 0.06605084033475982
O83973,Q,0.12214724719524384, 0.05786963179707527
O83973,V,0.01579054817557335, 0.06303165853023529
O83973,Y,0.06530152261257172, 0.056024721099270716
O83973,S,0.029290273785591125, 0.04794510826468468
O83973,S,0.03238772600889206, 0.049920237312714257
O83973,L,0.08570770174264908, 0.0379762195257677
O83973,D,0.03586774319410324, 0.03748055278427071
O83973,V,0.02489599958062172, 0.032805475095907845
O83973,V,0.037893373519182205, 0.030529924668371677
O83973,G,0.014651087112724781, 0.02816662357913123
O83973,V,0.011329547502100468, 0.020098075477613345
O83973,Q,0.023225823417305946, 0.017431195825338364
O83973,V,0.008810319937765598, 0.01583885836104552
O83973,C,0.011118016205728054, 0.016595752495858405
O83973,A,0.013090768828988075, 0.025172295773194894
O83973,A,0.011865826323628426, 0.02561285626143217
O83973,V,0.010564962401986122, 0.024558054697182443
O83973,K,0.04470542073249817, 0.027110727814336617
O83973,N,0.0918399766087532, 0.030119163087672658
O83973,V,0.015294591896235943, 0.0295565418071217
O83973,I,0.0137326093390584, 0.03239259351458815
O83973,A,0.03178437799215317, 0.03388482621974415
O83973,I,0.03819393366575241, 0.030426888933612242
O83973,A,0.008027177304029465, 0.022400235860712
O83973,F,0.037390291690826416, 0.03438694650928179
O83973,G,0.023995056748390198, 0.037168458414574466
O83973,L,0.013583985157310963, 0.04027951788157225
O83973,L,0.019600098952651024, 0.04392644048978885
O83973,D,0.1231749877333641, 0.060927546583116055
O83973,A,0.03876621648669243, 0.07537849733812942
O83973,M,0.05978391319513321, 0.09593070205301046
O83973,A,0.07101623713970184, 0.11593156080279085
O83973,E,0.1610371321439743, 0.12487447717123562
O83973,H,0.16744884848594666, 0.12632683788736662
O83973,S,0.20896489918231964, 0.1321585186653667
O83973,E,0.19359171390533447, 0.1436795343955358
O83973,A,0.10008634626865387, 0.14261827452315223
O83973,F,0.1362462341785431, 0.12937362160947588
O83973,G,0.09125134348869324, 0.1202573792801963
O83973,D,0.16347305476665497, 0.10188435721728537
O83973,N,0.06146489828824997, 0.08487984496686193
O83973,T,0.04183525592088699, 0.07519071807877885
O83973,E,0.08540266752243042, 0.06348251375473207
O83973,S,0.04360770061612129, 0.05779479143934117
O83973,M,0.04055110365152359, 0.04409657366987732
O83973,L,0.012884204275906086, 0.03842357960012224
O83973,L,0.030872395262122154, 0.03610010320941607
O83973,A,0.040061842650175095, 0.03507852347360717
O83973,A,0.040189094841480255, 0.03395671107702785
O83973,G,0.010407951660454273, 0.030557808983657096
O83973,L,0.02092396840453148, 0.033921893789536424
O83973,N,0.0762084499001503, 0.03685025777667761
O83973,E,0.033511389046907425, 0.03355787808282508
O83973,I,0.00996098481118679, 0.03038471657782793
O83973,Q,0.04316096752882004, 0.04233558558755451
O83973,T,0.05722767114639282, 0.05026888971527418
O83973,I,0.01043042540550232, 0.04702326779564222
O83973,G,0.011630641296505928, 0.04910555067989561
O83973,K,0.11796577274799347, 0.05176238198247221
O83973,Q,0.09232370555400848, 0.05631730188098219
O83973,L,0.04699785262346268, 0.059185277877582446
O83973,G,0.05225193500518799, 0.06724217513369189
O83973,S,0.033872466534376144, 0.07634298048085636
O83973,T,0.08415524661540985, 0.06700005837612683
O83973,H,0.08303945511579514, 0.058360275708966784
O83973,P,0.08294250071048737, 0.057506223105722
O83973,E,0.09353788942098618, 0.055259216162893504
O83973,T,0.03387947380542755, 0.05790839054518276
O83973,F,0.014565661549568176, 0.050502525021632515
O83973,T,0.039311379194259644, 0.04451940208673477
O83973,S,0.03202887251973152, 0.04025107291009691
O83973,L,0.0577150359749794, 0.035405450810988746
O83973,A,0.01750245690345764, 0.04235026778446303
O83973,G,0.02919134870171547, 0.043903292881117925
O83973,I,0.04452753812074661, 0.04943981683916516
O83973,G,0.04992729052901268, 0.04868535800940461
O83973,D,0.09638282656669617, 0.046920856874850064
O83973,L,0.028542887419462204, 0.04672405682504177
O83973,D,0.08914009481668472, 0.05501138356824716
O83973,V,0.02523874305188656, 0.05527376693983873
O83973,T,0.041834525763988495, 0.06002670961121718
O83973,C,0.01573125645518303, 0.06544389761984348
O83973,R,0.10377728939056396, 0.06638250479267703
O83973,S,0.046888988465070724, 0.07323561422526836
O83973,A,0.09270377457141876, 0.07910986410246955
O83973,Y,0.14513751864433289, 0.08972074174218708
O83973,G,0.03699035197496414, 0.1035841517150402
O83973,R,0.1508180797100067, 0.09458898297614521
O83973,N,0.07810699194669724, 0.09047664970987374
O83973,R,0.13733242452144623, 0.08965051194859876
O83973,R,0.1405019462108612, 0.07994925541182359
O83973,F,0.022820770740509033, 0.07886916047169103
O83973,G,0.009877989068627357, 0.06732981796893808
O83973,R,0.085268534719944, 0.0711112715717819
O83973,D,0.0578262098133564, 0.07228158890373176
O83973,I,0.027269497513771057, 0.07312480256789261
O83973,V,0.046963997185230255, 0.09021258167922497
O83973,H,0.11214007437229156, 0.09929987581239806
O83973,K,0.14786528050899506, 0.10559040680527687
O83973,G,0.14809086918830872, 0.11691063642501831
O83973,I,0.1766107827425003, 0.13651531438032785
O83973,L,0.09166363626718521, 0.14810204919841555
O83973,D,0.14188331365585327, 0.14676247123214933
O83973,S,0.15970827639102936, 0.14490375998947355
O83973,F,0.203711599111557, 0.15024316559235254
O83973,S,0.1512446105480194, 0.15017605241802004
O83973,G,0.10008387267589569, 0.14462508137027422
O83973,I,0.13113687932491302, 0.14073133510020044
O83973,Q,0.19614551961421967, 0.13831558037135336
O83973,D,0.1760067641735077, 0.12964600034885937
O83973,L,0.041704896837472916, 0.12382299991117583
O83973,V,0.10683959722518921, 0.13070321538382107
O83973,S,0.13796648383140564, 0.13864573794934484
O83973,R,0.12568537890911102, 0.12737750717335278
O83973,L,0.09883760660886765, 0.11563746920890278
O83973,P,0.16200581192970276, 0.12558650390969384
O83973,E,0.20261958241462708, 0.12084040294090907
O83973,V,0.09473144263029099, 0.11009701920880212
O83973,G,0.0703464224934578, 0.10591649429665671
O83973,Y,0.13124620914459229, 0.09869810856050915
O83973,L,0.0641246885061264, 0.08511746095286475
O83973,A,0.041276030242443085, 0.07268868386745453
O83973,E,0.0880606546998024, 0.0645918392886718
O83973,G,0.03387213498353958, 0.05815773126151827
O83973,V,0.03977998346090317, 0.053325465155972376
O83973,V,0.09076058864593506, 0.05210589369138082
O83973,A,0.02185984142124653, 0.04860810635404454
O83973,C,0.01243945024907589, 0.04747635902216037
O83973,M,0.08775581419467926, 0.058503629743225045
O83973,H,0.0531485453248024, 0.05897834017458889
O83973,V,0.009795944206416607, 0.05088943149894476
O83973,Q,0.07787492871284485, 0.062402942631807595
O83973,R,0.13311757147312164, 0.07959329574886295
O83973,L,0.044052377343177795, 0.08208994225909312
O83973,A,0.017960410565137863, 0.09187771783520778
O83973,E,0.12548144161701202, 0.09522733299268617
O83973,R,0.16715262830257416, 0.10488448416193326
O83973,D,0.1102256327867508, 0.09485931694507599
O83973,R,0.1412385255098343, 0.09771908240185843
O83973,L,0.039942480623722076, 0.09669280021140973
O83973,K,0.16478928923606873, 0.08408077682058017
O83973,V,0.042891066521406174, 0.07026853950487243
O83973,P,0.06979026645421982, 0.059779675056536995
O83973,I,0.008723870851099491, 0.04493345459923148
O83973,C,0.011973231099545956, 0.050695241066730685
O83973,A,0.04284249246120453, 0.035855864433364734
O83973,G,0.015825852751731873, 0.03304478976254662
O83973,L,0.007622541394084692, 0.02718606751619114
O83973,Y,0.0917985588312149, 0.03537131499292122
O83973,A,0.031234899535775185, 0.052666880966474615
O83973,I,0.01759139448404312, 0.0677687889482412
O83973,L,0.017061766237020493, 0.0808152059196598
O83973,N,0.08239109814167023, 0.09127976641886765
O83973,R,0.1676333248615265, 0.08799507324066427
O83973,E,0.17875966429710388, 0.10047338406244914
O83973,K,0.1332436054944992, 0.10758170237143834
O83973,G,0.10180358588695526, 0.10899216557542483
O83973,A,0.06223632022738457, 0.10388297256496218
O83973,D,0.143539696931839, 0.10073742187685436
O83973,T,0.08156625926494598, 0.08822890453868443
O83973,F,0.029755935072898865, 0.07664894126355648
O83973,M,0.03640836104750633, 0.07062243401176399
O83973,Q,0.1393233686685562, 0.06981692566639847
O83973,E,0.06618300825357437, 0.06400572363701132
O83973,I,0.02902393601834774, 0.054942805940906204
O83973,L,0.047565020620822906, 0.051636590932806335
O83973,G,0.05498674511909485, 0.047591217483083405
O83973,W,0.09123887866735458, 0.03211084318657716
O83974,M,0.0869528129696846, 0.051938685278097786
O83974,A,0.08041117340326309, 0.0541575462039974
O83974,F,0.13957926630973816, 0.06047962543865045
O83974,E,0.11021621525287628, 0.06227232619292206
O83974,T,0.05028869956731796, 0.06543568501041995
O83974,T,0.019969748333096504, 0.056878873664471835
O83974,F,0.05689871311187744, 0.05773313819534249
O83974,V,0.01613430678844452, 0.05218017246160242
O83974,M,0.028470229357481003, 0.05211960089703401
O83974,L,0.00994151085615158, 0.0497098709974024
O83974,K,0.08809955418109894, 0.052347451655401125
O83974,P,0.08960257470607758, 0.061186045615209475
O83974,G,0.10967107117176056, 0.07093365179995696
O83974,V,0.028601130470633507, 0.07771108030445045
O83974,L,0.04370797425508499, 0.0829321706874503
O83974,Q,0.1364460587501526, 0.07601621829801136
O83974,R,0.10386276245117188, 0.07022694332732095
O83974,R,0.08946708589792252, 0.06564300590091282
O83974,L,0.05693132430315018, 0.06380655481997463
O83974,V,0.025855982676148415, 0.06027198458711306
O83974,G,0.03749909996986389, 0.049574978235695094
O83974,E,0.06841563433408737, 0.04238359547323651
O83974,V,0.012073070742189884, 0.03358407049543328
O83974,L,0.011896842159330845, 0.032911397309766874
O83974,S,0.0401730015873909, 0.04043605551123619
O83974,R,0.03914031758904457, 0.04343457561400202
O83974,F,0.010271361097693443, 0.040118170695172414
O83974,E,0.05087726563215256, 0.0397579258100854
O83974,R,0.09357790648937225, 0.04634082244916095
O83974,K,0.06448578089475632, 0.043701750640239984
O83974,G,0.03856799006462097, 0.044636914816995464
O83974,L,0.008830866776406765, 0.04650097702526384
O83974,V,0.07114291191101074, 0.04458181756652064
O83974,L,0.016421355307102203, 0.04246509106208881
O83974,T,0.0475567951798439, 0.04073299498607715
O83974,A,0.02704792097210884, 0.04065145748770899
O83974,L,0.033604830503463745, 0.04902960153089629
O83974,R,0.07452736794948578, 0.0449307726489173
O83974,L,0.0488969162106514, 0.05118966102600098
O83974,L,0.037834152579307556, 0.05752528624402152
O83974,C,0.08423416316509247, 0.06409542303946283
O83974,V,0.034253451973199844, 0.0726929907169607
O83974,D,0.07275135070085526, 0.06598921844528781
O83974,T,0.10457742214202881, 0.0718602817505598
O83974,A,0.08617915213108063, 0.07811980673836337
O83974,T,0.11098293960094452, 0.07546055254836877
O83974,A,0.014193417504429817, 0.08211938105523586
O83974,E,0.10173648595809937, 0.09052546963923508
O83974,L,0.09416987746953964, 0.09731403634779984
O83974,H,0.06030087545514107, 0.10599378558496635
O83974,Y,0.09418290853500366, 0.11944339652028349
O83974,A,0.14840614795684814, 0.14196006250050333
O83974,E,0.16567452251911163, 0.1645023636519909
O83974,H,0.16429689526557922, 0.17724451795220375
O83974,R,0.23202943801879883, 0.19043303694989946
O83974,E,0.2168434113264084, 0.18906699617703757
O83974,K,0.3046171963214874, 0.1835087753004498
O83974,P,0.20884926617145538, 0.1802134248945448
O83974,F,0.17899754643440247, 0.17386366592513192
O83974,Y,0.08188854157924652, 0.15777629696660572
O83974,P,0.09838216006755829, 0.14134938352637821
O83974,S,0.1360163688659668, 0.1193145281738705
O83974,L,0.10714906454086304, 0.09986434462997648
O83974,I,0.08724311739206314, 0.08740166988637713
O83974,A,0.06900119036436081, 0.08548705362611347
O83974,Y,0.10630349814891815, 0.08034397123588456
O83974,I,0.03379761427640915, 0.0765865325099892
O83974,T,0.06683347374200821, 0.0674411700003677
O83974,S,0.06465699523687363, 0.05959936955736743
O83974,A,0.05209441855549812, 0.05270263050786323
O83974,P,0.10219942033290863, 0.04219145208804144
O83974,V,0.02484080195426941, 0.03955013879264394
O83974,V,0.016666913405060768, 0.03364807589807444
O83974,A,0.006930538918823004, 0.03425168716866109
O83974,L,0.011702892370522022, 0.03262659881470932
O83974,A,0.010025794617831707, 0.04470835600255264
O83974,F,0.013714907690882683, 0.05029659526836541
O83974,K,0.07008949667215347, 0.05101119721722272
O83974,G,0.037468623369932175, 0.05448808003630903
O83974,E,0.21093523502349854, 0.06612691624710958
O83974,N,0.07513495534658432, 0.0735906542589267
O83974,A,0.023098330944776535, 0.07336988817486498
O83974,I,0.03822248429059982, 0.07968758564028475
O83974,S,0.1164524182677269, 0.08642557159894043
O83974,L,0.07719943672418594, 0.06566005634764831
O83974,V,0.011728012934327126, 0.06116375265022119
O83974,R,0.1269487738609314, 0.06718741750551595
O83974,T,0.09811049699783325, 0.07538582032753362
O83974,L,0.02404559776186943, 0.07543957212732898
O83974,C,0.034668222069740295, 0.08298120792541239
O83974,G,0.07731131464242935, 0.09071313879556125
O83974,S,0.11200810968875885, 0.09641413266460101
O83974,T,0.11693618446588516, 0.10296418145298958
O83974,R,0.14507415890693665, 0.10346625000238419
O83974,V,0.08131539076566696, 0.11080474820401934
O83974,E,0.17825771868228912, 0.11227590176794264
O83974,H,0.15706093609333038, 0.10736113289992015
O83974,A,0.0285642147064209, 0.10246328761180241
O83974,Q,0.10071470588445663, 0.0895217354926798
O83974,P,0.0905516967177391, 0.09227081098490292
O83974,G,0.0677751898765564, 0.08073263491193454
O83974,T,0.07285557687282562, 0.07117996489008267
O83974,I,0.028600189834833145, 0.07623802249630292
O83974,R,0.1060570701956749, 0.0697859384947353
O83974,G,0.07441413402557373, 0.07132485260566075
O83974,D,0.07108690589666367, 0.07939142071538502
O83974,F,0.0740867331624031, 0.08289528638124466
O83974,A,0.04264594987034798, 0.09048326520456208
O83974,L,0.10440192371606827, 0.09504837915301323
O83974,R,0.1403743028640747, 0.10057906930645306
O83974,T,0.10439036786556244, 0.10186132002207968
O83974,T,0.09689199924468994, 0.09707076806161138
O83974,T,0.14714309573173523, 0.10673351834217708
O83974,N,0.12419034540653229, 0.09795786543852752
O83974,I,0.08262716233730316, 0.08886438628865613
O83974,V,0.030971765518188477, 0.09950137655768129
O83974,H,0.12961070239543915, 0.09934347226387924
O83974,A,0.02542104758322239, 0.09409669559035036
O83974,S,0.058532990515232086, 0.09378915797505114
O83974,D,0.20012328028678894, 0.09920019345978896
O83974,S,0.0954708606004715, 0.09761463767952389
O83974,P,0.09992210566997528, 0.09170323279168871
O83974,E,0.12142250686883926, 0.11493621663086945
O83974,S,0.13132648169994354, 0.11762491344577736
O83974,A,0.01670176349580288, 0.09767172713246611
O83974,A,0.07640805840492249, 0.09767399542033672
O83974,R,0.234517902135849, 0.10161439888179302
O83974,E,0.08273126184940338, 0.09315155011912186
O83974,L,0.02054460346698761, 0.0829807555096017
O83974,A,0.09549127519130707, 0.08878028516968091
O83974,L,0.13538573682308197, 0.08798282966017723
O83974,Y,0.04525686800479889, 0.07562460295028156
O83974,F,0.03978933021426201, 0.07372978702187538
O83974,S,0.06889753043651581, 0.0751204685204559
O83974,A,0.06923095881938934, 0.07563558179471228
O83974,Q,0.12329386174678802, 0.0698024080031448
O83974,D,0.06567791849374771, 0.07327453171213467
O83974,F,0.03306073695421219, 0.08356040633387035
O83974,V,0.10012729465961456, 0.08844046294689178
O83974,E,0.08288717269897461, 0.09120593799485101
O83974,W,0.07650598138570786, 0.08902274486091402
O83974,R,0.13236220180988312, 0.09553604241874483
O83974,D,0.11281803995370865, 0.10482372591892879
O83974,G,0.09412023425102234, 0.10560773230261272
O83974,N,0.10364512354135513, 0.10434673892127143
O83974,Y,0.124297596514225, 0.09584607432285945
O83974,D,0.11664988845586777, 0.08113916301065022
O83974,F,0.10718335211277008, 0.06860382523801592
O83974,F,0.07153823226690292, 0.05814602143234677
O84003,M,0.1279929280281067, 0.10361152556207445
O84003,R,0.2758837938308716, 0.1255373971329795
O84003,C,0.14503616094589233, 0.15160260597864786
O84003,D,0.2385350465774536, 0.18102003799544442
O84003,A,0.14505580067634583, 0.20547162161933052
O84003,T,0.19733284413814545, 0.2229679889149136
O84003,Q,0.23458687961101532, 0.2079084167877833
O84003,E,0.2647568881511688, 0.2168570641014311
O84003,K,0.22006425261497498, 0.20973258548312718
O84003,R,0.2854602336883545, 0.2217447923289405
O84003,A,0.1403476446866989, 0.22342046929730308
O84003,H,0.22557398676872253, 0.2195477866464191
O84003,S,0.1744147390127182, 0.2172504117091497
O84003,E,0.25316566228866577, 0.2150058646996816
O84003,S,0.2124139368534088, 0.2004695865843031
O84003,G,0.1997327357530594, 0.19475450366735458
O84003,E,0.24408051371574402, 0.1854228600859642
O84003,S,0.19986332952976227, 0.1799786446823014
O84003,V,0.15463373064994812, 0.1654501954714457
O84003,F,0.08891189843416214, 0.1465414638320605
O84003,F,0.1415891945362091, 0.13153625941938824
O84003,Q,0.1254168003797531, 0.1291882801387045
O84003,K,0.12240961939096451, 0.1182928987675243
O84003,F,0.0422353520989418, 0.11214064723915523
O84003,L,0.0646858960390091, 0.1108224019408226
O84003,E,0.22294870018959045, 0.09701899335616165
O84003,T,0.10180489718914032, 0.09114398124317329
O84003,R,0.09926346689462662, 0.07979793205029434
O84003,Q,0.0770476907491684, 0.08560344018042088
O84003,I,0.01735851727426052, 0.08981625011397733
O84003,L,0.07254169136285782, 0.078818677407172
O84003,L,0.020295176655054092, 0.0697189670883947
O84003,S,0.09448492527008057, 0.0785490566243728
O84003,G,0.10260118544101715, 0.08686512812144226
O84003,E,0.12397054582834244, 0.09858177643683222
O84003,I,0.019907504320144653, 0.09867684253387982
O84003,S,0.17873427271842957, 0.09831666201353073
O84003,K,0.15189233422279358, 0.09630975789493984
O84003,D,0.12280835211277008, 0.09243788984086779
O84003,L,0.07339728623628616, 0.07973159508158763
O84003,A,0.017053551971912384, 0.07996492408629921
O84003,E,0.0764227882027626, 0.07283929145584504
O84003,G,0.06775437295436859, 0.06018588019327985
O84003,I,0.009613892994821072, 0.047621161573463015
O84003,V,0.022007465362548828, 0.044342414372497134
O84003,R,0.11460357904434204, 0.048081386420461864
O84003,Q,0.03801163285970688, 0.04157734206981129
O84003,L,0.009725884534418583, 0.04369576730661922
O84003,F,0.04388856142759323, 0.054382299073040485
O84003,V,0.05070430040359497, 0.061613999824557036
O84003,L,0.017886389046907425, 0.05840167206608587
O84003,E,0.08682020008563995, 0.07030362108101447
O84003,S,0.10579267889261246, 0.0827064493464099
O84003,L,0.08709277212619781, 0.08879496032992999
O84003,S,0.0856926292181015, 0.09556158921784824
O84003,V,0.14512917399406433, 0.09695771626300281
O84003,S,0.12135133892297745, 0.09584477254086071
O84003,K,0.09868516027927399, 0.0854498849560817
O84003,P,0.11160396039485931, 0.07977556871871154
O84003,I,0.03045153245329857, 0.0714563758422931
O84003,Y,0.07680370658636093, 0.06119299245377382
O84003,M,0.012238690629601479, 0.052511943918135434
O84003,Y,0.03602392598986626, 0.054272628699739776
O84003,V,0.010819893330335617, 0.045124226767155856
O84003,D,0.05275872349739075, 0.04457217061685191
O84003,S,0.04322190210223198, 0.04608821806808313
O84003,P,0.11453132331371307, 0.049489239851633705
O84003,G,0.02926834300160408, 0.05823904565638966
O84003,G,0.02548302710056305, 0.06061386151446237
O84003,D,0.09044813364744186, 0.05708319445451101
O84003,V,0.0428478866815567, 0.05562540309296714
O84003,D,0.11477217823266983, 0.04532237764861849
O84003,A,0.03219323605298996, 0.043146462800602116
O84003,G,0.02098271995782852, 0.04390567447990179
O84003,Y,0.030101779848337173, 0.04218148926479949
O84003,A,0.021804094314575195, 0.039708011162777744
O84003,I,0.009685109369456768, 0.027765466572923794
O84003,F,0.0323159322142601, 0.032444258168753654
O84003,D,0.07493046671152115, 0.034568268857482404
O84003,V,0.020586583763360977, 0.03323304347900881
O84003,I,0.007289276923984289, 0.04113764838419027
O84003,R,0.07430236041545868, 0.043382718693464994
O84003,F,0.04009881615638733, 0.049227017857548266
O84003,V,0.018084751442074776, 0.04219380057313376
O84003,K,0.09294553846120834, 0.04765922902151942
O84003,T,0.029890742152929306, 0.04772430347899596
O84003,P,0.08491462469100952, 0.04141184749702612
O84003,V,0.011631511151790619, 0.03847667440358135
O84003,Y,0.06977543979883194, 0.04133926590697633
O84003,T,0.007874947041273117, 0.03368657796333233
O84003,I,0.01749025657773018, 0.03905788984977537
O84003,G,0.013682258315384388, 0.03179978775895304
O84003,M,0.04384807497262955, 0.03421940809736649
O84003,G,0.0240713469684124, 0.03295985433376498
O84003,L,0.0782325491309166, 0.034105465540455446
O84003,V,0.01959170587360859, 0.03464995459136036
O84003,A,0.03340809419751167, 0.03543215783105956
O84003,S,0.058439455926418304, 0.0318433933166994
O84003,A,0.01818544790148735, 0.030040066378811996
O84003,G,0.022390658035874367, 0.02261389936837885
O84003,V,0.02072208747267723, 0.022240955175624952
O84003,L,0.01154919434338808, 0.020482557722263865
O84003,V,0.007841404527425766, 0.015054386833475696
O84003,L,0.011397046037018299, 0.01920270412746403
O84003,L,0.01623520813882351, 0.02881979662925005
O84003,A,0.017582517117261887, 0.035932072438299656
O84003,A,0.009585917927324772, 0.038997191107935376
O84003,K,0.055520303547382355, 0.04129292464090718
O84003,K,0.10894449055194855, 0.043746687989268035
O84003,D,0.08473256975412369, 0.04313945325298442
O84003,C,0.03913526237010956, 0.043815151788294315
O84003,R,0.02850300632417202, 0.051594393948713936
O84003,F,0.033480916172266006, 0.051897896660698786
O84003,G,0.010770095512270927, 0.041546026865641274
O84003,L,0.023663803935050964, 0.043884833653767906
O84003,R,0.07959909737110138, 0.041511182569795184
O84003,N,0.05825182795524597, 0.04638259837196933
O84003,S,0.01577766239643097, 0.04369165334436628
O84003,R,0.10578183084726334, 0.056838779192831784
O84003,Y,0.017772402614355087, 0.06153865179253949
O84003,L,0.07234574854373932, 0.06244482948548264
O84003,I,0.009262410923838615, 0.08241741379929914
O84003,H,0.1290942281484604, 0.08786516905658776
O84003,Q,0.06596265733242035, 0.09479104913771152
O84003,P,0.08775469660758972, 0.09886270368264781
O84003,L,0.23800508677959442, 0.1182408392843273
O84003,S,0.0648074597120285, 0.12276298469967312
O84003,G,0.16811475157737732, 0.12306288215849134
O84003,M,0.05441729351878166, 0.11895505877004729
O84003,R,0.24674896895885468, 0.11363885386122598
O84003,G,0.049961719661951065, 0.09425899469190174
O84003,V,0.1317933052778244, 0.08925025579002169
O84003,A,0.028992246836423874, 0.0767561863693926
O84003,T,0.03990885242819786, 0.07652413224180539
O84003,D,0.06358635425567627, 0.06407252492176162
O84003,I,0.019728809595108032, 0.061819507429997124
O84003,E,0.05566812679171562, 0.05918569738666216
O84003,I,0.05232880637049675, 0.06697920461495717
O84003,H,0.1346845030784607, 0.06832951721217898
O84003,A,0.029684562236070633, 0.06920406056774987
O84003,R,0.10808901488780975, 0.07819416208399667
O84003,E,0.09913381189107895, 0.07813390468557675
O84003,L,0.052061665803194046, 0.07974920339054531
O84003,E,0.07145724445581436, 0.07388536466492547
O84003,K,0.1006397232413292, 0.08225434314873484
O84003,T,0.05512581020593643, 0.07257827474839157
O84003,R,0.06686649471521378, 0.06532128300103876
O84003,S,0.08190995454788208, 0.06551309778458542
O84003,K,0.10500536859035492, 0.062350289068288274
O84003,L,0.02100439928472042, 0.053459831409984164
O84003,N,0.03382088616490364, 0.05320228305127886
O84003,A,0.05378799885511398, 0.05552548666795095
O84003,L,0.042991966009140015, 0.057358377509646945
O84003,I,0.020625604316592216, 0.04988268514474233
O84003,A,0.052807874977588654, 0.055785064275066056
O84003,S,0.0877753272652626, 0.06230118850039111
O84003,E,0.09840597212314606, 0.06891565583646297
O84003,T,0.03772413730621338, 0.08257835172116756
O84003,G,0.07412581145763397, 0.1046307525700993
O84003,V,0.09246600419282913, 0.1186954097615348
O84003,S,0.11331820487976074, 0.11189073303507434
O84003,L,0.16595622897148132, 0.10878694202337
O84003,D,0.21909721195697784, 0.12479395150310463
O84003,K,0.17938978970050812, 0.1262877755280998
O84003,V,0.026533236727118492, 0.11731584401180346
O84003,A,0.070471853017807, 0.11168982533531056
O84003,Q,0.18178722262382507, 0.1077640564698312
O84003,D,0.08757022768259048, 0.09291353770014313
O84003,T,0.011718620546162128, 0.08925463869753811
O84003,N,0.06268403679132462, 0.10952639962650007
O84003,R,0.13062430918216705, 0.10637983317590421
O84003,D,0.08544254302978516, 0.0967806980220808
O84003,Y,0.146459698677063, 0.08884200174361467
O84003,W,0.20897908508777618, 0.09944215665260951
O84003,L,0.042152754962444305, 0.10461802283922832
O84003,D,0.09539500623941422, 0.09143241960555315
O84003,A,0.016121961176395416, 0.09310055741419394
O84003,S,0.10712001472711563, 0.10023940075188875
O84003,Q,0.10926683247089386, 0.09216967690736055
O84003,A,0.011953880079090595, 0.09379111737426785
O84003,L,0.10045578330755234, 0.08505147974938154
O84003,E,0.21070928871631622, 0.08559441100805998
O84003,Y,0.1363515704870224, 0.08087774148831765
O84003,G,0.05674571916460991, 0.07667061717559893
O84003,L,0.016738267615437508, 0.07867955644097593
O84003,I,0.021008342504501343, 0.07165525998506281
O84003,S,0.06466998904943466, 0.06083342329495483
O84003,N,0.07140271365642548, 0.0539897032496002
O84003,L,0.03003433346748352, 0.060166396407617465
O84003,I,0.03723711520433426, 0.0682756354411443
O84003,E,0.11331275850534439, 0.07881631205479304
O84003,K,0.07475809007883072, 0.07682475199302037
O84003,R,0.11233595758676529, 0.08135856274101469
O84003,A,0.08972141891717911, 0.09342638237608804
O84003,D,0.11587443202733994, 0.10424682663546668
O84003,L,0.04674594849348068, 0.09165652013487285
O84003,P,0.11220701038837433, 0.08335006568166944
O84003,K,0.13864471018314362, 0.0708682926164733
O84003,K,0.13462111353874207, 0.06089924607012007
P96122,M,0.0659579262137413, 0.02015337109979656
P96122,T,0.07372412085533142, 0.021997540050910577
P96122,V,0.01324407197535038, 0.02404164657410648
P96122,G,0.017616400495171547, 0.026691461706327066
P96122,V,0.01083782035857439, 0.0353350251292189
P96122,F,0.01659752056002617, 0.04381471551540825
P96122,A,0.018396958708763123, 0.05473783788167768
P96122,A,0.023848336189985275, 0.06057489404661788
P96122,L,0.07779207080602646, 0.06354690187921126
P96122,G,0.1422751396894455, 0.06883314955565664
P96122,E,0.1720322221517563, 0.07956911871830623
P96122,E,0.06577757745981216, 0.07978654983970854
P96122,V,0.04436447098851204, 0.08912811138563687
P96122,A,0.058414049446582794, 0.09353556525376108
P96122,R,0.11322124302387238, 0.08560506709747845
P96122,V,0.020353838801383972, 0.07046022555894321
P96122,R,0.10792239010334015, 0.0748000836206807
P96122,E,0.11745915561914444, 0.07668433255619472
P96122,C,0.07090065628290176, 0.08587560140424305
P96122,L,0.03572864830493927, 0.08912363896767299
P96122,G,0.10483630001544952, 0.09860770404338837
P96122,G,0.061322711408138275, 0.10204717185762194
P96122,V,0.14113546907901764, 0.09954755670494503
P96122,G,0.14245358109474182, 0.09603586999906434
P96122,T,0.10571042448282242, 0.1009446486002869
P96122,E,0.13887760043144226, 0.09711894682712024
P96122,R,0.09496261924505234, 0.10038863494992256
P96122,A,0.03929547592997551, 0.08877272862527105
P96122,G,0.07990765571594238, 0.08096044883131981
P96122,L,0.07040498405694962, 0.07755808739198579
P96122,T,0.09074990451335907, 0.06682041452990638
P96122,F,0.03659231215715408, 0.06937726338704427
P96122,Y,0.0721430629491806, 0.06892164424061775
P96122,V,0.07508917152881622, 0.06783142396145397
P96122,V,0.042238544672727585, 0.06759769842028618
P96122,S,0.11797425895929337, 0.062419881837235555
P96122,V,0.03519490361213684, 0.07708175604542096
P96122,G,0.07009567320346832, 0.07099911798205641
P96122,A,0.06830145418643951, 0.06544418136278789
P96122,L,0.04414955526590347, 0.06408939138054848
P96122,Q,0.16854918003082275, 0.05361441274483999
P96122,V,0.017399320378899574, 0.056197001702255674
P96122,V,0.025094741955399513, 0.0515802473657661
P96122,Y,0.030045434832572937, 0.04974727167023553
P96122,V,0.023699451237916946, 0.04973325050539441
P96122,C,0.05843820422887802, 0.03558195216788186
P96122,G,0.02854488417506218, 0.041409464139077395
P96122,G,0.05180467292666435, 0.04073807845513026
P96122,V,0.044023364782333374, 0.04535507079627779
P96122,G,0.04118749499320984, 0.04430104730029901
P96122,K,0.06984692811965942, 0.03903906306044923
P96122,V,0.01905227079987526, 0.039491572003397674
P96122,N,0.0715983659029007, 0.03844082076102495
P96122,A,0.014213239774107933, 0.035208292201989226
P96122,A,0.011080346070230007, 0.03668558090511295
P96122,L,0.032617464661598206, 0.033492763319777116
P96122,C,0.04234791174530983, 0.03250658636291822
P96122,T,0.014930607751011848, 0.02780383245812522
P96122,Q,0.054483093321323395, 0.034851135686039925
P96122,L,0.04111156985163689, 0.04113692490177022
P96122,L,0.01017667818814516, 0.045279635633859366
P96122,I,0.029273580759763718, 0.04954544941170348
P96122,S,0.07763896882534027, 0.04973233460138241
P96122,E,0.06765244901180267, 0.05952654416776366
P96122,F,0.06990186125040054, 0.05735380440536472
P96122,G,0.08074023574590683, 0.057221597267521754
P96122,A,0.016612574458122253, 0.05504067221449481
P96122,R,0.14263097941875458, 0.05034612057109674
P96122,V,0.0215569119900465, 0.045217362956868276
P96122,L,0.008986813947558403, 0.04147550587852796
P96122,I,0.009645255282521248, 0.03608462793959512
P96122,N,0.035388004034757614, 0.03627035559879409
P96122,T,0.02149363048374653, 0.02288306670056449
P96122,G,0.03622514754533768, 0.022327708080410957
P96122,I,0.032222334295511246, 0.025678958743810654
P96122,A,0.01828412339091301, 0.028763337888651423
P96122,G,0.022145379334688187, 0.03371173909140958
P96122,A,0.016558684408664703, 0.045348138444953494
P96122,L,0.03914806991815567, 0.04423362741039859
P96122,D,0.03740466758608818, 0.04888791363272402
P96122,E,0.079923614859581, 0.051304804989033274
P96122,R,0.12622122466564178, 0.05754069880478912
P96122,L,0.02619454823434353, 0.06118420614964432
P96122,C,0.07411091029644012, 0.057640535187804036
P96122,V,0.040036145597696304, 0.0543701579897768
P96122,F,0.07826842367649078, 0.046276894191073045
P96122,D,0.049350250512361526, 0.03376666932470269
P96122,V,0.007255031261593103, 0.036109761231475405
P96122,L,0.007971272803843021, 0.03558428171608183
P96122,V,0.007084240671247244, 0.03324162049425973
P96122,S,0.013629200868308544, 0.032496375342210136
P96122,V,0.047282375395298004, 0.03653885299960772
P96122,D,0.06938159465789795, 0.04364389900325073
P96122,A,0.01895219460129738, 0.04995140811014506
P96122,V,0.07156121730804443, 0.053329144397543535
P96122,Q,0.08573254942893982, 0.06035104559527503
P96122,H,0.07120044529438019, 0.06008536948098077
P96122,D,0.06473885476589203, 0.06747812529404958
P96122,V,0.03748386725783348, 0.07645412989788586
P96122,D,0.076826311647892, 0.08041671042641003
P96122,V,0.04489129036664963, 0.08167391063438521
P96122,T,0.13591639697551727, 0.08731568894452518
P96122,A,0.09973623603582382, 0.08917640273769696
P96122,F,0.10722444206476212, 0.1044763939248191
P96122,G,0.0970473513007164, 0.10132526233792305
P96122,Y,0.12197645008563995, 0.1132691250079208
P96122,Q,0.08148527890443802, 0.10177962316407098
P96122,K,0.17518378794193268, 0.09748176733652751
P96122,G,0.04846612736582756, 0.09823554340336058
P96122,R,0.15238605439662933, 0.09374697589211994
P96122,I,0.03251088038086891, 0.09524428596099217
P96122,P,0.06105553358793259, 0.09612417221069336
P96122,R,0.11400842666625977, 0.08381728579600652
P96122,M,0.05665024369955063, 0.08857373437947696
P96122,D,0.1354522407054901, 0.07928869914677408
P96122,S,0.08940425515174866, 0.08575034555461672
P96122,V,0.06442181020975113, 0.08078582357201311
P96122,E,0.09127416461706161, 0.07290530432429579
P96122,W,0.06882073730230331, 0.07643386535346508
P96122,T,0.09066569805145264, 0.06992871293591128
P96122,A,0.01637483574450016, 0.062131863087415695
P96122,N,0.04308375343680382, 0.06458019672168626
P96122,T,0.08840729296207428, 0.06763406056496832
P96122,A,0.07690586894750595, 0.06516208623846372
P96122,L,0.019232606515288353, 0.05654616446958648
P96122,R,0.08645681291818619, 0.06459827907383442
P96122,Y,0.11875893920660019, 0.06998061119682258
P96122,L,0.0465729683637619, 0.06173631507489416
P96122,V,0.013122402131557465, 0.056130419588751264
P96122,R,0.08884386718273163, 0.06311982849405871
P96122,E,0.09152474254369736, 0.060093806642625064
P96122,A,0.014208627864718437, 0.05041262238389916
P96122,F,0.02645280957221985, 0.053584317987163864
P96122,D,0.08213728666305542, 0.06725395036240418
P96122,L,0.059222616255283356, 0.06538024689588282
P96122,C,0.03162828087806702, 0.06590895830757088
P96122,T,0.07511822879314423, 0.0801214079062144
P96122,R,0.1361490935087204, 0.08677995204925537
P96122,D,0.0719805359840393, 0.0867061788837115
P96122,P,0.09628314524888992, 0.09661755628055996
P96122,E,0.14212067425251007, 0.10455399917231666
P96122,W,0.08637970685958862, 0.10414490020937389
P96122,T,0.08147332817316055, 0.0989907897180981
P96122,E,0.14842501282691956, 0.0998435906238026
P96122,G,0.10305626690387726, 0.10188374585575527
P96122,A,0.0714363381266594, 0.10189271635479397
P96122,C,0.08976209908723831, 0.10910390814145406
P96122,A,0.07965574413537979, 0.11587799174918069
P96122,L,0.11464454233646393, 0.11620782398515278
P96122,S,0.14220140874385834, 0.12606902668873468
P96122,G,0.15128043293952942, 0.13330534597237906
P96122,S,0.1424400806427002, 0.1409658831026819
P96122,G,0.15139350295066833, 0.14857840538024902
P96122,D,0.1918070912361145, 0.15600625839498308
P96122,P,0.13656321167945862, 0.15458301537566715
P96122,P,0.158706933259964, 0.1466529443860054
P96122,S,0.1481684446334839, 0.1477013106147448
P96122,R,0.18149521946907043, 0.13369301416807705
P96122,V,0.12939222157001495, 0.11915987274712986
P96122,S,0.0799097940325737, 0.11211830915676223
P96122,R,0.15187537670135498, 0.09745283404158221
P96122,L,0.02531883493065834, 0.09116602337194814
P96122,V,0.061008818447589874, 0.07225662138726976
P96122,E,0.0731891393661499, 0.05915194418695238
P96122,G,0.02671765722334385, 0.0533039468444056
P96122,R,0.09158714860677719, 0.04061780062814554
P96122,V,0.011310601606965065, 0.04897349555459288
P96122,A,0.011450126767158508, 0.0534837202479442
P96122,S,0.027277817949652672, 0.055848433532648616
P96122,G,0.03770006075501442, 0.055320279051860176
P96122,D,0.10052008926868439, 0.05418923869729042
P96122,L,0.10160084068775177, 0.061118014363778964
P96122,F,0.09447155892848969, 0.0672580154819621
P96122,V,0.021964266896247864, 0.07683597298132049
P96122,S,0.08140778541564941, 0.08318364040719138
P96122,D,0.07366958260536194, 0.07680302858352661
P96122,A,0.06671013683080673, 0.07498306781053543
P96122,Q,0.11347943544387817, 0.08452163553900188
P96122,T,0.09482906758785248, 0.08603525658448537
P96122,R,0.04309458285570145, 0.08542940682835048
P96122,A,0.08522119373083115, 0.09666941728856829
P96122,R,0.1803186684846878, 0.10682863410976198
P96122,I,0.03558685630559921, 0.10486105001635021
P96122,I,0.07595513761043549, 0.10637075785133573
P96122,R,0.17482967674732208, 0.10307732866042191
P96122,E,0.15814308822155, 0.10244064260688093
P96122,F,0.0957711786031723, 0.08341585006564856
P96122,G,0.10841643810272217, 0.08091503236856726
P96122,A,0.013453720137476921, 0.07852985565033224
P96122,H,0.0794910192489624, 0.06722862128582266
P96122,G,0.00909553561359644, 0.05812931578192446
P96122,V,0.013079497031867504, 0.049251801437801786
P96122,E,0.05448854714632034, 0.03907734921409024
P96122,M,0.07311856746673584, 0.03898024051967594
P96122,E,0.07624933868646622, 0.03174282289627525
P96122,G,0.01587354950606823, 0.03163701802906063
P96122,A,0.016846368089318275, 0.036525201259387866
P96122,A,0.012579741887748241, 0.03279223024017281
P96122,F,0.014354260638356209, 0.025850717185272112
P96122,A,0.008143291808664799, 0.026592275955610804
P96122,H,0.05707314610481262, 0.029269860436518986
P96122,V,0.020891807973384857, 0.03114421396619744
P96122,A,0.010644949972629547, 0.03622376867052582
P96122,S,0.08292336761951447, 0.03916633056683673
P96122,V,0.03997180983424187, 0.04394066623515553
P96122,N,0.03371554985642433, 0.04144272911879751
P96122,G,0.058295734226703644, 0.04012776849170526
P96122,V,0.04083731770515442, 0.04106704704463482
P96122,P,0.05111231282353401, 0.03266990164087878
P96122,F,0.034591712057590485, 0.03449856510592832
P96122,V,0.009057162329554558, 0.03203824617796474
P96122,I,0.01909845694899559, 0.026794596057799127
P96122,I,0.007349058985710144, 0.02775459260576301
P96122,R,0.05642978101968765, 0.034028645811809435
P96122,C,0.011572679504752159, 0.038761150298847094
P96122,I,0.011102883145213127, 0.04094454749590821
P96122,S,0.049477286636829376, 0.04551073474188646
P96122,D,0.10757879167795181, 0.05605209101405409
P96122,G,0.07718425244092941, 0.06830800717903508
P96122,A,0.02870773710310459, 0.08611179143190384
P96122,G,0.060194142162799835, 0.10971714659697479
P96122,A,0.10222126543521881, 0.1206559640251928
P96122,E,0.1667330265045166, 0.13013617797858185
P96122,Q,0.17180673778057098, 0.1401493385848072
P96122,D,0.22355107963085175, 0.1510751090115971
P96122,V,0.14792664349079132, 0.1570830527279112
P96122,S,0.19290071725845337, 0.16241931915283203
P96122,M,0.1673026978969574, 0.15637997951772478
P96122,S,0.12703967094421387, 0.14328376576304436
P96122,Y,0.11426563560962677, 0.12703356933262613
P96122,K,0.15024766325950623, 0.12040961078471607
P96122,E,0.11237896978855133, 0.11389674536055988
P96122,F,0.05394081398844719, 0.09765889661179648
P96122,S,0.07729931175708771, 0.08609429643385941
P96122,T,0.08831101655960083, 0.08752082598706086
P96122,R,0.13428492844104767, 0.0771236719770564
P96122,A,0.021162059158086777, 0.06732208136883047
P96122,A,0.022958269342780113, 0.06461586575541231
P96122,R,0.12710440158843994, 0.06311293049818939
P96122,R,0.05667327716946602, 0.05575087914864222
P96122,S,0.024164654314517975, 0.042678788718250066
P96122,A,0.029584873467683792, 0.04744940085543527
P96122,L,0.06377289444208145, 0.0551614531626304
P96122,L,0.022052554413676262, 0.042287062439653605
P96122,T,0.016636114567518234, 0.03782374059988393
P96122,L,0.0640975683927536, 0.04654410626325342
P96122,R,0.09236674010753632, 0.05463025905191898
P96122,V,0.011234885081648827, 0.05119478930201796
P96122,L,0.016503380611538887, 0.057880618506007724
P96122,E,0.10264794528484344, 0.06443697089950244
P96122,R,0.10236024856567383, 0.06565734702679846
P96122,L,0.03285366669297218, 0.07780836646755536
P96122,S,0.0822250172495842, 0.09030192490253183
P96122,A,0.07564328610897064, 0.1004892566965686
P96122,L,0.07508095353841782, 0.10001193607846896
P96122,R,0.20172591507434845, 0.09853602076570193
P96122,T,0.12367691099643707, 0.10511077526542875
P96122,S,0.10818936675786972, 0.11021606789694892
P96122,V,0.09835205972194672, 0.11323879990312788
P96122,V,0.08907701075077057, 0.11669385598765479
P96122,A,0.09202645719051361, 0.108889682425393
P96122,S,0.12817265093326569, 0.10956320994430119
P96122,L,0.1028478741645813, 0.10803334414958954
P96122,F,0.10617645829916, 0.10853580219878091
P96122,P,0.1314883530139923, 0.10924726310703489
P96122,M,0.12973865866661072, 0.09902210119697782
P96122,V,0.09442057460546494, 0.08478069553772609
P96122,V,0.10287418216466904, 0.07335315396388371
P96122,V,0.09548015892505646, 0.0615557697084215
F7IUJ5,M,0.06242804974317551, 0.02891690366797977
F7IUJ5,T,0.06137964874505997, 0.03201783965859148
F7IUJ5,I,0.03863710165023804, 0.03592391167249945
F7IUJ5,G,0.0471181645989418, 0.04075908391839928
F7IUJ5,F,0.05068916827440262, 0.04431696505182319
F7IUJ5,A,0.02790842391550541, 0.040696921861834
F7IUJ5,F,0.03515464812517166, 0.037163883447647095
F7IUJ5,T,0.043516550213098526, 0.038531779415077634
F7IUJ5,I,0.0320209302008152, 0.03866650081343121
F7IUJ5,F,0.029847661033272743, 0.035759784281253815
F7IUJ5,A,0.029582303017377853, 0.03662692900333139
F7IUJ5,Y,0.050948165357112885, 0.03793955366644594
F7IUJ5,Y,0.04833065718412399, 0.03794523638983568
F7IUJ5,L,0.02452871948480606, 0.038731665453977056
F7IUJ5,A,0.035712726414203644, 0.040999035040537514
F7IUJ5,M,0.04696827009320259, 0.04906872949666447
F7IUJ5,F,0.04356769472360611, 0.053601241360108055
F7IUJ5,C,0.039098791778087616, 0.05439772167139583
F7IUJ5,F,0.050253987312316895, 0.059657915184895195
F7IUJ5,R,0.10220955312252045, 0.06415472966101435
F7IUJ5,R,0.09174077212810516, 0.06689012795686722
F7IUJ5,L,0.05549897998571396, 0.07061206135484907
F7IUJ5,S,0.07187046110630035, 0.08249521834982766
F7IUJ5,S,0.07618405669927597, 0.09251980897453096
F7IUJ5,C,0.07158685475587845, 0.09375020447704527
F7IUJ5,S,0.07706509530544281, 0.10120065924194124
F7IUJ5,R,0.1460472047328949, 0.10815533498922984
F7IUJ5,K,0.1404753029346466, 0.12582730750242868
F7IUJ5,S,0.11328311264514923, 0.14238366898563173
F7IUJ5,Y,0.15879486501216888, 0.15279696881771088
F7IUJ5,A,0.11809106171131134, 0.1679612613386578
F7IUJ5,E,0.23091821372509003, 0.1646401575869984
F7IUJ5,N,0.22519131004810333, 0.1670749013622602
F7IUJ5,E,0.16530655324459076, 0.16596744706233343
F7IUJ5,R,0.21354372799396515, 0.1607493840985828
F7IUJ5,A,0.11615727096796036, 0.15947981923818588
F7IUJ5,D,0.16238799691200256, 0.14378941390249464
F7IUJ5,T,0.10331602394580841, 0.1304570014278094
F7IUJ5,A,0.11183229833841324, 0.12190243684583241
F7IUJ5,G,0.1066649779677391, 0.10542279067966673
F7IUJ5,V,0.08970456570386887, 0.09899098840024737
F7IUJ5,L,0.10519959777593613, 0.09022271964285108
F7IUJ5,G,0.08831547200679779, 0.08553378077016936
F7IUJ5,V,0.06522691249847412, 0.07822653568453258
F7IUJ5,S,0.058271050453186035, 0.07139506770504846
F7IUJ5,E,0.0834735780954361, 0.06841221617327796
F7IUJ5,K,0.0611155740916729, 0.060535801781548396
F7IUJ5,S,0.046067092567682266, 0.05569962577687369
F7IUJ5,L,0.0451817661523819, 0.05296695356567701
F7IUJ5,Y,0.06285890191793442, 0.04870571340951654
F7IUJ5,A,0.034311868250370026, 0.04346918625136217
F7IUJ5,C,0.044789887964725494, 0.04244447975522942
F7IUJ5,S,0.040632862597703934, 0.03966656782560878
F7IUJ5,L,0.01991988904774189, 0.03774716208378474
F7IUJ5,F,0.03634483367204666, 0.036706007603141994
F7IUJ5,S,0.051893215626478195, 0.037634481572442584
F7IUJ5,L,0.021065885201096535, 0.035845124887095556
F7IUJ5,L,0.0279071144759655, 0.041098623226086296
F7IUJ5,I,0.053488511592149734, 0.04643345810472965
F7IUJ5,V,0.04266813397407532, 0.04729098598990175
F7IUJ5,V,0.02868567779660225, 0.04727611338926686
F7IUJ5,R,0.0879143476486206, 0.053186693539222084
F7IUJ5,L,0.06793340295553207, 0.05691863389478789
F7IUJ5,L,0.04406258463859558, 0.05842840257618162
F7IUJ5,L,0.05175936222076416, 0.06054436953531371
F7IUJ5,T,0.07426110655069351, 0.0672848266032007
F7IUJ5,G,0.061494577676057816, 0.06400978192687035
F7IUJ5,N,0.0670764297246933, 0.07028285538156827
F7IUJ5,A,0.061711836606264114, 0.08258977573778895
F7IUJ5,F,0.08934979140758514, 0.0857243003944556
F7IUJ5,L,0.058438945561647415, 0.08685698898302184
F7IUJ5,P,0.12439106404781342, 0.09332285573085149
F7IUJ5,R,0.1548248678445816, 0.09754139598872927
F7IUJ5,L,0.07997008413076401, 0.09970839528573884
F7IUJ5,I,0.08445530384778976, 0.10854556038975716
F7IUJ5,T,0.11968737840652466, 0.11391620503531562
F7IUJ5,I,0.10504329204559326, 0.1077000970641772
F7IUJ5,G,0.08121483027935028, 0.09647407134373982
F7IUJ5,W,0.16888427734375, 0.09579271823167801
F7IUJ5,D,0.10677474737167358, 0.0962454800804456
F7IUJ5,P,0.0684460923075676, 0.08554638342724906
F7IUJ5,M,0.053790636360645294, 0.08327619979778926
F7IUJ5,V,0.07383790612220764, 0.08036690081159274
F7IUJ5,R,0.08853016048669815, 0.06335323262545797
F7IUJ5,L,0.023395508527755737, 0.05526876987682448
F7IUJ5,E,0.08461163938045502, 0.0550453153749307
F7IUJ5,Y,0.05503113940358162, 0.05111121986475256
F7IUJ5,L,0.01576126366853714, 0.04459404469364219
F7IUJ5,T,0.03401458263397217, 0.03798625680307547
F7IUJ5,L,0.06643500179052353, 0.038146483401457466
F7IUJ5,A,0.018383776769042015, 0.030428372633953888
F7IUJ5,F,0.015183329582214355, 0.02739195329033666
F7IUJ5,S,0.02906006947159767, 0.028247140244477324
F7IUJ5,G,0.024837547913193703, 0.026970869447622035
F7IUJ5,V,0.015148642472922802, 0.024365016880134743
F7IUJ5,S,0.027703365311026573, 0.025947916528417006
F7IUJ5,C,0.023457946255803108, 0.02640571828103728
F7IUJ5,L,0.02252814546227455, 0.03273416983170642
F7IUJ5,Y,0.042982328683137894, 0.03624658855713076
F7IUJ5,Y,0.03262987360358238, 0.03933360303441683
F7IUJ5,L,0.019303545355796814, 0.046911978680226535
F7IUJ5,S,0.08601613342761993, 0.05406376595298449
F7IUJ5,T,0.05644931644201279, 0.061013690299457975
F7IUJ5,L,0.04293177276849747, 0.06733416227830781
F7IUJ5,Y,0.0959087461233139, 0.07440121885803011
F7IUJ5,P,0.0878240317106247, 0.08410384754339854
F7IUJ5,G,0.08507746458053589, 0.08461696240637037
F7IUJ5,L,0.09986657649278641, 0.08421509216229121
F7IUJ5,V,0.09623338282108307, 0.08458250471287304
F7IUJ5,N,0.1066272035241127, 0.07887658435437414
F7IUJ5,Q,0.09063416719436646, 0.07363957870337698
F7IUJ5,S,0.05283248424530029, 0.0666270088404417
F7IUJ5,F,0.0462384857237339, 0.05827069220443567
F7IUJ5,V,0.04455546289682388, 0.050981164599458374
F7IUJ5,V,0.04069098085165024, 0.04113010524047746
F7IUJ5,A,0.021964335814118385, 0.035452077372206584
F7IUJ5,F,0.02465972676873207, 0.03394375161992179
F7IUJ5,G,0.03062763437628746, 0.031797976750466556
F7IUJ5,A,0.017967669293284416, 0.028672790775696438
F7IUJ5,E,0.03953191637992859, 0.029770221561193466
F7IUJ5,G,0.03925755247473717, 0.030813066702749994
F7IUJ5,L,0.026926511898636818, 0.03141731603278054
F7IUJ5,A,0.016428789123892784, 0.03206649008724424
F7IUJ5,Y,0.050567857921123505, 0.03587230729560057
F7IUJ5,A,0.031349942088127136, 0.03578480353785886
F7IUJ5,V,0.030097970739006996, 0.036594777264528804
F7IUJ5,I,0.0364702008664608, 0.03760790659321679
F7IUJ5,I,0.052220024168491364, 0.04388383382724391
F7IUJ5,L,0.03874438256025314, 0.05593572991589705
F7IUJ5,L,0.04654731601476669, 0.06206701882183552
F7IUJ5,L,0.03604467585682869, 0.0634731873869896
F7IUJ5,P,0.07291213423013687, 0.06914513185620308
F7IUJ5,P,0.15903492271900177, 0.07613713004522854
F7IUJ5,A,0.08653154224157333, 0.08694712693492572
F7IUJ5,S,0.04275348782539368, 0.0852613283528222
F7IUJ5,F,0.08751770108938217, 0.0947354423503081
F7IUJ5,A,0.11514800786972046, 0.09759077471163538
F7IUJ5,R,0.13603435456752777, 0.08335269304613273
F7IUJ5,L,0.03137512877583504, 0.08625974568227927
F7IUJ5,L,0.12131170183420181, 0.09436383243236277
F7IUJ5,P,0.09861012548208237, 0.08735307906236914
F7IUJ5,L,0.030892187729477882, 0.08029727534287506
F7IUJ5,Q,0.11269501596689224, 0.07302354834973812
F7IUJ5,Q,0.11569026857614517, 0.0749379750341177
F7IUJ5,L,0.02442092075943947, 0.06442348431381914
F7IUJ5,F,0.05164577439427376, 0.059238280480106674
F7IUJ5,V,0.07057081162929535, 0.060690999031066895
F7IUJ5,L,0.048604968935251236, 0.05175234542952643
F7IUJ5,L,0.026681285351514816, 0.0454200588994556
F7IUJ5,L,0.05194329097867012, 0.04706320042411486
F7IUJ5,L,0.04396665468811989, 0.044203264431820974
F7IUJ5,G,0.03224713355302811, 0.04447218982709779
F7IUJ5,I,0.05869968980550766, 0.04852220995558633
F7IUJ5,V,0.03920919448137283, 0.04937322065234184
F7IUJ5,L,0.02590635046362877, 0.04807958917485343
F7IUJ5,W,0.07299114018678665, 0.055478679223193064
F7IUJ5,V,0.0850551500916481, 0.06052216597729259
F7IUJ5,M,0.03434038162231445, 0.05843863346510463
F7IUJ5,C,0.040300607681274414, 0.06997817961706056
F7IUJ5,K,0.11055846512317657, 0.08694549318816927
F7IUJ5,V,0.07763851433992386, 0.09127723342842525
F7IUJ5,L,0.03994789719581604, 0.0941864541835255
F7IUJ5,Y,0.14306510984897614, 0.10440553310844633
F7IUJ5,R,0.17861217260360718, 0.10584779249297248
F7IUJ5,K,0.11197680234909058, 0.09727066175805198
F7IUJ5,K,0.11123813688755035, 0.0940217235022121
F7IUJ5,R,0.12631209194660187, 0.09445271475447549
F7IUJ5,G,0.053280942142009735, 0.0810910113569763
F7IUJ5,A,0.03336428850889206, 0.06376022617850038
F7IUJ5,V,0.04839807003736496, 0.05318546936743789
F7IUJ5,P,0.04382681846618652, 0.04345136591129833
F7IUJ5,L,0.02280977927148342, 0.032131384023361735
F7IUJ5,S,0.02263510599732399, 0.028094374678201146
F7IUJ5,M,0.016803991049528122, 0.02580734280248483
F7IUJ5,G,0.023631205782294273, 0.024653140248523817
F7IUJ5,V,0.02443225495517254, 0.023270429629418585
F7IUJ5,L,0.016947858035564423, 0.022403110853499837
F7IUJ5,V,0.012781001627445221, 0.023395439195964072
F7IUJ5,L,0.03801024705171585, 0.025210921756095357
F7IUJ5,G,0.031382422894239426, 0.024435784874690905
F7IUJ5,V,0.015003910288214684, 0.026643502629465528
F7IUJ5,T,0.031566061079502106, 0.033055084860987134
F7IUJ5,A,0.033143334090709686, 0.0354020492070251
F7IUJ5,L,0.016654973849654198, 0.033821761401163206
F7IUJ5,H,0.04430171474814415, 0.044198890734050006
F7IUJ5,D,0.07465209811925888, 0.052429427289300494
F7IUJ5,V,0.03390368074178696, 0.057788332717286214
F7IUJ5,L,0.02378765679895878, 0.06090313196182251
F7IUJ5,L,0.12477658689022064, 0.06793483946886328
F7IUJ5,A,0.08907873928546906, 0.07120930299990708
F7IUJ5,V,0.0797962099313736, 0.07742335129943159
F7IUJ5,G,0.06117652729153633, 0.08685284501148595
F7IUJ5,V,0.07994034141302109, 0.09637826805313428
F7IUJ5,L,0.0737718865275383, 0.09260945560203658
F7IUJ5,S,0.13057853281497955, 0.08911101644237836
F7IUJ5,G,0.11876912415027618, 0.0895679539276494
F7IUJ5,A,0.10951646417379379, 0.08995649052990808
F7IUJ5,P,0.09085727483034134, 0.08312946889135572
F7IUJ5,L,0.057592786848545074, 0.07920614381631215
F7IUJ5,L,0.08390864729881287, 0.07245770179563099
F7IUJ5,I,0.06467335671186447, 0.061700991872284144
F7IUJ5,F,0.018497146666049957, 0.05177142988476488
F7IUJ5,G,0.03846196085214615, 0.04644077788624498
F7IUJ5,F,0.06984255462884903, 0.04348749646710025
F7IUJ5,V,0.021958734840154648, 0.03616263924373521
F7IUJ5,G,0.020150406286120415, 0.03174613250626458
F7IUJ5,F,0.04288140684366226, 0.03495445350805918
F7IUJ5,L,0.031013254076242447, 0.035787760383552976
F7IUJ5,V,0.01798493228852749, 0.031283289194107056
F7IUJ5,T,0.02492479607462883, 0.03254927694797516
F7IUJ5,Q,0.047372035682201385, 0.03430844615730974
F7IUJ5,T,0.04596172273159027, 0.03714605358739694
F7IUJ5,A,0.029302313923835754, 0.04221208538446161
F7IUJ5,L,0.033352624624967575, 0.047170801295174494
F7IUJ5,I,0.03598292917013168, 0.0493946952952279
F7IUJ5,E,0.06841987371444702, 0.05138147042857276
F7IUJ5,W,0.07660754024982452, 0.05479835636085934
F7IUJ5,Q,0.06261337548494339, 0.060024855037530266
F7IUJ5,V,0.04493984207510948, 0.061856288462877274
F7IUJ5,V,0.06525301188230515, 0.07197899247209232
F7IUJ5,L,0.0767136961221695, 0.07439831685688761
F7IUJ5,D,0.07634080201387405, 0.07086469274428156
F7IUJ5,G,0.04983552545309067, 0.07540187281039026
F7IUJ5,R,0.12708726525306702, 0.0872480496764183
F7IUJ5,T,0.09019379317760468, 0.0873867091205385
F7IUJ5,A,0.04480492323637009, 0.08654703282647663
F7IUJ5,Q,0.10344799607992172, 0.091308636797799
F7IUJ5,R,0.15155543386936188, 0.09610448198186027
F7IUJ5,L,0.0665009468793869, 0.0872059783173932
F7IUJ5,S,0.06915660947561264, 0.08443076287706693
F7IUJ5,Q,0.11919523775577545, 0.08974653027123874
F7IUJ5,D,0.09299813210964203, 0.08451325239406692
F7IUJ5,L,0.04700073227286339, 0.0724628944363859
F7IUJ5,S,0.06521685421466827, 0.07733917029367553
F7IUJ5,S,0.09264682978391647, 0.08362361995710267
F7IUJ5,S,0.056348495185375214, 0.07329896506336
F7IUJ5,S,0.0431022122502327, 0.0741945215397411
F7IUJ5,Q,0.11038742959499359, 0.08725416784485181
F7IUJ5,R,0.1257166564464569, 0.08576206324828996
F7IUJ5,L,0.026273343712091446, 0.0802481584250927
F7IUJ5,E,0.10105814039707184, 0.08393503518568145
F7IUJ5,R,0.16453754901885986, 0.09163695035709275
F7IUJ5,L,0.05178791284561157, 0.08193703637354904
F7IUJ5,F,0.043021686375141144, 0.07947054153515233
F7IUJ5,G,0.08953038603067398, 0.09517642131282224
F7IUJ5,E,0.11241944879293442, 0.09166560756663482
F7IUJ5,V,0.023088203743100166, 0.07641320841179954
F7IUJ5,R,0.10351820290088654, 0.08142800877491634
F7IUJ5,R,0.1676262617111206, 0.08832219243049622
F7IUJ5,T,0.06946081668138504, 0.0808449209564262
F7IUJ5,A,0.02726595662534237, 0.07382325869467524
F7IUJ5,Q,0.09692111611366272, 0.0862659996168481
F7IUJ5,E,0.10506933927536011, 0.08276700497501427
F7IUJ5,L,0.022234942764043808, 0.06961280252370569
F7IUJ5,S,0.04922448843717575, 0.07306404722233613
F7IUJ5,H,0.13507287204265594, 0.08198827919032839
F7IUJ5,N,0.07202725112438202, 0.07363070920109749
F7IUJ5,E,0.04923843964934349, 0.06928675828708543
F7IUJ5,Q,0.10052201896905899, 0.08375555939144558
F7IUJ5,N,0.10758404433727264, 0.08675625920295715
F7IUJ5,L,0.02170298621058464, 0.07559478282928467
F7IUJ5,T,0.06597378104925156, 0.07904724031686783
F7IUJ5,E,0.15245415270328522, 0.0917728307346503
F7IUJ5,T,0.07623078674077988, 0.0830309401369757
F7IUJ5,M,0.03461958467960358, 0.08230972393519348
F7IUJ5,D,0.10309936851263046, 0.09511010659237702
F7IUJ5,R,0.16376875340938568, 0.09538950584828854
F7IUJ5,A,0.021845003589987755, 0.08189471914536423
F7IUJ5,E,0.1010930985212326, 0.08532915202279885
F7IUJ5,Q,0.1369064301252365, 0.09079663724535042
F7IUJ5,V,0.06848837435245514, 0.08196683869593674
F7IUJ5,V,0.031001072376966476, 0.07069171116583878
F7IUJ5,Q,0.1071406826376915, 0.08709762410985099
F7IUJ5,D,0.0838269516825676, 0.08766758028003904
F7IUJ5,L,0.023631181567907333, 0.07509498277472125
F7IUJ5,T,0.06229260563850403, 0.0755877343730794
F7IUJ5,R,0.16949822008609772, 0.07959496167798837
F7IUJ5,Y,0.10622270405292511, 0.07007244622541799
F7IUJ5,T,0.023753052577376366, 0.07330670932100879
F7IUJ5,G,0.07292313873767853, 0.08441846507291
F7IUJ5,A,0.06706611812114716, 0.08476351967288388
F7IUJ5,V,0.02143804356455803, 0.06804931598405044
F7IUJ5,R,0.11293531954288483, 0.06283175800409582
F7IUJ5,E,0.12363698333501816, 0.06902210041880608
F7IUJ5,E,0.06539809703826904, 0.06328217912879255
F7IUJ5,L,0.01907038688659668, 0.06143715791404247
F7IUJ5,A,0.05926468223333359, 0.07553243657781018
F7IUJ5,V,0.07946613430976868, 0.0691406691653861
F7IUJ5,Q,0.0212638471275568, 0.058035864805181824
F7IUJ5,G,0.050460927188396454, 0.05811357104943858
F7IUJ5,E,0.1482955515384674, 0.06719919314814939
F7IUJ5,G,0.05540941283106804, 0.06294769959317313
F7IUJ5,F,0.023693744093179703, 0.06386809464957979
F7IUJ5,S,0.0660974532365799, 0.07040104249285327
F7IUJ5,Q,0.1008409857749939, 0.07209104113280773
F7IUJ5,T,0.021001240238547325, 0.05839577834639284
F7IUJ5,R,0.08774968981742859, 0.06034924483133687
F7IUJ5,V,0.08006037771701813, 0.06589599471125338
F7IUJ5,V,0.0656709149479866, 0.060353238549497396
F7IUJ5,N,0.025038186460733414, 0.05431626737117767
F7IUJ5,E,0.07299061119556427, 0.06239671943088373
F7IUJ5,E,0.07361449301242828, 0.058580240648653775
F7IUJ5,L,0.016212647780776024, 0.052036849988831416
F7IUJ5,G,0.046508245170116425, 0.059132391379939184
F7IUJ5,S,0.0937253087759018, 0.06767755539880858
F7IUJ5,S,0.05340138077735901, 0.0616020949350463
F7IUJ5,L,0.021169861778616905, 0.060568228363990784
F7IUJ5,R,0.12953078746795654, 0.07228861355947123
F7IUJ5,E,0.10194466263055801, 0.0754060788700978
F7IUJ5,L,0.01831146702170372, 0.06798040701283349
F7IUJ5,D,0.06430969387292862, 0.07536026918225819
F7IUJ5,E,0.1216961145401001, 0.08068822676108943
F7IUJ5,Q,0.07456543296575546, 0.06959657329652044
F7IUJ5,M,0.026894262060523033, 0.06408968029750718
F7IUJ5,E,0.11982014030218124, 0.08044015533394283
F7IUJ5,A,0.06912147998809814, 0.09060058080487782
F7IUJ5,Q,0.02970590628683567, 0.07905863701469368
F7IUJ5,G,0.05238262563943863, 0.08588877382377784
F7IUJ5,E,0.16546574234962463, 0.09609203702873653
F7IUJ5,R,0.15575352311134338, 0.08441043251918422
F7IUJ5,A,0.017818620428442955, 0.08358938102093008
F7IUJ5,R,0.13603666424751282, 0.09804080757829878
F7IUJ5,E,0.11872363090515137, 0.09872286601199044
F7IUJ5,A,0.014685699716210365, 0.08279581078224713
F7IUJ5,L,0.06173201650381088, 0.07898059611519177
F7IUJ5,E,0.159768745303154, 0.09326874112917317
F7IUJ5,A,0.058521151542663574, 0.07975449971854687
F7IUJ5,V,0.022122245281934738, 0.07189507016705142
F7IUJ5,E,0.1214165911078453, 0.08333193552162912
F7IUJ5,R,0.1464119255542755, 0.08379103367527325
F7IUJ5,L,0.014408491551876068, 0.06819208628601497
F7IUJ5,G,0.04798876494169235, 0.07413575798273087
F7IUJ5,S,0.11761748790740967, 0.08164571018682586
F7IUJ5,T,0.06586389988660812, 0.06987664941698313
F7IUJ5,V,0.019378218799829483, 0.06641784569041596
F7IUJ5,H,0.11201419681310654, 0.07892413447714514
F7IUJ5,N,0.08971181511878967, 0.0866334182727668
F7IUJ5,L,0.01549504417926073, 0.0759819382801652
F7IUJ5,R,0.11528269201517105, 0.07696778999848498
F7IUJ5,G,0.12696509063243866, 0.08367500174790621
F7IUJ5,K,0.11737231910228729, 0.07307335165225798
F7IUJ5,F,0.02175416797399521, 0.07050843133280675
F7IUJ5,S,0.0747365653514862, 0.07868786445922321
F7IUJ5,A,0.07974312454462051, 0.07495288343893157
F7IUJ5,V,0.016599345952272415, 0.06345021455652183
F7IUJ5,H,0.06662753224372864, 0.06200513636900319
F7IUJ5,A,0.08910994231700897, 0.06926642337607013
F7IUJ5,D,0.08166786283254623, 0.06307471688422892
F7IUJ5,F,0.023441070690751076, 0.0597252334571547
F7IUJ5,E,0.10436661541461945, 0.07057017895082633
F7IUJ5,A,0.08710575103759766, 0.06963679877420266
F7IUJ5,I,0.019011206924915314, 0.06235695588919851
F7IUJ5,T,0.04959777370095253, 0.06461565155122015
F7IUJ5,T,0.11420385539531708, 0.07225991061164273
F7IUJ5,A,0.05822711065411568, 0.062563036258022
F7IUJ5,S,0.023591356351971626, 0.06085923748711745
F7IUJ5,K,0.10199612379074097, 0.0724169464988841
F7IUJ5,T,0.09223940223455429, 0.07711368364592393
F7IUJ5,G,0.017094746232032776, 0.0672009845988618
F7IUJ5,K,0.07177156209945679, 0.06891459702617592
F7IUJ5,E,0.12303058803081512, 0.08302317021621598
F7IUJ5,C,0.09186840802431107, 0.07392088634272416
F7IUJ5,V,0.02498956397175789, 0.07133717814253436
F7IUJ5,G,0.07364962249994278, 0.08540743071999815
F7IUJ5,R,0.15056851506233215, 0.08372767993973361
F7IUJ5,M,0.020075568929314613, 0.072820201723112
F7IUJ5,M,0.06898602843284607, 0.07444868423044682
F7IUJ5,E,0.14372701942920685, 0.08448603563010693
F7IUJ5,V,0.05665380507707596, 0.0785912447091606
F7IUJ5,I,0.024863284081220627, 0.0669504070861472
F7IUJ5,E,0.1065247505903244, 0.07638104798065291
F7IUJ5,E,0.11532572656869888, 0.08625397458672523
F7IUJ5,I,0.02059650421142578, 0.07386757226453887
F7IUJ5,T,0.04580097645521164, 0.08566092161668672
F7IUJ5,S,0.10495133697986603, 0.09532385402255589
F7IUJ5,R,0.15784236788749695, 0.08531456316510837
F7IUJ5,S,0.03224939852952957, 0.078864141056935
F7IUJ5,R,0.16279394924640656, 0.09402571825517549
F7IUJ5,G,0.11182967573404312, 0.09638393877281083
F7IUJ5,L,0.016441132873296738, 0.08949977573421267
F7IUJ5,A,0.05727192759513855, 0.08331446846326192
F7IUJ5,V,0.1570506989955902, 0.08929232176807192
F7IUJ5,T,0.06702496111392975, 0.07355024913946788
F7IUJ5,N,0.04299386963248253, 0.07127021087540521
F7IUJ5,A,0.10217460244894028, 0.08939646888110372
F7IUJ5,L,0.08605007827281952, 0.08655681585272153
F7IUJ5,V,0.021115295588970184, 0.0722968578338623
F7IUJ5,V,0.0913093313574791, 0.07576985408862431
F7IUJ5,D,0.17957745492458344, 0.09333020738429493
F7IUJ5,I,0.03171505033969879, 0.0855039618909359
F7IUJ5,S,0.028711076825857162, 0.08780092373490334
F7IUJ5,G,0.09828192740678787, 0.08922085952427652
F7IUJ5,R,0.20103704929351807, 0.08338870522048739
F7IUJ5,T,0.031738393008708954, 0.06613719214995702
F7IUJ5,N,0.10672273486852646, 0.06813463071982066
F7IUJ5,L,0.03389471769332886, 0.07354350595010652
F7IUJ5,L,0.038819942623376846, 0.06529697361919615
F7IUJ5,A,0.02431383728981018, 0.04609019640419218
F7IUJ5,M,0.04969199746847153, 0.04493822447127766
F7IUJ5,N,0.07739095389842987, 0.039715472194883555
F7IUJ5,A,0.02406313642859459, 0.039223534572455615
F7IUJ5,A,0.02817605435848236, 0.04606181445221106
F7IUJ5,I,0.021370645612478256, 0.0613109657747878
F7IUJ5,E,0.05971796438097954, 0.05777427367866039
F7IUJ5,A,0.029467279091477394, 0.054259436618950635
F7IUJ5,A,0.10036446154117584, 0.0658597360468573
F7IUJ5,H,0.1615561991930008, 0.08664613403379917
F7IUJ5,A,0.01786176860332489, 0.08915064132048024
F7IUJ5,G,0.04575742036104202, 0.10549790101746719
F7IUJ5,D,0.12846583127975464, 0.11009454644388622
F7IUJ5,A,0.21525363624095917, 0.10189550328585836
F7IUJ5,G,0.04391121119260788, 0.08814247407846981
F7IUJ5,R,0.206843301653862, 0.09030445665121078
F7IUJ5,G,0.07083708792924881, 0.08759554103016853
F7IUJ5,F,0.026573073118925095, 0.07555885157651371
F7IUJ5,A,0.037778936326503754, 0.06395287935932477
F7IUJ5,V,0.0373196117579937, 0.07339857063359684
F7IUJ5,V,0.02137717977166176, 0.0518711084086034
F7IUJ5,A,0.020135626196861267, 0.054462892210317984
F7IUJ5,G,0.1107998862862587, 0.06374544184654951
F7IUJ5,E,0.12892243266105652, 0.06431848504063156
F7IUJ5,I,0.013096141628921032, 0.06255956853015555
F7IUJ5,R,0.09416314214468002, 0.07632912022786008
F7IUJ5,S,0.11011601984500885, 0.10172223206609488
F7IUJ5,L,0.04293632507324219, 0.09235071980704863
F7IUJ5,A,0.02148936316370964, 0.08555820760213667
F7IUJ5,A,0.1453031450510025, 0.10420499390198125
F7IUJ5,R,0.24867363274097443, 0.10579988174140453
F7IUJ5,T,0.026456275954842567, 0.09818298224773672
F7IUJ5,A,0.06778982281684875, 0.112009491564499
F7IUJ5,A,0.18091721832752228, 0.12431767562197314
F7IUJ5,E,0.1085171326994896, 0.11102654909094174
F7IUJ5,S,0.04156392440199852, 0.09337454330590036
F7IUJ5,G,0.16737490892410278, 0.11409136011368698
F7IUJ5,A,0.13226301968097687, 0.115938323446446
F7IUJ5,T,0.025683006271719933, 0.09873059826592605
F7IUJ5,G,0.08980558067560196, 0.10303651644951767
F7IUJ5,K,0.21290762722492218, 0.11448964373105103
F7IUJ5,M,0.08441249281167984, 0.10052303038537502
F7IUJ5,L,0.026047691702842712, 0.10029674962990814
F7IUJ5,K,0.14727039635181427, 0.11090817716386583
F7IUJ5,E,0.14464206993579865, 0.10871405320035087
F7IUJ5,I,0.0416753888130188, 0.08762306223313014
F7IUJ5,E,0.1302264928817749, 0.08813496596283382
F7IUJ5,A,0.12118585407733917, 0.09952537218729655
F7IUJ5,V,0.07005846500396729, 0.08651781847907437
F7IUJ5,I,0.023088708519935608, 0.07624081460138162
F7IUJ5,G,0.08901962637901306, 0.09403681113488144
F7IUJ5,E,0.1285613477230072, 0.08516563123299016
F7IUJ5,S,0.030202412977814674, 0.07492576125595304
F7IUJ5,G,0.05214903503656387, 0.07745387736294004
F7IUJ5,H,0.2018393576145172, 0.08601737601889504
F7IUJ5,A,0.05038587376475334, 0.07850023400452402
F7IUJ5,S,0.029027024284005165, 0.07073285140924984
F7IUJ5,A,0.09281150996685028, 0.08753476726512115
F7IUJ5,G,0.10016019642353058, 0.08809376984006828
F7IUJ5,V,0.021365348249673843, 0.06745294026202625
F7IUJ5,A,0.05865490436553955, 0.07090046173996395
F7IUJ5,Q,0.18141965568065643, 0.07690359300209416
F7IUJ5,S,0.05718005821108818, 0.06940744299855497
F7IUJ5,F,0.01607189141213894, 0.06925406700207128
F7IUJ5,T,0.08141356706619263, 0.0797908879402611
F7IUJ5,D,0.08305520564317703, 0.08515615368054973
F7IUJ5,I,0.02534615993499756, 0.06703204475343227
F7IUJ5,R,0.09877981245517731, 0.07071281659106414
F7IUJ5,G,0.11619673669338226, 0.07638431050711209
F7IUJ5,K,0.10694229602813721, 0.06957981155978309
F7IUJ5,V,0.01830267533659935, 0.06693913953171836
F7IUJ5,D,0.09030700474977493, 0.07704820401138729
F7IUJ5,G,0.06711533665657043, 0.07501567900180817
F7IUJ5,F,0.020173076540231705, 0.06396913569834498
F7IUJ5,S,0.05928915739059448, 0.06004173101650344
F7IUJ5,T,0.11632774025201797, 0.068957914908727
F7IUJ5,I,0.08048708736896515, 0.061517125823431544
F7IUJ5,L,0.016777846962213516, 0.060210910729236074
F7IUJ5,A,0.07159565389156342, 0.07128460312055217
F7IUJ5,D,0.09854833036661148, 0.07140328921377659
F7IUJ5,I,0.023339902982115746, 0.060774842691090375
F7IUJ5,S,0.05535940080881119, 0.06104600988328457
F7IUJ5,G,0.11983630806207657, 0.0689051260964738
F7IUJ5,A,0.06035733222961426, 0.06443438120186329
F7IUJ5,V,0.020671721547842026, 0.058689151580135025
F7IUJ5,Q,0.08292759209871292, 0.07342074025008413
F7IUJ5,V,0.0875098928809166, 0.07627924407521884
F7IUJ5,V,0.03135894984006882, 0.06648754369881418
F7IUJ5,G,0.04684126377105713, 0.06942462962534693
F7IUJ5,E,0.15592420101165771, 0.08174838870763779
F7IUJ5,E,0.0810859352350235, 0.07571320525474018
F7IUJ5,N,0.03171100467443466, 0.07198833301663399
F7IUJ5,E,0.08679110556840897, 0.08427041065361765
F7IUJ5,R,0.13158555328845978, 0.09450282115075323
F7IUJ5,T,0.028610941022634506, 0.08016977935201591
F7IUJ5,V,0.053986042737960815, 0.08679310873978668
F7IUJ5,E,0.14189764857292175, 0.09270145475036567
F7IUJ5,R,0.1389329582452774, 0.08581157070067194
F7IUJ5,M,0.02692682482302189, 0.07880203218923675
F7IUJ5,R,0.14069589972496033, 0.08633876260783938
F7IUJ5,T,0.08488611876964569, 0.09048695613940556
F7IUJ5,V,0.024782149121165276, 0.07733616253568067
F7IUJ5,T,0.06849970668554306, 0.07219529834886391
F7IUJ5,G,0.09644151479005814, 0.08013961464166641
F7IUJ5,Q,0.09131978452205658, 0.06659231417708927
F7IUJ5,L,0.02354050613939762, 0.06851342486010657
F7IUJ5,C,0.0926651805639267, 0.08244007515410583
F7IUJ5,T,0.09842567145824432, 0.0908117172204786
F7IUJ5,A,0.01877019554376602, 0.08351707810329066
F7IUJ5,R,0.10217611491680145, 0.08300821752183968
F7IUJ5,E,0.1501220017671585, 0.09120891077650918
F7IUJ5,Q,0.14384448528289795, 0.08349332296186024
F7IUJ5,G,0.03078976273536682, 0.07717918356259663
F7IUJ5,K,0.08674003928899765, 0.0918293222784996
F7IUJ5,V,0.09734674543142319, 0.08805633253521389
F7IUJ5,I,0.02322489023208618, 0.07379113344682588
F7IUJ5,A,0.04159841686487198, 0.06645165839129025
F7IUJ5,E,0.1506214439868927, 0.0840838100347254
F7IUJ5,V,0.06821920722723007, 0.07754615156186952
F7IUJ5,C,0.021735209971666336, 0.0713264863524172
F7IUJ5,T,0.07778920978307724, 0.07931507171856032
F7IUJ5,R,0.18947912752628326, 0.08500090945098135
F7IUJ5,G,0.027901113033294678, 0.07107520269023047
F7IUJ5,A,0.041369758546352386, 0.07490551554494435
F7IUJ5,A,0.09512215852737427, 0.09019045407573383
F7IUJ5,H,0.09277095645666122, 0.08464555525117451
F7IUJ5,A,0.02529008314013481, 0.06942546243468921
F7IUJ5,E,0.10269202291965485, 0.08544146062599288
F7IUJ5,R,0.15929965674877167, 0.09039892628788948
F7IUJ5,L,0.02788512036204338, 0.08229674171242449
F7IUJ5,T,0.05249829217791557, 0.08164697740640905
F7IUJ5,R,0.17204509675502777, 0.09127685986459255
F7IUJ5,D,0.08598694950342178, 0.08248668205406931
F7IUJ5,A,0.022202497348189354, 0.07309660274121496
F7IUJ5,Q,0.08692307770252228, 0.07930788977278604
F7IUJ5,K,0.11195902526378632, 0.08448446997337872
F7IUJ5,V,0.02358042262494564, 0.06864170047144096
F7IUJ5,C,0.07478894293308258, 0.07423495977289146
F7IUJ5,A,0.08378670364618301, 0.0814362722966406
F7IUJ5,E,0.09908751398324966, 0.07447738076249759
F7IUJ5,V,0.02946017123758793, 0.07172145570317905
F7IUJ5,E,0.13632628321647644, 0.08049401289059056
F7IUJ5,T,0.08701431006193161, 0.084717463908924
F7IUJ5,M,0.02429305389523506, 0.0792418575535218
F7IUJ5,I,0.08715569972991943, 0.08039577450189325
F7IUJ5,G,0.10253343731164932, 0.08670890124307738
F7IUJ5,N,0.1128000020980835, 0.07453847179810207
F7IUJ5,V,0.03450624644756317, 0.07308600180678898
F7IUJ5,E,0.10947276651859283, 0.08809713646769524
F7IUJ5,V,0.08627831190824509, 0.08647469638122453
F7IUJ5,L,0.026792418211698532, 0.07985918927523825
F7IUJ5,T,0.07394208014011383, 0.07617014025648434
F7IUJ5,E,0.15939326584339142, 0.08851167104310459
F7IUJ5,V,0.07255373895168304, 0.0802390289803346
F7IUJ5,V,0.04299387335777283, 0.08451870456337929
F7IUJ5,A,0.0795985609292984, 0.09465737889210384
F7IUJ5,R,0.14558002352714539, 0.09243718162178993
F7IUJ5,T,0.03501898795366287, 0.07998588143123521
F7IUJ5,R,0.12479539215564728, 0.08231293865376049
F7IUJ5,A,0.11804048717021942, 0.08989345240924093
F7IUJ5,V,0.05396030470728874, 0.08413567725155088
F7IUJ5,E,0.047331564128398895, 0.08163526074753867
F7IUJ5,L,0.09349725395441055, 0.09324510561095344
F7IUJ5,H,0.11121849715709686, 0.08385535660717222
F7IUJ5,T,0.027778584510087967, 0.07521695767839749
F7IUJ5,R,0.12307627499103546, 0.0774950890077485
F7IUJ5,E,0.13950759172439575, 0.08552864525053236
F7IUJ5,V,0.040287651121616364, 0.0779918980681234
F7IUJ5,I,0.04029489681124687, 0.074344577267766
F7IUJ5,A,0.07446348667144775, 0.08073078737490708
F7IUJ5,R,0.11963357031345367, 0.07349708986779054
F7IUJ5,L,0.025666529312729836, 0.06281856468154325
F7IUJ5,S,0.07839260995388031, 0.07543669992850886
F7IUJ5,G,0.0852544754743576, 0.08267396750549476
F7IUJ5,L,0.057972997426986694, 0.08266357228987747
F7IUJ5,L,0.04340086504817009, 0.0774357109847996
F7IUJ5,D,0.15385086834430695, 0.08773128315806389
F7IUJ5,S,0.10543030500411987, 0.0957687824136681
F7IUJ5,N,0.07436992973089218, 0.10332393935985035
F7IUJ5,I,0.07258281856775284, 0.11419485633571942
F7IUJ5,P,0.11832667887210846, 0.1273850036991967
F7IUJ5,T,0.15073010325431824, 0.13149867289596134
F7IUJ5,D,0.15325088798999786, 0.13785206112596723
F7IUJ5,E,0.15581125020980835, 0.14850099467568928
F7IUJ5,P,0.16211219131946564, 0.1586320615477032
F7IUJ5,Q,0.1908738911151886, 0.16622483399179247
F7IUJ5,S,0.16261079907417297, 0.17049237423472935
F7IUJ5,E,0.1702103316783905, 0.1702314962943395
F7IUJ5,Y,0.1637624204158783, 0.16927326056692335
F7IUJ5,R,0.18666163086891174, 0.16581357684400347
F7IUJ5,H,0.18913796544075012, 0.16374552084339988
F7IUJ5,G,0.15090298652648926, 0.16342400014400482
F7IUJ5,G,0.14718712866306305, 0.1620625141594145
F7IUJ5,G,0.13097503781318665, 0.15593769484096104
F7IUJ5,V,0.17226138710975647, 0.15101155638694763
F7IUJ5,G,0.1597171127796173, 0.1456917921702067
F7IUJ5,G,0.15795695781707764, 0.12892479366726345
F7IUJ5,A,0.10863904654979706, 0.11257066826025645
F7IUJ5,Y,0.14232638478279114, 0.09801788628101349
F7IUJ5,R,0.1412600874900818, 0.07887773215770721
O07886,M,0.03835400938987732, 0.023981900678740606
O07886,D,0.07629064470529556, 0.026573260832164023
O07886,I,0.037365373224020004, 0.028781969514158037
O07886,A,0.03051568567752838, 0.031081529334187508
O07886,S,0.0333113931119442, 0.032758995787137084
O07886,F,0.023322241380810738, 0.030586370473934546
O07886,I,0.01987837813794613, 0.023990900876621406
O07886,G,0.020696038380265236, 0.02183690656804376
O07886,L,0.015097198076546192, 0.020305861511992082
O07886,F,0.01880038157105446, 0.017893384624686506
O07886,G,0.01693141832947731, 0.01630094016177787
O07886,G,0.017979424446821213, 0.01598187918878264
O07886,F,0.016736280173063278, 0.015701863811247878
O07886,A,0.011599101126194, 0.016440114420321252
O07886,I,0.008990241214632988, 0.01859997771680355
O07886,I,0.017006829380989075, 0.023121298808190558
O07886,I,0.018175899982452393, 0.027456940255231328
O07886,F,0.021741453558206558, 0.033014027401804924
O07886,G,0.03823915123939514, 0.038617085872424975
O07886,A,0.05762330815196037, 0.043073746065298714
O07886,V,0.05700019747018814, 0.05154407603873147
O07886,L,0.06675006449222565, 0.05313702258798811
O07886,G,0.062026627361774445, 0.06740465718838903
O07886,G,0.049100182950496674, 0.07039471425943905
O07886,S,0.09323979914188385, 0.06741844510866536
O07886,A,0.032512418925762177, 0.06441048036019008
O07886,R,0.15015016496181488, 0.0673717815015051
O07886,G,0.06514966487884521, 0.06603998442490895
O07886,L,0.030836885794997215, 0.07523932142390145
O07886,F,0.02992851473391056, 0.06952614130245315
O07886,H,0.09340177476406097, 0.06751083075586292
O07886,V,0.05004045367240906, 0.052364531904459
O07886,P,0.13189421594142914, 0.04888058495190409
O07886,S,0.041821178048849106, 0.04989404624534978
O07886,L,0.014374624006450176, 0.048354032552904554
O07886,L,0.013833475299179554, 0.039379201725953154
O07886,I,0.03379414230585098, 0.036219126337932214
O07886,T,0.03995803743600845, 0.02403768803924322
O07886,V,0.016068391501903534, 0.0212693993623058
O07886,G,0.012628297321498394, 0.021687706725464925
O07886,G,0.021599775180220604, 0.025977228561209306
O07886,S,0.022261271253228188, 0.024523590070505936
O07886,Y,0.016906579956412315, 0.02224006617648734
O07886,L,0.018139390274882317, 0.02249744503448407
O07886,T,0.05243917182087898, 0.028853025908271473
O07886,L,0.020711395889520645, 0.03947495462165938
O07886,F,0.01940632238984108, 0.0487402133229706
O07886,L,0.018384801223874092, 0.05146284360024664
O07886,T,0.06982852518558502, 0.059749540148509875
O07886,Y,0.11719713360071182, 0.06697581977479988
O07886,P,0.10564859956502914, 0.06635755466090308
O07886,L,0.04141025245189667, 0.07016861976848708
O07886,S,0.0927196592092514, 0.0763862184766266
O07886,Y,0.11747568845748901, 0.07124103833403853
O07886,A,0.015147009864449501, 0.06062552664015028
O07886,V,0.053705908358097076, 0.06265691833363639
O07886,G,0.07434318959712982, 0.06416759515802066
O07886,V,0.02352190390229225, 0.05627616639766428
O07886,F,0.02165752835571766, 0.04710297928088241
O07886,R,0.12393112480640411, 0.06245651220281919
O07886,V,0.05500634387135506, 0.05995227313703961
O07886,I,0.021696800366044044, 0.05413208550049199
O07886,A,0.03491700440645218, 0.06234310008585453
O07886,R,0.1533288061618805, 0.06810162795914544
O07886,V,0.031167756766080856, 0.06418208446767595
O07886,F,0.021961500868201256, 0.07054752732316653
O07886,H,0.09742103517055511, 0.07611157931387424
O07886,A,0.07348427921533585, 0.08204481688638528
O07886,A,0.08865523338317871, 0.07299611324237452
O07886,D,0.11229532957077026, 0.08289469095567863
O07886,F,0.07177326828241348, 0.08949853397077984
O07886,H,0.08831614255905151, 0.08139731403854158
O07886,E,0.07189047336578369, 0.07432377928247054
O07886,R,0.12025495618581772, 0.07274270481947395
O07886,E,0.08139608800411224, 0.06758873754491408
O07886,I,0.024510055780410767, 0.060127808815903135
O07886,V,0.009822466410696507, 0.05396287598543697
O07886,Q,0.07442556321620941, 0.05593431947959794
O07886,R,0.06590962409973145, 0.04397442419495848
O07886,L,0.004624909721314907, 0.03590747993439436
O07886,Y,0.03283174708485603, 0.04296273272484541
O07886,A,0.08963346481323242, 0.05223318292862839
O07886,L,0.012615898624062538, 0.04594720258480973
O07886,A,0.008793589659035206, 0.046775091232524976
O07886,E,0.08800733089447021, 0.06388007714930508
O07886,K,0.09325651824474335, 0.0753872732942303
O07886,S,0.01785174012184143, 0.07404341703901689
O07886,R,0.0733606219291687, 0.07917791905088557
O07886,R,0.15856978297233582, 0.09654280046621959
O07886,T,0.13639651238918304, 0.09626819441715877
O07886,G,0.07753875851631165, 0.08817243741618262
O07886,L,0.05882641673088074, 0.09958591063817342
O07886,L,0.16507752239704132, 0.10766461491584778
O07886,A,0.08553587645292282, 0.09700491941637462
O07886,L,0.0203947052359581, 0.08448999789026049
O07886,E,0.1205729991197586, 0.09167351490921444
O07886,E,0.14606896042823792, 0.0981362975305981
O07886,E,0.06263252347707748, 0.0843408815562725
O07886,I,0.02376221865415573, 0.09403934122787581
O07886,Q,0.14219041168689728, 0.09835787862539291
O07886,D,0.11699146032333374, 0.09672185033559799
O07886,F,0.040918778628110886, 0.08369806988371743
O07886,D,0.1728220134973526, 0.07870417026182015
O07886,D,0.059261541813611984, 0.08867774758901861
O07886,D,0.10584874451160431, 0.07874275350736247
O07886,F,0.028854936361312866, 0.06646541914799148
O07886,V,0.017687426880002022, 0.06262412015348673
O07886,R,0.1135244145989418, 0.052494018545581236
O07886,T,0.052775464951992035, 0.048781056267519794
O07886,G,0.0064954510889947414, 0.03829987978355752
O07886,L,0.006347087677568197, 0.038609196018013686
O07886,R,0.08165109902620316, 0.04893103479925129
O07886,N,0.025844881311058998, 0.04216833153946532
O07886,V,0.01151815615594387, 0.04245658249904712
O07886,V,0.03163878247141838, 0.05090728127914998
O07886,D,0.11058397591114044, 0.05721490581830343
O07886,G,0.05266008526086807, 0.05755442629257838
O07886,V,0.055369723588228226, 0.060342047156559095
O07886,D,0.0825517401099205, 0.060132227941519685
O07886,G,0.06311570852994919, 0.06515959702018234
O07886,D,0.08470678329467773, 0.059017822249896
O07886,A,0.05093346908688545, 0.05657618875718779
O07886,I,0.009629783220589161, 0.051533682375318475
O07886,K,0.07688510417938232, 0.0533429639827874
O07886,A,0.05530800297856331, 0.05152019806620148
O07886,L,0.030685383826494217, 0.047013771099348865
O07886,M,0.00998716615140438, 0.04400882694042391
O07886,E,0.09883527457714081, 0.05256332808898555
O07886,S,0.04671081528067589, 0.04892780900829368
O07886,E,0.04414894059300423, 0.04734938529630502
O07886,L,0.023888971656560898, 0.056132571357819766
O07886,T,0.08662029355764389, 0.06537243309948179
O07886,H,0.04416543245315552, 0.06303354932202233
O07886,M,0.04110218957066536, 0.0653004650440481
O07886,E,0.10973405838012695, 0.07200250360700819
O07886,D,0.09314592182636261, 0.0754552971985605
O07886,R,0.07778532058000565, 0.07097557021511926
O07886,H,0.06711305677890778, 0.0742963088883294
O07886,N,0.10446728765964508, 0.07987767747706837
O07886,T,0.05496411398053169, 0.07136748689744207
O07886,W,0.04630275070667267, 0.06356457620859146
O07886,I,0.07405208051204681, 0.06837408244609833
O07886,S,0.0913345068693161, 0.0685708870490392
O07886,L,0.033142343163490295, 0.06147650794850455
O07886,L,0.022919725626707077, 0.06043638909856478
O07886,N,0.12107087671756744, 0.06821178272366524
O07886,S,0.06888429820537567, 0.06594289383954471
O07886,W,0.04061787575483322, 0.058228826978140406
O07886,A,0.04560304433107376, 0.07131653341154258
O07886,A,0.11628129333257675, 0.07718157209455967
O07886,L,0.05363208055496216, 0.06902753085725838
O07886,A,0.021907905116677284, 0.06546909506950113
O07886,P,0.1509317010641098, 0.07024463079869747
O07886,G,0.07570507377386093, 0.0718526713964012
O07886,Y,0.047684505581855774, 0.06324929392172231
O07886,G,0.03685837611556053, 0.07941445770363013
O07886,M,0.08359769731760025, 0.08476893562409613
O07886,L,0.06007540971040726, 0.07203235063287947
O07886,G,0.038850896060466766, 0.06946282502677706
O07886,T,0.19911855459213257, 0.06936976810296376
O07886,V,0.07009820640087128, 0.0698306295606825
O07886,M,0.036302436143159866, 0.06790479769309361
O07886,G,0.05257934331893921, 0.06765756673283047
O07886,L,0.04684699326753616, 0.06769905363519986
O07886,I,0.04100612923502922, 0.05435772778259383
O07886,G,0.06626521050930023, 0.06029505406816801
O07886,M,0.05785033106803894, 0.0673796542816692
O07886,L,0.039224278181791306, 0.08093536148468654
O07886,A,0.07904662191867828, 0.09519337448808882
O07886,T,0.12353414297103882, 0.11600853047437137
O07886,L,0.10006383806467056, 0.131878318472041
O07886,E,0.17458070814609528, 0.14223300624224874
O07886,D,0.17516911029815674, 0.1499917200869984
O07886,K,0.22834253311157227, 0.14851432293653488
O07886,S,0.20909330248832703, 0.1504888493153784
O07886,S,0.15104252099990845, 0.15145993563863966
O07886,L,0.10905270278453827, 0.13850141482220757
O07886,G,0.06575004756450653, 0.12402347392506069
O07886,S,0.1413048803806305, 0.10868595706091987
O07886,N,0.10880361497402191, 0.09261819885836707
O07886,M,0.05795402079820633, 0.08728041913774279
O07886,A,0.04486764222383499, 0.08204302564263344
O07886,T,0.09030488133430481, 0.08372413822346264
O07886,A,0.06448347866535187, 0.07730474364426401
O07886,L,0.10300250351428986, 0.06972286974390347
O07886,I,0.06191616132855415, 0.0725497773124112
O07886,T,0.0808800607919693, 0.07059558253321382
O07886,T,0.08353032916784286, 0.06675287977688843
O07886,F,0.04056674987077713, 0.06241687304443783
O07886,Y,0.08339618891477585, 0.053328483261995845
O07886,G,0.027279889211058617, 0.05447732760674424
O07886,S,0.055720556527376175, 0.056539944683512054
O07886,L,0.025459418073296547, 0.05105667416420248
O07886,V,0.021206995472311974, 0.049102580174803734
O07886,Q,0.07225576043128967, 0.04208939294848177
O07886,N,0.09944361448287964, 0.046066431121693716
O07886,W,0.0341808944940567, 0.0500440067715115
O07886,F,0.02297990396618843, 0.04916101528538598
O07886,I,0.02027750387787819, 0.05117748243113359
O07886,T,0.06307323276996613, 0.05074088668657674
O07886,P,0.09151873737573624, 0.044523481072651014
O07886,V,0.017512494698166847, 0.042887176697452865
O07886,A,0.03935519978404045, 0.05186938432355722
O07886,T,0.06832639873027802, 0.06719830777082178
O07886,K,0.04348696395754814, 0.07043051367832555
O07886,L,0.01945415511727333, 0.06814003301163514
O07886,Q,0.10381977260112762, 0.07998766377568245
O07886,Y,0.15823781490325928, 0.08323910749620861
O07886,Q,0.0921630859375, 0.08427499400244819
O07886,H,0.07090441137552261, 0.0845416962272591
O07886,D,0.12414117157459259, 0.088352855708864
O07886,L,0.06861819326877594, 0.07965697016980913
O07886,E,0.07764937728643417, 0.06773594973815812
O07886,V,0.045887283980846405, 0.06720600484146012
O07886,K,0.05375459045171738, 0.060375666556259
O07886,S,0.02555680274963379, 0.04725663695070478
O07886,K,0.05094863101840019, 0.042057944668663874
O07886,E,0.08739358186721802, 0.039183222171333104
O07886,M,0.009431366808712482, 0.0348924797338744
O07886,V,0.006069905124604702, 0.029553228420101933
O07886,I,0.021829962730407715, 0.029942403081804514
O07886,E,0.05177687481045723, 0.025898827084650595
O07886,G,0.0072706020437181, 0.017965446174558666
O07886,V,0.005701328627765179, 0.024188046395364735
O07886,L,0.02905937470495701, 0.028785466992606718
O07886,S,0.01455644704401493, 0.029544602303455274
O07886,I,0.015993153676390648, 0.029633896684067115
O07886,Q,0.0654347687959671, 0.04013616581343942
O07886,A,0.04744669049978256, 0.047440403451522194
O07886,G,0.0286621805280447, 0.06646283736659421
O07886,D,0.05258052423596382, 0.07120230752560827
O07886,H,0.10179102420806885, 0.07041449048038986
O07886,P,0.0714394673705101, 0.0670196855854657
O07886,R,0.20026127994060516, 0.0725876394038399
O07886,V,0.057211678475141525, 0.07937655649665329
O07886,L,0.008902800269424915, 0.0744432100198335
O07886,A,0.03488152474164963, 0.07198184532009894
O07886,Q,0.09755827486515045, 0.0683894766908553
O07886,R,0.08976243436336517, 0.052510786491135754
O07886,L,0.0081804059445858, 0.05038249627169636
O07886,L,0.07963874191045761, 0.06430405875047047
O07886,T,0.03910814970731735, 0.07699624945720036
O07886,Y,0.05735306814312935, 0.08369868745406468
O07886,L,0.03805706650018692, 0.08549259271886614
O07886,S,0.13419686257839203, 0.09809725441866451
O07886,P,0.14911124110221863, 0.10896186406413715
O07886,K,0.15788021683692932, 0.11838307852546374
O07886,M,0.10590758174657822, 0.11799027274052303
O07886,R,0.12162236124277115, 0.14002032743559945
O07886,K,0.1774202287197113, 0.14521992868847317
O07886,E,0.12389907985925674, 0.14223730481333202
O07886,L,0.05381781607866287, 0.13647503074672487
O07886,E,0.23632755875587463, 0.14308703276846144
O07886,M,0.18099327385425568, 0.14948983738819757
O07886,E,0.12226762622594833, 0.14551274395651287
O07886,L,0.1060197502374649, 0.13174617952770656
O07886,I,0.16541559994220734, 0.12576642218563291
O07886,K,0.17924760282039642, 0.09950780454609129
O07886,D,0.14162638783454895, 0.07939744078450733
O07887,M,0.1034008041024208, 0.11258800907267465
O07887,A,0.1645399034023285, 0.14313475373718473
O07887,R,0.2662363648414612, 0.16359088569879532
O07887,K,0.22731676697731018, 0.18455003119177288
O07887,R,0.25179824233055115, 0.21043731189436382
O07887,R,0.2749207019805908, 0.21197261992428038
O07887,A,0.18410518765449524, 0.20217308733198378
O07887,P,0.1886323094367981, 0.18013394375642142
O07887,R,0.23298552632331848, 0.17131389677524567
O07887,G,0.11721857637166977, 0.15265569504764345
O07887,A,0.07634411007165909, 0.12747427200277647
O07887,A,0.06788407266139984, 0.10963383068641026
O07887,Q,0.14793634414672852, 0.09269562943114175
O07887,G,0.0838744267821312, 0.07014514464471075
O07887,W,0.04828789457678795, 0.06222441461351183
O07887,L,0.023541215807199478, 0.05615192030866941
O07887,T,0.03618849813938141, 0.05686030081576771
O07887,T,0.03003116324543953, 0.04289437292350663
O07887,Y,0.04593200609087944, 0.035543132573366165
O07887,S,0.021691661328077316, 0.032769484238492116
O07887,D,0.07425949722528458, 0.03306410751409001
O07887,M,0.022242993116378784, 0.030547116572658222
O07887,V,0.017713263630867004, 0.029309129135476217
O07887,T,0.023325059562921524, 0.028419607629378636
O07887,L,0.02619282528758049, 0.02876684359378285
O07887,M,0.013535579666495323, 0.023280828363365598
O07887,L,0.018889276310801506, 0.023109387813342944
O07887,C,0.037926312536001205, 0.026020686452587444
O07887,F,0.024816785007715225, 0.025130780103305977
O07887,F,0.024885360151529312, 0.02834889530721638
O07887,V,0.02070002816617489, 0.038393687974247664
O07887,M,0.043914951384067535, 0.04645813121977779
O07887,L,0.015315902419388294, 0.04963483319928249
O07887,F,0.055155862122774124, 0.06409506034106016
O07887,N,0.10393871366977692, 0.06815930114438136
O07887,P,0.09146926552057266, 0.08085271726465887
O07887,T,0.06651663035154343, 0.08588276979409987
O07887,E,0.1549588292837143, 0.09817374456259939
O07887,V,0.061463527381420135, 0.10472359673844443
O07887,D,0.13494077324867249, 0.09717313117451137
O07887,I,0.08918542414903641, 0.10036000692182118
O07887,T,0.1259346753358841, 0.10456395149230957
O07887,V,0.11410453170537949, 0.0907325732211272
O07887,L,0.035984523594379425, 0.08866865519020292
O07887,Q,0.12015114724636078, 0.08551263726419872
O07887,S,0.10435213148593903, 0.08200568664405081
O07887,I,0.03047642484307289, 0.0735303842359119
O07887,A,0.04288826510310173, 0.07239902350637648
O07887,A,0.1065366119146347, 0.07774513545963499
O07887,S,0.057622868567705154, 0.07553778009282218
O07887,I,0.049656953662633896, 0.07359126541349623
O07887,V,0.1039222851395607, 0.08448308830459912
O07887,G,0.08409953117370605, 0.09082734336455663
O07887,D,0.10028494894504547, 0.09163075106011496
O07887,P,0.08683349937200546, 0.09664526788724793
O07887,T,0.12850283086299896, 0.10289557857645883
O07887,G,0.09998656064271927, 0.10263687951697244
O07887,G,0.11376728117465973, 0.10460468878348668
O07887,G,0.10275352001190186, 0.10570038110017776
O07887,V,0.10590974986553192, 0.11101974215772417
O07887,S,0.1015939936041832, 0.10780416429042816
O07887,A,0.10180981457233429, 0.11654022584358852
O07887,S,0.1101461797952652, 0.11728622764348984
O07887,S,0.1347077488899231, 0.11843754847844441
O07887,G,0.0995626300573349, 0.12195786502626207
O07887,R,0.17861111462116241, 0.12419984986384709
O07887,L,0.12048129737377167, 0.12669396648804346
O07887,A,0.11311540752649307, 0.1337233227160242
O07887,D,0.1375925987958908, 0.13046320031086603
O07887,L,0.12177185714244843, 0.13084813704093298
O07887,G,0.12425686419010162, 0.12946930444902843
O07887,N,0.17341038584709167, 0.12896602683597141
O07887,T,0.10536664724349976, 0.12934197816583845
O07887,V,0.10302706062793732, 0.1275995820760727
O07887,N,0.1662016212940216, 0.12750804838207033
O07887,T,0.11595179885625839, 0.12689170406924355
O07887,L,0.11649896949529648, 0.12491345902283986
O07887,P,0.12191103398799896, 0.12856234775649178
O07887,S,0.12094805389642715, 0.12913034028477138
O07887,L,0.11870976537466049, 0.12533479597833422
O07887,E,0.15560618042945862, 0.12608404788706037
O07887,K,0.13820664584636688, 0.12130811313788097
O07887,G,0.10813899338245392, 0.11853104333082835
O07887,Q,0.13204172253608704, 0.1156484799252616
O07887,K,0.12269506603479385, 0.10730315372347832
O07887,L,0.07351555675268173, 0.0966499394012822
O07887,A,0.09691740572452545, 0.09421338430709308
O07887,T,0.09500498324632645, 0.09242461249232292
O07887,A,0.043601829558610916, 0.07964144481552972
O07887,L,0.059727251529693604, 0.0765165322356754
O07887,K,0.11627764999866486, 0.07815904998117024
O07887,K,0.0920400470495224, 0.07284418990214665
O07887,A,0.016993213444948196, 0.06552032629648845
O07887,V,0.09457085281610489, 0.07391459453437063
O07887,S,0.08829821646213531, 0.08045013787017928
O07887,L,0.04908366501331329, 0.07795124376813571
O07887,F,0.029090210795402527, 0.07647549154029952
O07887,A,0.11915024369955063, 0.09183814956082238
O07887,P,0.11854714155197144, 0.09047005491124259
O07887,E,0.09378760308027267, 0.09093640082412296
O07887,I,0.07875827699899673, 0.09481510023276012
O07887,K,0.15525713562965393, 0.09349561441275808
O07887,S,0.08225800096988678, 0.08951111427611774
O07887,N,0.09249532967805862, 0.07995384310682614
O07887,K,0.08399195969104767, 0.07661138764686054
O07887,I,0.017214838415384293, 0.0763833328253693
O07887,A,0.0832897424697876, 0.06496882811188698
O07887,V,0.032531701028347015, 0.07175399404433039
O07887,T,0.06370550394058228, 0.07714738241500324
O07887,S,0.07670578360557556, 0.07469411856598324
O07887,D,0.05252659320831299, 0.07475571458538373
O07887,E,0.14332449436187744, 0.06882243313723141
O07887,R,0.14103582501411438, 0.06641022736827533
O07887,G,0.06191258504986763, 0.06293387048774296
O07887,L,0.01776920258998871, 0.0557399390058385
O07887,V,0.029890209436416626, 0.05713681359257963
O07887,I,0.01082184910774231, 0.04509792497588529
O07887,S,0.03241829201579094, 0.03472251176006264
O07887,L,0.011960400268435478, 0.030746541710363492
O07887,T,0.06509846448898315, 0.03146387326220671
O07887,S,0.03497449681162834, 0.03157708628310098
O07887,D,0.04765710607171059, 0.042252774039904274
O07887,S,0.026128854602575302, 0.05526930962999662
O07887,F,0.024225186556577682, 0.062441389386852585
O07887,F,0.03090912662446499, 0.061980181063214936
O07887,Y,0.10690303891897202, 0.06244751583370897
O07887,P,0.149567112326622, 0.06783589286108811
O07887,G,0.07650911808013916, 0.07101951104899247
O07887,S,0.060947589576244354, 0.07487297327154213
O07887,S,0.039180509746074677, 0.08090976170367664
O07887,D,0.09615249931812286, 0.08514503017067909
O07887,L,0.05478141829371452, 0.08220845171146923
O07887,N,0.058906346559524536, 0.07750905594891971
O07887,V,0.08524022251367569, 0.08166761903299226
O07887,E,0.14502045512199402, 0.09155808182226287
O07887,E,0.12313790619373322, 0.08530263726909955
O07887,S,0.034214556217193604, 0.08044978676156865
O07887,R,0.09837465733289719, 0.08536387348754539
O07887,E,0.1281946748495102, 0.0929681272763345
O07887,A,0.039853498339653015, 0.07815137391702996
O07887,L,0.011105763725936413, 0.06608431092980835
O07887,L,0.10313312709331512, 0.07392230681661102
O07887,R,0.1536785066127777, 0.06748875116722451
O07887,V,0.011669674888253212, 0.05432548177325063
O07887,A,0.014534339308738708, 0.0561565136950877
O07887,Q,0.10475651919841766, 0.06428359262645245
O07887,F,0.04047265648841858, 0.06721776206460264
O07887,L,0.00972525030374527, 0.059789851100908384
O07887,S,0.0563327856361866, 0.06432845816016197
O07887,D,0.08424947410821915, 0.07212413226564725
O07887,H,0.12954065203666687, 0.06797414562768406
O07887,A,0.08682730793952942, 0.07049837170375718
O07887,L,0.05251713842153549, 0.08256129879090521
O07887,A,0.08469540625810623, 0.0788037669327524
O07887,G,0.06740663945674896, 0.07439096520344417
O07887,R,0.06319069117307663, 0.06194895050591893
O07887,R,0.11829159408807755, 0.056932073500421315
O07887,F,0.02251499891281128, 0.053428525726000466
O07887,R,0.04453425854444504, 0.0458163699756066
O07887,I,0.017562519758939743, 0.04056305707328849
O07887,E,0.04167541489005089, 0.036382112031181656
O07887,G,0.020985208451747894, 0.027346127356092136
O07887,H,0.016186004504561424, 0.03328363907833894
O07887,T,0.020126823335886, 0.042486080485913486
O07887,D,0.025562185794115067, 0.05078714361621274
O07887,S,0.03696773201227188, 0.06518095711039172
O07887,V,0.07595260441303253, 0.08877331908378336
O07887,E,0.12735623121261597, 0.10857759416103363
O07887,V,0.092272087931633, 0.12377187237143517
O07887,P,0.17121973633766174, 0.14708729171090656
O07887,E,0.23331646621227264, 0.16546352042092216
O07887,D,0.19442448019981384, 0.18432334893279606
O07887,G,0.15687532722949982, 0.1773255301846398
O07887,S,0.2354009598493576, 0.17313865903351042
O07887,T,0.20235379040241241, 0.16206582801209557
O07887,D,0.24569106101989746, 0.13786000654929215
O07887,N,0.0643758624792099, 0.11832413139442603
O07887,W,0.05459024757146835, 0.10299398191273212
O07887,E,0.07156425714492798, 0.08674918135835065
O07887,L,0.015464073047041893, 0.0694923402948512
O07887,S,0.01860160380601883, 0.043003947060141295
O07887,T,0.018903981894254684, 0.03985594388925367
O07887,R,0.08919775485992432, 0.04344345639563269
O07887,R,0.04704222083091736, 0.036504650178054966
O07887,A,0.007295521907508373, 0.037298969820969634
O07887,V,0.03604383394122124, 0.048602338362899095
O07887,R,0.08687786012887955, 0.05098761980318361
O07887,V,0.009115001186728477, 0.04181631820069419
O07887,L,0.022612949833273888, 0.044214299155606165
O07887,H,0.12033192068338394, 0.05924977413896057
O07887,Y,0.04037151485681534, 0.06418918745799197
O07887,L,0.00665604043751955, 0.05892619997676876
O07887,T,0.06862404942512512, 0.059725411546727024
O07887,D,0.14261479675769806, 0.06639004136539167
O07887,F,0.08049855381250381, 0.06469560300724374
O07887,G,0.039510972797870636, 0.07239154778007004
O07887,A,0.016307905316352844, 0.07869528813494577
O07887,Q,0.0825946182012558, 0.07259567112972339
O07887,E,0.10508197546005249, 0.0608185561787751
O07887,N,0.10963501781225204, 0.05446415384196573
O07887,R,0.06338970363140106, 0.05433863556633393
O07887,F,0.01372749637812376, 0.054417012776765555
O07887,S,0.03662076219916344, 0.052580136702292495
O07887,L,0.023308932781219482, 0.04504832946177986
O07887,A,0.03838130831718445, 0.04886244144290686
O07887,G,0.017013300210237503, 0.0517976556180252
O07887,Y,0.06606273353099823, 0.0628431344197856
O07887,A,0.037295710295438766, 0.06577037771542867
O07887,D,0.14396202564239502, 0.07336556414763133
O07887,T,0.08980663120746613, 0.07968476911385854
O07887,R,0.11313680559396744, 0.0897544270588292
O07887,A,0.06296595185995102, 0.09127444898088773
O07887,K,0.0916656106710434, 0.10068891114658779
O07887,F,0.09525415301322937, 0.09579356097512776
O07887,S,0.10764022171497345, 0.10917907042635812
O07887,N,0.079742930829525, 0.11671852899922265
O07887,E,0.12202586978673935, 0.11564200909601317
O07887,S,0.09990387409925461, 0.11445628479123116
O07887,P,0.21027621626853943, 0.11063738415638606
O07887,E,0.18099193274974823, 0.11267495072550243
O07887,G,0.05327727273106575, 0.10899740995632277
O07887,R,0.08099409192800522, 0.10366414777106708
O07887,A,0.06088404729962349, 0.10049152995149295
O07887,Y,0.12597832083702087, 0.07823961704141563
O07887,N,0.046645063906908035, 0.0630566045227978
O07887,R,0.07402651011943817, 0.05801917871253358
O07887,R,0.07135031372308731, 0.0518453060131934
O07887,V,0.010009000077843666, 0.04710552810380856
O07887,D,0.04434482008218765, 0.03919930104166269
O07887,I,0.007940440438687801, 0.04090131167322397
O07887,V,0.025429237633943558, 0.04544339422136545
O07887,I,0.01822604611515999, 0.04610765901290708
O07887,L,0.054822277277708054, 0.0557347270142701
O07887,D,0.06196315959095955, 0.05883269332763222
O07887,E,0.11490525305271149, 0.057950422167778015
O07887,G,0.07732869684696198, 0.05512495131956206
O07887,H,0.09665261209011078, 0.053099835084544286
O07887,F,0.07222651690244675, 0.04700847094257673
O07888,M,0.09946701675653458, 0.1046428241663509
O07888,A,0.17716556787490845, 0.12535949465301302
O07888,E,0.21692609786987305, 0.14611057688792548
O07888,K,0.2429160624742508, 0.1697575408551428
O07888,D,0.2053106725215912, 0.19354339357879427
O07888,S,0.1864500343799591, 0.20168718033366734
O07888,I,0.18675974011421204, 0.19868253999286228
O07888,G,0.21282267570495605, 0.1989077263408237
O07888,D,0.21407267451286316, 0.1916241231891844
O07888,I,0.17276109755039215, 0.18744885590341356
O07888,A,0.15012380480766296, 0.1907800402906206
O07888,D,0.21895277500152588, 0.1961609290705787
O07888,D,0.17736363410949707, 0.19408654669920603
O07888,F,0.16773326694965363, 0.18733252419365776
O07888,E,0.2164306938648224, 0.18639195130931008
O07888,E,0.23518773913383484, 0.18438150154219735
O07888,Q,0.19415323436260223, 0.18062247335910797
O07888,L,0.15328647196292877, 0.17993557618723977
O07888,V,0.16429594159126282, 0.1793291684654024
O07888,A,0.13202975690364838, 0.17759373287359873
O07888,P,0.18512152135372162, 0.1742428723308775
O07888,A,0.1711815595626831, 0.17599671913517845
O07888,A,0.16227559745311737, 0.1758104148838255
O07888,D,0.20081177353858948, 0.16789993478192222
O07888,R,0.20502999424934387, 0.16084018266863293
O07888,V,0.20993785560131073, 0.16282547761996588
O07888,G,0.15160973370075226, 0.15805775175491968
O07888,F,0.0931016206741333, 0.146092322965463
O07888,L,0.06849198788404465, 0.12843425075213113
O07888,P,0.20298917591571808, 0.11927809317906697
O07888,G,0.12827202677726746, 0.10266233194205496
O07888,L,0.0545867383480072, 0.08960424073868328
O07888,L,0.04188912361860275, 0.08171755779120657
O07888,R,0.12262457609176636, 0.0778092932369974
O07888,W,0.06039600446820259, 0.057445186500748
O07888,V,0.034086912870407104, 0.04532687386704816
O07888,A,0.022121474146842957, 0.041836248296830386
O07888,I,0.03331760689616203, 0.03940755646261904
O07888,A,0.019712215289473534, 0.028511885967519548
O07888,V,0.019207213073968887, 0.024525212537911203
O07888,G,0.023171108216047287, 0.02386120893061161
O07888,A,0.020030897110700607, 0.024776414036750793
O07888,V,0.024563541635870934, 0.024717759754922655
O07888,I,0.024515943601727486, 0.026243902949823275
O07888,F,0.02811088040471077, 0.026658708850542705
O07888,I,0.030358320102095604, 0.02707335063152843
O07888,V,0.032789718359708786, 0.03028535760111279
O07888,T,0.0334475040435791, 0.03131506943868266
O07888,V,0.022940466180443764, 0.032887186441156596
O07888,V,0.026902884244918823, 0.037487482445107564
O07888,T,0.04893895983695984, 0.045970637558235064
O07888,A,0.033830948173999786, 0.05067912095950709
O07888,T,0.03866499662399292, 0.05510429893102911
O07888,A,0.06951354444026947, 0.06540540440215005
O07888,L,0.10670671612024307, 0.07862433708376354
O07888,V,0.07516606897115707, 0.08771355698506038
O07888,L,0.07327410578727722, 0.09827670454978943
O07888,A,0.11565041542053223, 0.10810795260800256
O07888,K,0.1458732783794403, 0.11571674214469062
O07888,Q,0.1307419389486313, 0.12281388127141529
O07888,G,0.12889927625656128, 0.1311592244439655
O07888,S,0.12714622914791107, 0.13914832638369667
O07888,S,0.13799265027046204, 0.1511453158325619
O07888,H,0.17058096826076508, 0.15651744604110718
O07888,T,0.1502741575241089, 0.16432324879699284
O07888,A,0.1451760232448578, 0.1725139617919922
O07888,Y,0.22362332046031952, 0.1824031869570414
O07888,P,0.19422245025634766, 0.19430667161941528
O07888,V,0.20099416375160217, 0.19847149319118923
O07888,S,0.20261569321155548, 0.2115567061636183
O07888,Q,0.2161492556333542, 0.22478187084197998
O07888,E,0.24512401223182678, 0.2217333366473516
O07888,F,0.20806436240673065, 0.22931131886111367
O07888,R,0.26804107427597046, 0.2314737555053499
O07888,E,0.2642025053501129, 0.22898094356060028
O07888,S,0.19618651270866394, 0.21831066326962578
O07888,R,0.2624242901802063, 0.2026378752456771
O07888,E,0.2204560935497284, 0.1902509613169564
O07888,L,0.1801803857088089, 0.16713690923319924
O07888,L,0.12011673301458359, 0.1507473091284434
O07888,Q,0.10406892001628876, 0.13793749776151445
O07888,Y,0.09658213704824448, 0.11404270182053249
O07888,Y,0.06001460552215576, 0.1048347759577963
O07888,E,0.11669610440731049, 0.11135124580727683
O07888,S,0.0808982104063034, 0.10444417181942198
O07888,V,0.04737112671136856, 0.11965864979558521
O07888,G,0.13758476078510284, 0.11261983629730013
O07888,L,0.2388286143541336, 0.11709372947613399
O07888,I,0.05795306712388992, 0.10863357368442747
O07888,R,0.2409992218017578, 0.11063576655255423
O07888,T,0.03323281556367874, 0.11781538443432914
O07888,N,0.10027964413166046, 0.11666051795085271
O07888,T,0.040554702281951904, 0.11638411962323719
O07888,A,0.09891794621944427, 0.13214032683107588
O07888,D,0.11198768764734268, 0.11343099590804842
O07888,A,0.127190962433815, 0.12269097566604614
O07888,L,0.23634102940559387, 0.11315693685577975
O07888,P,0.19975893199443817, 0.12178214122023848
O07888,G,0.07261524349451065, 0.11211995656291644
O07888,T,0.11657263338565826, 0.11048307476772203
O07888,V,0.014473294839262962, 0.09794360326810016
O07888,V,0.11818154156208038, 0.07782556871987051
O07888,V,0.011958284303545952, 0.05664628982130024
O07888,S,0.09725575149059296, 0.05326797595868508
O07888,V,0.01433571893721819, 0.045170363763140306
O07888,A,0.0552787184715271, 0.056738723172909684
O07888,L,0.009145421907305717, 0.061839379059771694
O07888,G,0.0422104187309742, 0.08661561117817958
O07888,Y,0.04369412362575531, 0.08883797863705291
O07888,P,0.11858852952718735, 0.11658852071397835
O07888,L,0.1640874445438385, 0.13566618598997593
O07888,N,0.23494437336921692, 0.14063462697797352
O07888,D,0.11725705862045288, 0.15293268404073185
O07888,K,0.2640905976295471, 0.17780946236517695
O07888,T,0.22697770595550537, 0.1762653990752167
O07888,A,0.05386139079928398, 0.16143221966922283
O07888,Q,0.15289293229579926, 0.16041765589680937
O07888,Q,0.2675851285457611, 0.16447385628190306
O07888,E,0.10469195991754532, 0.14946313843958908
O07888,L,0.030588829889893532, 0.14462577944828403
O07888,S,0.22581329941749573, 0.1556510960476266
O07888,A,0.15376286208629608, 0.15086890281074578
O07888,R,0.1289941370487213, 0.12329751646353139
O07888,L,0.18344147503376007, 0.1285948751287328
O07888,V,0.153089240193367, 0.13523980602622032
O07888,E,0.10985319316387177, 0.12241857705844773
O07888,L,0.01944265142083168, 0.10757896593875355
O07888,K,0.1523681879043579, 0.10707215343912442
O07888,D,0.09039320796728134, 0.09749871037072605
O07888,F,0.11042223870754242, 0.09623268950316641
O07888,L,0.020206362009048462, 0.08984335346354379
O07888,R,0.12443282455205917, 0.10441616550087929
O07888,S,0.09728048741817474, 0.11063081067469385
O07888,Y,0.1416950523853302, 0.11870170426037577
O07888,F,0.05234916880726814, 0.12177593136827151
O07888,Q,0.1505979597568512, 0.1301077947848373
O07888,R,0.20829999446868896, 0.13440744951367378
O07888,K,0.16303125023841858, 0.1387916277680132
O07888,T,0.13809028267860413, 0.12582890937725702
O07888,L,0.09519313275814056, 0.13911875958244005
O07888,S,0.16312971711158752, 0.1359395587609874
O07888,E,0.13673809170722961, 0.13158545767267546
O07888,L,0.02503058686852455, 0.12706225158439743
O07888,R,0.1719578206539154, 0.12251819628808233
O07888,P,0.12198515236377716, 0.12641537479228443
O07888,E,0.16911308467388153, 0.1275794601274861
O07888,H,0.12232239544391632, 0.11523271993630463
O07888,E,0.09719378501176834, 0.12051073648035526
O07888,Q,0.13026773929595947, 0.11554052370289962
O07888,K,0.1736064851284027, 0.1149252870430549
O07888,V,0.025617429986596107, 0.09784869259844224
O07888,K,0.07253273576498032, 0.0897070797574189
O07888,I,0.12722590565681458, 0.09493440793206294
O07888,E,0.11644802242517471, 0.08915390726178885
O07888,I,0.015423734672367573, 0.07115805625087684
O07888,R,0.04904787987470627, 0.07698642089962959
O07888,N,0.14423973858356476, 0.08975751159919633
O07888,E,0.07824323326349258, 0.08787817797727054
O07888,I,0.01164382603019476, 0.08270442858338356
O07888,N,0.07807271182537079, 0.09526932063615984
O07888,D,0.18747255206108093, 0.11153732147067785
O07888,N,0.11031190305948257, 0.1225546406995919
O07888,V,0.0698842778801918, 0.1236238685540027
O07888,L,0.12850776314735413, 0.1382737002438969
O07888,S,0.19545988738536835, 0.13130406342032883
O07888,R,0.2433956116437912, 0.1243716889164514
O07888,S,0.08786628395318985, 0.11989245781054099
O07888,K,0.14349231123924255, 0.11359129897836182
O07888,V,0.015345980413258076, 0.10694641257739729
O07888,K,0.12508118152618408, 0.08786960163464148
O07888,D,0.06999882310628891, 0.06732471256206433
O07888,I,0.013173848390579224, 0.07411011442955998
O07888,R,0.0687037855386734, 0.06780536938458681
O07888,F,0.0237685889005661, 0.0820252142018742
O07888,T,0.05849160999059677, 0.07326755217379993
O07888,Q,0.14893490076065063, 0.07482491806149483
O07888,F,0.0867496058344841, 0.08475614959994952
O07888,D,0.1433245837688446, 0.08928158920672205
O07888,V,0.0462622232735157, 0.08664063488443692
O07888,L,0.08401511609554291, 0.08014156710770395
O07888,K,0.10255493223667145, 0.063593244800965
O07888,P,0.10943274199962616, 0.05395439970824453
O66076,M,0.05854744836688042, 0.033928657985395856
O66076,R,0.10308227688074112, 0.037460277477900185
O66076,L,0.037769805639982224, 0.039822403341531754
O66076,S,0.04196273162961006, 0.044781929502884545
O66076,D,0.06399565935134888, 0.04612996522337198
O66076,F,0.031784575432538986, 0.04139559022668335
O66076,Y,0.021259132772684097, 0.037404940049681396
O66076,T,0.04463573545217514, 0.034677591692242354
O66076,A,0.012132321484386921, 0.03126694086111254
O66076,L,0.01593807339668274, 0.025247795921232965
O66076,R,0.06716642528772354, 0.023403768324189715
O66076,L,0.013223670423030853, 0.022357106829682987
O66076,A,0.011266874149441719, 0.019152754917740822
O66076,L,0.00982335489243269, 0.020353337439397972
O66076,V,0.015188327059149742, 0.020278018692301378
O66076,L,0.011839179322123528, 0.014359572488400672
O66076,P,0.015796568244695663, 0.014270632217327753
O66076,F,0.022937564179301262, 0.020343408195508852
O66076,F,0.015260204672813416, 0.02585033192816708
O66076,A,0.013900409452617168, 0.026784075941476557
O66076,L,0.012423207983374596, 0.03004793253623777
O66076,Y,0.0659218579530716, 0.04188602800584502
O66076,H,0.059385668486356735, 0.05152239143434498
O66076,M,0.02359202317893505, 0.05494546714342303
O66076,S,0.04121388867497444, 0.06676179046432178
O66076,R,0.12233942747116089, 0.08138202275666925
O66076,W,0.10966483503580093, 0.09347824400497808
O66076,V,0.04606788605451584, 0.09669694076809618
O66076,V,0.12024731934070587, 0.107460572073857
O66076,M,0.14400529861450195, 0.11469067053662406
O66076,Y,0.17478784918785095, 0.11126273622115453
O66076,F,0.08835393935441971, 0.10958165344264773
O66076,P,0.12046470493078232, 0.10922145553761059
O66076,A,0.10628477483987808, 0.10284980345103475
O66076,A,0.09148801863193512, 0.09826154220435354
O66076,N,0.09453509002923965, 0.08236402066217528
O66076,V,0.042826104909181595, 0.07548356366654237
O66076,G,0.06290245056152344, 0.06679670491980182
O66076,R,0.10271094739437103, 0.056665684613916606
O66076,V,0.03171015530824661, 0.04763118332872788
O66076,V,0.026429826393723488, 0.04062653653737572
O66076,S,0.04228297621011734, 0.03721490802450313
O66076,I,0.015105592086911201, 0.03246944283859597
O66076,A,0.010177507065236568, 0.022904110555019643
O66076,S,0.03149326890707016, 0.021758449263870716
O66076,V,0.012121448293328285, 0.020828697726958327
O66076,L,0.02019326388835907, 0.018528798284629982
O66076,L,0.016622956842184067, 0.021195896487269137
O66076,F,0.021399203687906265, 0.023961802530619834
O66076,L,0.018062062561511993, 0.024239982374840312
O66076,F,0.021583881229162216, 0.02724198458923234
O66076,I,0.039109475910663605, 0.03521213142408265
O66076,A,0.03507066145539284, 0.03959862060017056
O66076,C,0.033996887505054474, 0.039384846265117325
O66076,T,0.03913946822285652, 0.04529165000551277
O66076,D,0.09192458540201187, 0.049581103233827487
O66076,F,0.05610135942697525, 0.059532424021098346
O66076,L,0.019475234672427177, 0.06124039056400458
O66076,D,0.07122329622507095, 0.060068295440740056
O66076,G,0.060188960283994675, 0.0743859333710538
O66076,Y,0.12867136299610138, 0.07553085498511791
O66076,Y,0.05044236034154892, 0.0753286387771368
O66076,A,0.023448031395673752, 0.0834731658299764
O66076,R,0.16799820959568024, 0.08739147583643596
O66076,K,0.10222887992858887, 0.09442758022083177
O66076,S,0.054281413555145264, 0.0891538407239649
O66076,G,0.09277597814798355, 0.09292430389258596
O66076,K,0.10648808628320694, 0.09370873951249653
O66076,Y,0.12351389974355698, 0.07982201625903447
O66076,S,0.08120770752429962, 0.07704295052422418
O66076,S,0.08437652885913849, 0.07281553207172288
O66076,F,0.030507951974868774, 0.06494961161580351
O66076,G,0.04301770031452179, 0.06340457643899652
O66076,K,0.07721728831529617, 0.05952901620831755
O66076,V,0.01623464748263359, 0.05207245031164752
O66076,F,0.021982694044709206, 0.04496569952203168
O66076,D,0.09258276969194412, 0.05424407062431177
O66076,P,0.08863385766744614, 0.05376176556779279
O66076,F,0.01409861445426941, 0.0471317774305741
O66076,A,0.0204157717525959, 0.0494191570000516
O66076,D,0.11401329189538956, 0.05989162830842866
O66076,V,0.03867695480585098, 0.05122865167342954
O66076,I,0.017547395080327988, 0.043603585929506354
O66076,A,0.03682106360793114, 0.04581687982297606
O66076,N,0.11623493582010269, 0.04486363008618355
O66076,V,0.014615979976952076, 0.03354927338659763
O66076,T,0.02000826597213745, 0.03223565365705225
O66076,V,0.03401825949549675, 0.03166892441610495
O66076,M,0.011836524121463299, 0.03241430243684186
O66076,L,0.012184081599116325, 0.0278518276496066
O66076,C,0.02685437723994255, 0.03377409827791982
O66076,L,0.012446831911802292, 0.039988428043822445
O66076,V,0.04352946579456329, 0.049045230055020914
O66076,A,0.07517266273498535, 0.05248953215777874
O66076,D,0.06791641563177109, 0.0584968916243977
O66076,N,0.07593723386526108, 0.06137984121839205
O66076,F,0.11552947759628296, 0.06473009453879462
O66076,M,0.04283524304628372, 0.06265872344374657
O66076,P,0.06625031679868698, 0.05867255313528909
O66076,V,0.052800923585891724, 0.05546656664874819
O66076,F,0.042599111795425415, 0.050136909923619695
O66076,L,0.024887125939130783, 0.0400754041555855
O66076,F,0.03929712995886803, 0.0383717469457123
O66076,L,0.039062537252902985, 0.03729789393643538
O66076,C,0.027970323339104652, 0.03879158633450667
O66076,I,0.02497592568397522, 0.0437608247415887
O66076,L,0.027502328157424927, 0.04637266343666448
O66076,Y,0.0565856397151947, 0.04349706642743614
O66076,R,0.06624415516853333, 0.04236868799974521
O66076,E,0.08732225745916367, 0.05062405444267723
O66076,F,0.048393674194812775, 0.05295313987880945
O66076,G,0.013416756875813007, 0.051631582176519766
O66076,M,0.028907131403684616, 0.05355291058205896
O66076,M,0.10226862132549286, 0.05099294324302011
O66076,F,0.04593769460916519, 0.04864445235580206
O66076,L,0.015608308836817741, 0.04563136429836353
O66076,R,0.07387759536504745, 0.05749915188385381
O66076,M,0.043204449117183685, 0.07366906127168073
O66076,L,0.0661858394742012, 0.07723671053018835
O66076,A,0.021275881677865982, 0.08365336660709646
O66076,C,0.12022684514522552, 0.09729642131262356
O66076,G,0.1744363158941269, 0.10794824899898635
O66076,E,0.13437746465206146, 0.11054147407412529
O66076,G,0.1036875993013382, 0.11889517348673609
O66076,H,0.13839580118656158, 0.12412617190016641
O66076,V,0.16974404454231262, 0.122946597635746
O66076,V,0.06654347479343414, 0.12354575511482027
O66076,G,0.14136913418769836, 0.11356448630491893
O66076,A,0.06835486739873886, 0.10699066395560901
O66076,Q,0.1096106767654419, 0.1005378808412287
O66076,R,0.1798287332057953, 0.08548877222670449
O66076,M,0.04454604536294937, 0.083805736568239
O66076,G,0.044523198157548904, 0.07321812502211994
O66076,K,0.08032075315713882, 0.06844382733106613
O66076,L,0.03430206701159477, 0.057815350902577244
O66076,K,0.05139615386724472, 0.04850942920893431
O66076,T,0.04608063027262688, 0.05182705933435096
O66076,A,0.025386188179254532, 0.048699404733876385
O66076,S,0.013954388909041882, 0.04141784200651778
O66076,Y,0.09607543796300888, 0.039886016916069716
O66076,M,0.07440471649169922, 0.03662904155337148
O66076,G,0.01637430675327778, 0.03366078819251723
O66076,A,0.01478668861091137, 0.03525563050061464
O66076,V,0.020515641197562218, 0.03561031756301721
O66076,L,0.022083375602960587, 0.026570050770209894
O66076,F,0.019366350024938583, 0.02211400918248627
O66076,S,0.03973976895213127, 0.031032025296654966
O66076,L,0.017146572470664978, 0.03300403938111332
O66076,L,0.014713036827743053, 0.03448058902803394
O66076,L,0.034300342202186584, 0.05084420274943113
O66076,K,0.09663645178079605, 0.05707806835158004
O66076,A,0.03253481537103653, 0.060690553962356515
O66076,L,0.03380458801984787, 0.07601656050731738
O66076,Y,0.16935589909553528, 0.08607966287268533
O66076,A,0.07547114044427872, 0.09231938670078914
O66076,F,0.07225213944911957, 0.09282228847344716
O66076,E,0.1550806313753128, 0.09994340853558646
O66076,L,0.10528095811605453, 0.11119535399807824
O66076,A,0.09045785665512085, 0.09973811440997654
O66076,G,0.10116256773471832, 0.10883527083529367
O66076,A,0.09662489593029022, 0.11599351879623201
O66076,D,0.13507209718227386, 0.11572044177187814
O66076,W,0.06624074280261993, 0.10753775346610281
O66076,Y,0.15734554827213287, 0.11946872580382559
O66076,E,0.1366763710975647, 0.11484171491530207
O66076,R,0.15262293815612793, 0.10779170733359125
O66076,M,0.031636763364076614, 0.09881076051129235
O66076,R,0.19783660769462585, 0.10775377021895514
O66076,A,0.05951946973800659, 0.09346126806404856
O66076,V,0.03317482769489288, 0.08069102631674872
O66076,G,0.054243575781583786, 0.07090945459074444
O66076,R,0.14672783017158508, 0.07092324934071964
O66076,L,0.028713028877973557, 0.050506176013085574
O66076,V,0.021744195371866226, 0.05036282684240076
O66076,Y,0.06458879262208939, 0.04934083277152644
O66076,V,0.031760916113853455, 0.0457132700830698
O66076,V,0.014082947745919228, 0.03233763389289379
O66076,P,0.05822932720184326, 0.03270059761901697
O66076,V,0.023976881057024002, 0.03232041291064686
O66076,V,0.021595511585474014, 0.02817067752281825
O66076,L,0.026347104460000992, 0.028527819448047213
O66076,A,0.03197970241308212, 0.02958596021764808
O66076,L,0.0183225329965353, 0.02617183720899953
O66076,A,0.02724117413163185, 0.028992657653159566
O66076,S,0.034975193440914154, 0.03217634869118532
O66076,F,0.02360621467232704, 0.031188598316576745
O66076,F,0.02750222012400627, 0.037627017539408475
O66076,S,0.04936426505446434, 0.0452138918141524
O66076,Y,0.050248730927705765, 0.045950679315461054
O66076,L,0.017457351088523865, 0.04817788385682636
O66076,K,0.08992547541856766, 0.058846590005689196
O66076,T,0.08660440146923065, 0.06699694030814701
O66076,F,0.03387226164340973, 0.06466837661961715
O66076,F,0.055020034313201904, 0.0749571296489901
O66076,P,0.11962457001209259, 0.09571331470376915
O66076,I,0.10085537284612656, 0.094190981446041
O66076,L,0.02840719185769558, 0.09328913916316298
O66076,K,0.14284750819206238, 0.10371013047794501
O66076,R,0.20426301658153534, 0.12133672729962403
O66076,V,0.07622447609901428, 0.1211231771028704
O66076,C,0.0784878209233284, 0.13261245004832745
O66076,G,0.12766118347644806, 0.1519033999906646
O66076,R,0.213659405708313, 0.1542031392455101
O66076,T,0.11770261824131012, 0.14944421665536034
O66076,R,0.20425882935523987, 0.15545425564050674
O66076,Y,0.20202574133872986, 0.16850847171412575
O66076,P,0.163545161485672, 0.17216533753607008
O66076,V,0.16143271327018738, 0.1622951047288047
O66076,C,0.13031482696533203, 0.1728790154059728
O66076,K,0.19597576558589935, 0.1769048190779156
O66076,T,0.16057297587394714, 0.18441237840387556
O66076,C,0.1248273104429245, 0.19028195904360878
O66076,R,0.21295781433582306, 0.17234499090247685
O66076,E,0.24049106240272522, 0.15786556568410662
O66076,W,0.2695937752723694, 0.1360904806190067
O66076,D,0.21637138724327087, 0.11824903885523479
O83079,M,0.04400761052966118, 0.04245486648546325
O83079,L,0.03882598131895065, 0.050369929522275925
O83079,Q,0.1277991384267807, 0.05219056188232369
O83079,Y,0.12044205516576767, 0.05606391425761911
O83079,A,0.05101901292800903, 0.06201433783604039
O83079,F,0.07123556733131409, 0.058102775572074786
O83079,M,0.016385691240429878, 0.05543682020571497
O83079,R,0.034860171377658844, 0.04312891699373722
O83079,N,0.05355381220579147, 0.031317811045381755
O83079,A,0.008803550153970718, 0.02668966684076521
O83079,F,0.014832383021712303, 0.019606027855641313
O83079,V,0.01702800951898098, 0.018690697124434844
O83079,A,0.014142101630568504, 0.01603532023727894
O83079,S,0.009365715086460114, 0.011118020448419783
O83079,F,0.007482816465198994, 0.010798277022937933
O83079,L,0.008147714659571648, 0.01015879607035054
O83079,I,0.01096177939325571, 0.009606775517265001
O83079,A,0.009298114106059074, 0.009824218849341074
O83079,L,0.005925859324634075, 0.009701360224021805
O83079,L,0.00907705444842577, 0.009713335117946068
O83079,C,0.012059824541211128, 0.010301502369758155
O83079,P,0.01609909161925316, 0.010841404656983085
O83079,L,0.008259987458586693, 0.012118846022834381
O83079,V,0.007590590510517359, 0.012792077174203264
O83079,G,0.013441219925880432, 0.0143347328218321
O83079,M,0.015820899978280067, 0.016054075366506975
O83079,H,0.02079508639872074, 0.018435630688650742
O83079,L,0.011984939686954021, 0.024488736720134813
O83079,V,0.022960955277085304, 0.027285078023042943
O83079,L,0.02753390744328499, 0.02863109867191977
O83079,R,0.03753308951854706, 0.03063901834603813
O83079,R,0.06273794174194336, 0.03225983979387416
O83079,Y,0.03275766223669052, 0.03333893356223901
O83079,A,0.025555405765771866, 0.039799443549580045
O83079,L,0.033892177045345306, 0.03915799781680107
O83079,M,0.035382479429244995, 0.03608415089547634
O83079,G,0.0216967836022377, 0.03272004280653265
O83079,D,0.0811055451631546, 0.03402196388277742
O83079,A,0.02176089584827423, 0.032940685749053955
O83079,L,0.009868467226624489, 0.031086557027366426
O83079,A,0.03246096894145012, 0.030655315352810755
O83079,H,0.044474951922893524, 0.029621937519146338
O83079,G,0.015823902562260628, 0.021684689343803458
O83079,S,0.017205018550157547, 0.021402475010189746
O83079,L,0.03150130435824394, 0.022397722945445113
O83079,A,0.012396383099257946, 0.01980978364331855
O83079,G,0.009670311585068703, 0.016381496460073523
O83079,V,0.01922096684575081, 0.022701346108482942
O83079,S,0.018825698643922806, 0.026124155666265223
O83079,I,0.00916951522231102, 0.026454858378403716
O83079,A,0.013620367273688316, 0.03141494964559873
O83079,V,0.0727025493979454, 0.03277396307223373
O83079,S,0.04801030457019806, 0.03896716092195776
O83079,C,0.03447762876749039, 0.0461546586205562
O83079,G,0.05703720450401306, 0.05015598092642096
O83079,I,0.021901432424783707, 0.05339572620060709
O83079,H,0.07495974749326706, 0.047071001388960414
O83079,P,0.08351317793130875, 0.044155111329423055
O83079,G,0.04518141597509384, 0.04188233634663953
O83079,W,0.042778074741363525, 0.03696451253361172
O83079,G,0.015780026093125343, 0.037849014004071556
O83079,S,0.02176729403436184, 0.03197383259733518
O83079,F,0.014022653922438622, 0.023558625330527622
O83079,F,0.01277679018676281, 0.01976566409899129
O83079,F,0.029861945658922195, 0.01788522323800458
O83079,T,0.022083114832639694, 0.018431837773985334
O83079,A,0.007776312530040741, 0.017845448313487902
O83079,L,0.011044764891266823, 0.01805111351940367
O83079,V,0.02585410699248314, 0.018153684731158946
O83079,G,0.020699556916952133, 0.019125931689308748
O83079,V,0.01648978888988495, 0.024139263874126807
O83079,L,0.015873640775680542, 0.026409168934656516
O83079,I,0.013699931092560291, 0.038683495277331933
O83079,E,0.03861216828227043, 0.04412252135160896
O83079,F,0.0672031044960022, 0.05590678389287657
O83079,L,0.02820545807480812, 0.06061773012495703
O83079,R,0.12151370197534561, 0.07470816218604644
O83079,A,0.07480534166097641, 0.0859269288678964
O83079,F,0.1267579197883606, 0.09142791148689058
O83079,F,0.058888304978609085, 0.09116634395387438
O83079,K,0.14268752932548523, 0.09297684538695547
O83079,N,0.1146688312292099, 0.08274413148562114
O83079,H,0.08812101185321808, 0.0776115343388584
O83079,H,0.06484899669885635, 0.06554512369136016
O83079,D,0.044499970972537994, 0.06403357349336147
O83079,L,0.029419276863336563, 0.0497926055557198
O83079,I,0.028611967340111732, 0.03833762059609095
O83079,L,0.018160223960876465, 0.033036977466609746
O83079,S,0.04528435319662094, 0.032869260758161545
O83079,I,0.014518817886710167, 0.02930174291961723
O83079,V,0.011573966592550278, 0.02950406095219983
O83079,L,0.04041522368788719, 0.03165839612483978
O83079,S,0.06333954632282257, 0.031714802607893944
O83079,L,0.012392310425639153, 0.027280881069600582
O83079,S,0.03124013915657997, 0.027661841466195054
O83079,V,0.04800098389387131, 0.028959422165320978
O83079,G,0.018667882308363914, 0.026735429652035236
O83079,I,0.005379059351980686, 0.021328258742060926
O83079,A,0.01794746145606041, 0.025993205710417695
O83079,V,0.02325219288468361, 0.029202686933179695
O83079,T,0.020399291068315506, 0.028996662236750126
O83079,L,0.01467500813305378, 0.03393894630587763
O83079,L,0.05437683314085007, 0.04140631709661749
O83079,S,0.06012547016143799, 0.04835825889474816
O83079,S,0.04614676162600517, 0.0600321294946803
O83079,G,0.06314843893051147, 0.06354344781074259
O83079,L,0.07258539646863937, 0.07229073387053278
O83079,I,0.08051493763923645, 0.07186109779609574
O83079,Q,0.12831702828407288, 0.08354385486907429
O83079,A,0.05200115591287613, 0.08951962822013432
O83079,D,0.09340058267116547, 0.08800968279441197
O83079,I,0.05051010847091675, 0.08488576321138276
O83079,D,0.16527028381824493, 0.08563245543175274
O83079,S,0.09992872178554535, 0.07506314540902774
O83079,Y,0.04955893009901047, 0.07611658506923252
O83079,L,0.04447012022137642, 0.06806268439524704
O83079,F,0.08723516762256622, 0.0675088678383165
O83079,G,0.03319323807954788, 0.05652667726907465
O83079,S,0.06148211285471916, 0.04738937132060528
O83079,I,0.020915476605296135, 0.04906825866136286
O83079,L,0.04552575945854187, 0.05152104401754008
O83079,V,0.06643056869506836, 0.05227307747635576
O83079,V,0.017692968249320984, 0.056821409405933485
O83079,S,0.0646689161658287, 0.051229436985320516
O83079,T,0.06654518842697144, 0.05313472325603167
O83079,R,0.09400346875190735, 0.05199175907505883
O83079,D,0.07412822544574738, 0.046961821201774806
O83079,L,0.011154361069202423, 0.04624540938271417
O83079,W,0.03806305304169655, 0.040016735386517316
O83079,I,0.0352390818297863, 0.034085305511123605
O83079,M,0.02116112783551216, 0.025786838287280664
O83079,L,0.011245261877775192, 0.01818418616635932
O83079,A,0.00861085020005703, 0.017960791062149737
O83079,L,0.013162319548428059, 0.01501871200485362
O83079,S,0.0193172637373209, 0.011815994408809476
O83079,V,0.005704356357455254, 0.01079705859430962
O83079,F,0.009143805131316185, 0.0111990951312085
O83079,C,0.011584341526031494, 0.011382465199049976
O83079,V,0.006414623465389013, 0.01159283948234386
O83079,G,0.011990705505013466, 0.011252625690152248
O83079,T,0.014863590709865093, 0.01587394578382373
O83079,L,0.010261180810630322, 0.020542229370524485
O83079,A,0.015055688098073006, 0.027372049116012123
O83079,L,0.016255339607596397, 0.03669395546118418
O83079,R,0.04729623720049858, 0.03777590476804309
O83079,Y,0.051158357411623, 0.041823909204039306
O83079,H,0.07305271923542023, 0.045474216548932925
O83079,Q,0.09031178057193756, 0.045757648017671376
O83079,L,0.02172824926674366, 0.04615512014263206
O83079,L,0.051295630633831024, 0.04627614406247934
O83079,Y,0.04311394691467285, 0.04381958498722977
O83079,L,0.017606571316719055, 0.044077769128812685
O83079,A,0.019832588732242584, 0.04299422208633688
O83079,F,0.04838545247912407, 0.045426043371359505
O83079,D,0.029049325734376907, 0.04095029044482443
O83079,E,0.07537637650966644, 0.05117675537864367
O83079,E,0.0805598571896553, 0.051835771236154765
O83079,T,0.04361464083194733, 0.055458983613385096
O83079,A,0.011013854295015335, 0.053788178910811744
O83079,R,0.13515213131904602, 0.053643647788299456
O83079,I,0.023537714034318924, 0.05201232454015149
O83079,C,0.05244150012731552, 0.04872690658602449
O83079,G,0.0333482101559639, 0.05419144220650196
O83079,V,0.02774854563176632, 0.05598855991330412
O83079,A,0.06069446727633476, 0.04251368923319711
O83079,A,0.05099109560251236, 0.04412638602985276
O83079,D,0.0927954614162445, 0.04100519832637575
O83079,G,0.02718791365623474, 0.038505282149546675
O83079,I,0.013878295198082924, 0.03728777408185932
O83079,N,0.03805198520421982, 0.0325989978801873
O83079,Y,0.024350810796022415, 0.027684637448853917
O83079,V,0.01084896456450224, 0.01826208695355389
O83079,A,0.016790973022580147, 0.01658960131721364
O83079,S,0.018495481461286545, 0.016774237880276308
O83079,V,0.006761851720511913, 0.013371611634890238
O83079,V,0.007992506958544254, 0.012795620494418673
O83079,I,0.012135542929172516, 0.01402588054123852
O83079,S,0.015540024265646935, 0.014849534982608424
O83079,A,0.007428348995745182, 0.01567063739316331
O83079,T,0.019166890531778336, 0.01859024932814969
O83079,I,0.021921304985880852, 0.02626574712081088
O83079,A,0.024203862994909286, 0.05175344739109278
O83079,A,0.025885403156280518, 0.054700075234803885
O83079,S,0.03303835913538933, 0.05660918251507812
O83079,I,0.07707198709249496, 0.06007177817324797
O83079,K,0.2415248453617096, 0.0652184391187297
O83079,I,0.042059674859046936, 0.06697785233457883
O83079,T,0.024610314518213272, 0.0677686370909214
O83079,G,0.05033025145530701, 0.06816467146078746
O83079,I,0.06824125349521637, 0.06595605115095775
O83079,L,0.0400385819375515, 0.04119425991343127
O83079,V,0.03300246596336365, 0.03840090520679951
O83079,L,0.03660266846418381, 0.03803941917916139
O83079,S,0.05719440430402756, 0.03478242912226253
O83079,S,0.018668724223971367, 0.02880254698296388
O83079,L,0.016919482499361038, 0.028944528972109158
O83079,M,0.021356940269470215, 0.02706248727109697
O83079,T,0.021017340943217278, 0.024007365728418033
O83079,V,0.014422314241528511, 0.018687889393832948
O83079,P,0.04131641983985901, 0.01831043428844876
O83079,V,0.01606409065425396, 0.022307434843646154
O83079,A,0.009106574580073357, 0.03129315790202883
O83079,T,0.009319117292761803, 0.03125985442764229
O83079,A,0.015271628275513649, 0.04629297678669294
O83079,L,0.05289248749613762, 0.048363488995366626
O83079,Q,0.10222844779491425, 0.052454857155680656
O83079,L,0.02071760967373848, 0.060911066002315946
O83079,R,0.14972041547298431, 0.06840997127195199
O83079,V,0.05995102971792221, 0.07618679106235504
O83079,G,0.05288640409708023, 0.07348787722488244
O83079,F,0.08521245419979095, 0.06375348774923219
O83079,L,0.07680926471948624, 0.0634066512187322
O83079,L,0.08526300638914108, 0.04859093825022379
O83079,T,0.02860226295888424, 0.04333831566489405
O83079,L,0.014618942514061928, 0.039749467434982456
O83079,V,0.017596080899238586, 0.0317379210351242
O83079,A,0.01637899875640869, 0.024594492899874847
O83079,A,0.01267742644995451, 0.01664244497401847
O83079,F,0.0205867700278759, 0.015244494606223371
O83079,L,0.01310853660106659, 0.015183648611936305
O83079,F,0.012518411502242088, 0.01620383881446388
O83079,S,0.013694575056433678, 0.01557328107042445
O83079,M,0.01602070964872837, 0.015634468860096402
O83079,L,0.014071328565478325, 0.015058573024968306
O83079,D,0.02677779272198677, 0.015285678621795442
O83079,T,0.010703979060053825, 0.01565381408565574
O83079,A,0.013228116557002068, 0.016185063868761063
O83079,L,0.015403707511723042, 0.01615117842124568
O83079,G,0.015152486972510815, 0.019126775364081066
O83079,L,0.015831630676984787, 0.02930296916100714
O83079,V,0.01847582310438156, 0.04315753425988886
O83079,F,0.015715740621089935, 0.04732019495632914
O83079,S,0.04085170105099678, 0.05871376467661725
O83079,Y,0.11836353689432144, 0.06294164309899013
O83079,Y,0.13539506494998932, 0.07564497780468729
O83079,L,0.05069206282496452, 0.08014623406860563
O83079,N,0.1179458349943161, 0.0823209939731492
O83079,V,0.05320339277386665, 0.08099400831593408
O83079,A,0.13016164302825928, 0.06987009259561698
O83079,P,0.05898712947964668, 0.0563502905683385
O83079,G,0.035288579761981964, 0.05278826235897011
O83079,G,0.028908830136060715, 0.04048488997957773
O83079,F,0.018248295411467552, 0.03609707180617584
O83079,T,0.013716846704483032, 0.02518818915511171
O83079,A,0.018633808940649033, 0.020037837481747072
O83079,L,0.007215483579784632, 0.01699861144233081
O83079,V,0.013713029213249683, 0.01556286241652237
O83079,S,0.0319816991686821, 0.015959904270453587
O83079,V,0.01263396441936493, 0.015698773838165734
O83079,V,0.007935545407235622, 0.01482603590314587
O83079,V,0.015987088903784752, 0.017625921612812415
O83079,L,0.021821672096848488, 0.02204466052353382
O83079,M,0.011366672813892365, 0.02010843178464307
O83079,L,0.010779167525470257, 0.0213821048123969
O83079,V,0.032414454966783524, 0.030008432662321463
O83079,I,0.053481679409742355, 0.036657436129947506
O83079,A,0.014555640518665314, 0.039222680756615266
O83079,L,0.0240970216691494, 0.045293186170359455
O83079,T,0.0855724960565567, 0.06153180988298522
O83079,Q,0.07582812011241913, 0.0651397051082717
O83079,V,0.04490887373685837, 0.0708948824968603
O83079,G,0.06600122153759003, 0.07530283058683078
O83079,R,0.15692678093910217, 0.07262538373470306
O83079,A,0.06488551199436188, 0.06311732861730787
O83079,R,0.10527827590703964, 0.0546919819381502
O83079,T,0.05422717332839966, 0.049702107078499265
O83151,M,0.07688531279563904, 0.07738238076368968
O83151,R,0.23912754654884338, 0.09103086176845762
O83151,I,0.0782766193151474, 0.10236806753608915
O83151,P,0.11909432709217072, 0.11293021092812221
O83151,K,0.18305762112140656, 0.12304379211531745
O83151,W,0.12283632904291153, 0.1238574633995692
O83151,T,0.10203485190868378, 0.10534247673220104
O83151,P,0.09505929052829742, 0.10199242168002659
O83151,A,0.09102223068475723, 0.09311383921239111
O83151,T,0.08420835435390472, 0.07799066023694144
O83151,W,0.07249266654253006, 0.06769018144243294
O83151,S,0.04812612384557724, 0.059663360110587545
O83151,V,0.03918708488345146, 0.0526325311511755
O83151,V,0.04694901034235954, 0.04529270716011524
O83151,A,0.030132019892334938, 0.03863414480454392
O83151,G,0.02979345992207527, 0.03304799273610115
O83151,C,0.03178182989358902, 0.02999605072869195
O83151,I,0.02496381476521492, 0.02823048209150632
O83151,G,0.024281293153762817, 0.02538693758348624
O83151,G,0.022217297926545143, 0.024290536633796163
O83151,V,0.020658645778894424, 0.02345359553065565
O83151,L,0.023296967148780823, 0.023410683911707666
O83151,G,0.021357109770178795, 0.024263092420167394
O83151,I,0.020264411345124245, 0.02699059930940469
O83151,V,0.022260989993810654, 0.02935201757484012
O83151,I,0.031395625323057175, 0.030536907000674143
O83151,V,0.03263549134135246, 0.035769154214196734
O83151,G,0.0488288551568985, 0.039508611584703125
O83151,I,0.04347006231546402, 0.04105802997946739
O83151,A,0.031322650611400604, 0.05185150355100632
O83151,S,0.07038719207048416, 0.059013775239388146
O83151,P,0.05501222610473633, 0.05746783150566949
O83151,I,0.034209176898002625, 0.06346783704227871
O83151,R,0.11940225213766098, 0.06961430112520854
O83151,I,0.09585607051849365, 0.07886243528789944
O83151,I,0.01872199773788452, 0.0788416928715176
O83151,S,0.10282890498638153, 0.078450046479702
O83151,P,0.09878823906183243, 0.07678175821072525
O83151,T,0.11455585807561874, 0.0643575385523339
O83151,D,0.07020051032304764, 0.05608773184940219
O83151,N,0.051487408578395844, 0.058310396089735955
O83151,G,0.019194582477211952, 0.06116847192040748
O83151,V,0.007584275212138891, 0.05660616270162993
O83151,V,0.021427810192108154, 0.04698905384995871
O83151,T,0.03872597590088844, 0.05680700593317548
O83151,R,0.12855158746242523, 0.07142259382332365
O83151,F,0.05772745609283447, 0.08472568391718799
O83151,G,0.028001878410577774, 0.10733259303702249
O83151,K,0.1585620790719986, 0.12018237759669621
O83151,Y,0.1830276995897293, 0.1222144870294465
O83151,H,0.13892239332199097, 0.12802707900603613
O83151,R,0.21104645729064941, 0.13244435439507166
O83151,T,0.13707587122917175, 0.13598321750760078
O83151,L,0.057014960795640945, 0.12396263124214278
O83151,E,0.18086491525173187, 0.11701527362068494
O83151,P,0.09748293459415436, 0.1057478210164441
O83151,G,0.059851646423339844, 0.08946709541810884
O83151,L,0.05037680268287659, 0.07721788167125648
O83151,H,0.12050148099660873, 0.08207334433164862
O83151,Y,0.037515319883823395, 0.06635726429522038
O83151,L,0.06451992690563202, 0.058717864462070994
O83151,I,0.02683294750750065, 0.059212640962666936
O83151,P,0.10071412473917007, 0.0654811571455664
O83151,F,0.039420194923877716, 0.05507339661320051
O83151,V,0.028728336095809937, 0.06281382135219044
O83151,E,0.06430463492870331, 0.07392566195792621
O83151,W,0.10679344832897186, 0.07515331916511059
O83151,V,0.02683163620531559, 0.07463152520358562
O83151,Y,0.10717914253473282, 0.0737059565467967
O83151,K,0.16452649235725403, 0.08028795756399632
O83151,V,0.03788186237215996, 0.08797591862579186
O83151,P,0.0960179790854454, 0.08123476078940763
O83151,V,0.03109007701277733, 0.08604997810390261
O83151,T,0.08796634525060654, 0.085113106502427
O83151,K,0.13349628448486328, 0.07043305122190052
O83151,V,0.04612302780151367, 0.0746210767991013
O83151,Q,0.07016859203577042, 0.06792695489194658
O83151,K,0.09874729812145233, 0.07052027723855442
O83151,E,0.03240599483251572, 0.07016939048965772
O83151,E,0.07557409256696701, 0.07539844968252712
O83151,F,0.03577088192105293, 0.0799449851943387
O83151,G,0.054429978132247925, 0.08758281626635128
O83151,F,0.0848083645105362, 0.09941946756508616
O83151,R,0.18055781722068787, 0.11859336040086216
O83151,T,0.08704184740781784, 0.13484529447224405
O83151,S,0.13890907168388367, 0.15886164953311285
O83151,K,0.20527715981006622, 0.18362462437815136
O83151,S,0.20497103035449982, 0.1998547605342335
O83151,S,0.221841499209404, 0.20633776568704182
O83151,E,0.25191807746887207, 0.22145726614528233
O83151,Q,0.2772967517375946, 0.22594930066002739
O83151,S,0.23087958991527557, 0.23029365804460314
O83151,H,0.23890486359596252, 0.23127405014302996
O83151,Y,0.22311735153198242, 0.2187388613820076
O83151,V,0.17933738231658936, 0.20448753403292763
O83151,N,0.24437637627124786, 0.18734754787551033
O83151,N,0.2137945592403412, 0.1746338920460807
O83151,I,0.10902480036020279, 0.15786144054598278
O83151,S,0.12365613132715225, 0.14774173415369457
O83151,H,0.12303687632083893, 0.1341988800300492
O83151,E,0.11645668745040894, 0.11029924762745698
O83151,S,0.08795280009508133, 0.09114758194320732
O83151,L,0.13203999400138855, 0.0878704134374857
O83151,M,0.05745169520378113, 0.08719203393492433
O83151,L,0.029279684647917747, 0.08518954304357369
O83151,T,0.04142956808209419, 0.08021884680622154
O83151,G,0.07953028380870819, 0.07317522478600343
O83151,D,0.11755071580410004, 0.05998211602369944
O83151,L,0.10501445829868317, 0.06493494494093789
O83151,N,0.0717204213142395, 0.06384346861806181
O83151,I,0.024560201913118362, 0.07135550118982792
O83151,V,0.013302015140652657, 0.06582415642009841
O83151,D,0.10202715545892715, 0.058806018282969795
O83151,V,0.019456397742033005, 0.048033399817844234
O83151,E,0.1090378612279892, 0.05161866390456756
O83151,W,0.029748180881142616, 0.051946275453600615
O83151,V,0.054387472569942474, 0.05982962944027451
O83151,V,0.00806089211255312, 0.05160872151868211
O83151,Q,0.10398779809474945, 0.057017333495120205
O83151,Y,0.027508705854415894, 0.05101926097025474
O83151,R,0.08425220102071762, 0.05094822713484367
O83151,I,0.028038984164595604, 0.05756513908919361
O83151,V,0.06813390552997589, 0.06497844888104333
O83151,D,0.05505520850419998, 0.058817015339930855
O83151,P,0.02910887636244297, 0.05968424636456701
O83151,R,0.11393968015909195, 0.059028158999151654
O83151,A,0.07478068023920059, 0.06549632942510976
O83151,W,0.04853489622473717, 0.06268861786358887
O83151,V,0.03531378507614136, 0.0733791488326258
O83151,F,0.07834741473197937, 0.08060612322555648
O83151,N,0.08625251799821854, 0.0836526101662053
O83151,V,0.04286450147628784, 0.09170291365848647
O83151,E,0.15126998722553253, 0.09531752434041765
O83151,S,0.09415164589881897, 0.10395128859413995
O83151,Q,0.14135806262493134, 0.11014493803183238
O83151,E,0.14723341166973114, 0.10601144201225704
O83151,R,0.08106639236211777, 0.10212034701059262
O83151,R,0.11301766335964203, 0.09880531382643515
O83151,Q,0.13409025967121124, 0.0996041005063388
O83151,T,0.04905105382204056, 0.08618624518728918
O83151,I,0.007844646461308002, 0.07174939113772577
O83151,R,0.12143468856811523, 0.07970797301580508
O83151,D,0.10134072601795197, 0.06996978539973497
O83151,I,0.020597364753484726, 0.05711951738016473
O83151,S,0.01730172522366047, 0.054278132091793746
O83151,K,0.15269362926483154, 0.05808735224935743
O83151,A,0.025373974815011024, 0.05001057436068853
O83151,V,0.01843784749507904, 0.04154002293944359
O83151,V,0.023478586226701736, 0.04156906695829497
O83151,N,0.04212762787938118, 0.04360957464410199
O83151,S,0.04874368757009506, 0.03730568310452832
O83151,L,0.025105763226747513, 0.0445617139339447
O83151,I,0.0208587609231472, 0.051121982435385384
O83151,G,0.035666294395923615, 0.05208131795128187
O83151,D,0.09595860540866852, 0.059982953800095454
O83151,R,0.09067825227975845, 0.06762933813863331
O83151,A,0.0774802640080452, 0.0674884066813522
O83151,I,0.03211260586977005, 0.06981950501600902
O83151,L,0.11324235051870346, 0.07615538686513901
O83151,D,0.11756114661693573, 0.07916920549339718
O83151,I,0.0238373801112175, 0.0796670408712493
O83151,M,0.041838645935058594, 0.08197901811864641
O83151,G,0.09268923103809357, 0.09078046679496765
O83151,P,0.1230829730629921, 0.09071193635463715
O83151,E,0.09515877068042755, 0.08011975201467673
O83151,R,0.09828805923461914, 0.0813667689346605
O83151,S,0.11132564395666122, 0.09001800728340943
O83151,A,0.11262557655572891, 0.09667386590606636
O83151,I,0.022231487557291985, 0.0848715061114894
O83151,Q,0.03506053239107132, 0.08203296239177386
O83151,M,0.11969979107379913, 0.0829215898281998
O83151,R,0.15259195864200592, 0.0784965269267559
O83151,A,0.01686173491179943, 0.06745482970856959
O83151,K,0.06961187720298767, 0.07211602406783237
O83151,D,0.1062857061624527, 0.08045434051503737
O83151,M,0.07150007784366608, 0.07452098952813281
O83151,M,0.013250301592051983, 0.05998584245228105
O83151,N,0.06418223679065704, 0.08119783602241012
O83151,V,0.11010538041591644, 0.10004467734446128
O83151,L,0.06629963219165802, 0.09716726642929846
O83151,L,0.021775634959340096, 0.09666754108750159
O83151,K,0.20776967704296112, 0.09746099325517814
O83151,R,0.23923344910144806, 0.09537797566089365
O83151,I,0.08038900792598724, 0.08490011696186331
O83151,G,0.0670025497674942, 0.08919023908674717
O83151,L,0.020391371101140976, 0.08794536172515816
O83151,G,0.04543507844209671, 0.07101740998526414
O83151,V,0.015804652124643326, 0.049438405575023756
O83151,L,0.10491073131561279, 0.04169532284140587
O83151,V,0.010571738705039024, 0.047546826716926366
O83151,S,0.05541811138391495, 0.04932517930865288
O83151,S,0.04502240940928459, 0.05849453517132335
O83151,V,0.010701263323426247, 0.07324594259262085
O83151,Q,0.11966608464717865, 0.06658538430929184
O83151,L,0.03639654442667961, 0.09125645976099703
O83151,Q,0.12795928120613098, 0.0903317764815357
O83151,N,0.1485673189163208, 0.09593146522012022
O83151,V,0.0449657067656517, 0.12393379087249438
O83151,V,0.23261141777038574, 0.12579700392153528
O83151,P,0.04709596186876297, 0.12446917945312129
O83151,P,0.09541960805654526, 0.13487612062858212
O83151,Q,0.2627221941947937, 0.1428420247717036
O83151,E,0.13643500208854675, 0.14326043613255024
O83151,V,0.024446124210953712, 0.12125327003498872
O83151,Q,0.22162175178527832, 0.1482601205093993
O83151,Q,0.22026045620441437, 0.1504250050832828
O83151,A,0.04873140901327133, 0.12404143292870787
O83151,F,0.03454692289233208, 0.11700887957380877
O83151,E,0.29015761613845825, 0.13347003898686832
O83151,D,0.11490356922149658, 0.11160669558578068
O83151,V,0.025270044803619385, 0.10135161214404637
O83151,N,0.07314202189445496, 0.10571977413362926
O83151,I,0.17259655892848969, 0.11746527544326252
O83151,A,0.024851661175489426, 0.08980728230542606
O83151,I,0.12796470522880554, 0.09041244412461917
O83151,Q,0.08804486691951752, 0.10884590736693806
O83151,D,0.14025643467903137, 0.1094756420287821
O83151,M,0.041235677897930145, 0.0999341429107719
O83151,N,0.12035002559423447, 0.11022804346349505
O83151,R,0.19117121398448944, 0.11236103210184309
O83151,L,0.07880963385105133, 0.10826284769508573
O83151,I,0.08672306686639786, 0.11056260847383076
O83151,N,0.11749676614999771, 0.11878026194042629
O83151,E,0.147161602973938, 0.11735616127649943
O83151,G,0.051161207258701324, 0.10286836740043429
O83151,K,0.1609542816877365, 0.10406093382173115
O83151,E,0.11519455909729004, 0.11773301826583014
O83151,S,0.10753311961889267, 0.115345175895426
O83151,Y,0.06078106909990311, 0.10658436102999581
O83151,N,0.08954273164272308, 0.11163135369618733
O83151,R,0.20977182686328888, 0.11445605754852295
O83151,E,0.09600618481636047, 0.10453692285550965
O83151,I,0.06831426918506622, 0.11596858791179127
O83151,P,0.09658414125442505, 0.11242940069900619
O83151,K,0.18637661635875702, 0.11284154363804394
O83151,A,0.025922346860170364, 0.09246077181564437
O83151,R,0.21041810512542725, 0.09475674852728844
O83151,G,0.02892838418483734, 0.09891494570506944
O83151,D,0.0932520180940628, 0.09497992652985784
O83151,A,0.02634488046169281, 0.08297648818956481
O83151,D,0.11666997522115707, 0.09185733480585946
O83151,K,0.10573804378509521, 0.08342730419503318
O83151,L,0.06116896867752075, 0.08264756968451871
O83151,I,0.07834567129611969, 0.08693789049155182
O83151,Q,0.1058499664068222, 0.08803466148674488
O83151,E,0.13454782962799072, 0.08450217731297016
O83151,A,0.0219107735902071, 0.0764234804858764
O83151,M,0.13186490535736084, 0.08336341484553283
O83151,G,0.03621581941843033, 0.08418872393667698
O83151,Y,0.0848776176571846, 0.0800174485064215
O83151,A,0.03302977234125137, 0.07086629192862245
O83151,N,0.12362837791442871, 0.07505668203035991
O83151,E,0.08577345311641693, 0.07567676405111949
O83151,R,0.06830848753452301, 0.07402721895939773
O83151,V,0.052187420427799225, 0.07767623849213123
O83151,N,0.059624284505844116, 0.07819140640397866
O83151,R,0.13744564354419708, 0.07677586894068453
O83151,A,0.02136991359293461, 0.07103386624819702
O83151,K,0.11771879345178604, 0.0700607318431139
O83151,G,0.037666283547878265, 0.08147877889374892
O83151,D,0.1108885407447815, 0.07880923421018654
O83151,V,0.03409542888402939, 0.07144041794041793
O83151,A,0.05955027788877487, 0.07629808452394274
O83151,R,0.1549498438835144, 0.06655623432662752
O83151,F,0.035598382353782654, 0.07369780706034766
O83151,D,0.0711262971162796, 0.06986225065257815
O83151,S,0.0650889128446579, 0.07353867424858941
O83151,I,0.030042141675949097, 0.07180596060223049
O83151,Y,0.10194043815135956, 0.0708667602803972
O83151,A,0.0763685330748558, 0.0876292884349823
O83151,E,0.0671832412481308, 0.0846996261841721
O83151,Y,0.04395585507154465, 0.09728813212778833
O83151,V,0.14649704098701477, 0.11153120340572463
O83151,K,0.18646113574504852, 0.10417613842421108
O83151,A,0.04475933685898781, 0.09911207668483257
O83151,P,0.17838546633720398, 0.10253378562629223
O83151,H,0.1582297831773758, 0.10729491524398327
O83151,V,0.03574485331773758, 0.10127631140251954
O83151,T,0.030791977420449257, 0.0859157010498974
O83151,K,0.0979786217212677, 0.08526588790118694
O83151,T,0.08680602163076401, 0.07111562188300821
O83151,R,0.09232960641384125, 0.0624839843561252
O83151,L,0.04821564257144928, 0.06267390089730422
O83151,Y,0.03891101852059364, 0.0629837057656712
O83151,L,0.05103307217359543, 0.05711117759346962
O83151,E,0.08054504543542862, 0.052873519973622427
O83151,G,0.03745410218834877, 0.04582007312112384
O83151,L,0.033580221235752106, 0.04424249049690035
O83151,G,0.045125868171453476, 0.052178396532932915
O83151,A,0.04866710305213928, 0.05939442209071583
O83151,I,0.02884858474135399, 0.062081408583455615
O83151,L,0.034017398953437805, 0.08002180192205641
O83151,E,0.11033417284488678, 0.0978170774049229
O83151,K,0.11597730219364166, 0.10133453913860851
O83151,T,0.10472792387008667, 0.10260401997301313
O83151,E,0.19891764223575592, 0.10381838472353087
O83151,N,0.1937377005815506, 0.1076223531530963
O83151,V,0.07678302377462387, 0.10615231055352423
O83151,L,0.06009243056178093, 0.1092707212600443
O83151,L,0.03977786749601364, 0.11718953607810868
O83151,I,0.06825311481952667, 0.1047524946431319
O83151,D,0.0971037894487381, 0.10383727194534408
O83151,K,0.1440429985523224, 0.1108033735718992
O83151,K,0.17599725723266602, 0.11407299091418584
O83151,L,0.08698426932096481, 0.11834898425473107
O83151,E,0.18550069630146027, 0.1264600223965115
O83151,N,0.13947793841362, 0.12802244391706255
O83151,L,0.08951898664236069, 0.12735985881752437
O83151,L,0.07826180756092072, 0.12564457787407768
O83151,T,0.14125245809555054, 0.130415178835392
O83151,L,0.11116558313369751, 0.12865513149234983
O83151,K,0.13807973265647888, 0.13211338801516426
O83151,D,0.1605597287416458, 0.13303848769929674
O83151,I,0.12991967797279358, 0.13993102312088013
O83151,S,0.1696602702140808, 0.1387440347009235
O83151,K,0.1706022471189499, 0.13973176976044974
O83151,V,0.09784488379955292, 0.13530935926569831
O83151,S,0.1402946263551712, 0.12965518401728737
O83151,K,0.13056956231594086, 0.12727423757314682
O83151,K,0.1200551986694336, 0.1229035895731714
O83151,V,0.09827803820371628, 0.11830809629625744
O83151,V,0.10967215150594711, 0.1269969700111283
O83151,A,0.10849115997552872, 0.12966967042949465
O83151,G,0.13032443821430206, 0.1280209662185775
O83151,T,0.12924280762672424, 0.11468149969975154
O83151,R,0.1760447472333908, 0.1037617176771164
O83151,E,0.16434893012046814, 0.0915759230653445
O83151,E,0.11573122441768646, 0.07952134973473018
O83152,M,0.09480465948581696, 0.102221527033382
O83152,R,0.25877994298934937, 0.11695142752594417
O83152,K,0.17976799607276917, 0.14066523644659254
O83152,R,0.25352972745895386, 0.1540153498450915
O83152,G,0.13311141729354858, 0.17455755753649604
O83152,L,0.1325691044330597, 0.17707284953859118
O83152,Q,0.21342428028583527, 0.17022852765189278
O83152,V,0.12015102058649063, 0.15954422454039255
O83152,H,0.184879869222641, 0.15323039392630258
O83152,A,0.117442287504673, 0.14968173454205194
O83152,R,0.19718104600906372, 0.14098423802190357
O83152,V,0.08360926806926727, 0.12363774701952934
O83152,R,0.19670525193214417, 0.11912038301428159
O83152,P,0.10117348283529282, 0.1029046778049734
O83152,V,0.05429163575172424, 0.09448026700152291
O83152,L,0.05730586126446724, 0.07734660514526898
O83152,N,0.07949474453926086, 0.07086965648664369
O83152,I,0.03893852233886719, 0.05156313731438584
O83152,G,0.0416225902736187, 0.043381381779909134
O83152,I,0.042978089302778244, 0.039380123217900596
O83152,V,0.02531673014163971, 0.035217483010556966
O83152,V,0.02294657938182354, 0.028992842882871628
O83152,G,0.02753768302500248, 0.02769159794681602
O83152,V,0.018280308693647385, 0.025900968453950353
O83152,L,0.019842099398374557, 0.025004096122251615
O83152,L,0.02347298339009285, 0.025918052221337955
O83152,G,0.027227317914366722, 0.026652055482069652
O83152,G,0.025506924837827682, 0.028964065222276583
O83152,V,0.034906238317489624, 0.038709287635154195
O83152,V,0.03354233503341675, 0.046237365446156926
O83152,L,0.029552608728408813, 0.04881030093464586
O83152,L,0.04834577068686485, 0.057318083528015346
O83152,Q,0.1059873104095459, 0.07283153219355477
O83152,P,0.08759479969739914, 0.07258332976036602
O83152,F,0.0466294027864933, 0.08968615242176586
O83152,Y,0.10379736125469208, 0.10112630368934737
O83152,L,0.1651279628276825, 0.10918781989150578
O83152,I,0.03267241641879082, 0.10578950494527817
O83152,Q,0.18746773898601532, 0.10045353612966007
O83152,E,0.13251397013664246, 0.09711392368707392
O83152,G,0.12089941650629044, 0.08654799177828762
O83152,Q,0.07540247589349747, 0.07206013664189312
O83152,V,0.03957108035683632, 0.07288364227861166
O83152,A,0.016572890803217888, 0.06798383748779695
O83152,L,0.008703974075615406, 0.0620658156565494
O83152,I,0.03473726660013199, 0.05320902572323879
O83152,T,0.04008396714925766, 0.06423679811673032
O83152,Q,0.14336949586868286, 0.06929632638477617
O83152,F,0.07925177365541458, 0.07779797052757607
O83152,G,0.041188307106494904, 0.10508838461505042
O83152,E,0.17465242743492126, 0.11117202540238698
O83152,I,0.08510683476924896, 0.12486009382539326
O83152,I,0.09308768808841705, 0.12469605190886392
O83152,K,0.2543177008628845, 0.13219880561033884
O83152,T,0.08949003368616104, 0.13379085146718556
O83152,N,0.1632765829563141, 0.12719779709974924
O83152,N,0.14189311861991882, 0.12196885835793284
O83152,T,0.14677655696868896, 0.13077683043148783
O83152,A,0.055516719818115234, 0.10554285099109013
O83152,G,0.11531493812799454, 0.11628731588522594
O83152,L,0.03804638609290123, 0.1013238009893232
O83152,Y,0.172359436750412, 0.09615516269372569
O83152,V,0.027211885899305344, 0.08429586825271447
O83152,R,0.18619021773338318, 0.08126133949392372
O83152,A,0.02860494889318943, 0.0767780469937457
O83152,P,0.09537537395954132, 0.08977308517528905
O83152,F,0.04004290699958801, 0.07606008048686716
O83152,L,0.028205960988998413, 0.08252564838363065
O83152,H,0.07496530562639236, 0.07997656799852848
O83152,H,0.15500172972679138, 0.08149621387322743
O83152,V,0.04894239455461502, 0.08350060135126114
O83152,H,0.0854019969701767, 0.08577675041225222
O83152,K,0.16324849426746368, 0.09945989400148392
O83152,Y,0.04228176176548004, 0.09693717377053367
O83152,T,0.11341486126184464, 0.08431366582711537
O83152,A,0.06052824854850769, 0.09003189868397182
O83152,K,0.15135425329208374, 0.08448750318752395
O83152,L,0.05226082354784012, 0.07588130525416797
O83152,L,0.041390158236026764, 0.077134826944934
O83152,R,0.10040649026632309, 0.08214398721853892
O83152,V,0.03550243750214577, 0.09590824941794078
O83152,D,0.08579271286725998, 0.08978016095028983
O83152,G,0.05356345698237419, 0.11891109910276201
O83152,D,0.15849730372428894, 0.11816742974850866
O83152,P,0.1844066083431244, 0.1354501119090451
O83152,Q,0.09620145708322525, 0.13587538401285806
O83152,K,0.3144392669200897, 0.13457902686463463
O83152,I,0.03469713404774666, 0.13819872380958664
O83152,P,0.2559506297111511, 0.13058758816785282
O83152,T,0.0393298864364624, 0.1211651542948352
O83152,K,0.0741254985332489, 0.1375004653301504
O83152,E,0.08614072948694229, 0.10417370891405477
O83152,K,0.08999708294868469, 0.1228059350202481
O83152,Q,0.09960470348596573, 0.0961331505742338
O83152,F,0.243219256401062, 0.10389010566804144
O83152,I,0.014498459175229073, 0.10050750482413504
O83152,E,0.20238716900348663, 0.09753855028086239
O83152,V,0.015895569697022438, 0.08868873895456393
O83152,D,0.1091424822807312, 0.08939322363585234
O83152,T,0.04368209093809128, 0.06593468443801005
O83152,T,0.0594201385974884, 0.07378810613105695
O83152,S,0.010348781011998653, 0.05477856316914161
O83152,R,0.10594506561756134, 0.06318333030988772
O83152,W,0.03209240362048149, 0.056847986972166434
O83152,R,0.08517925441265106, 0.056238019114567175
O83152,I,0.03130128234624863, 0.06587834356145726
O83152,E,0.09153847396373749, 0.0766570150024361
O83152,D,0.05212439224123955, 0.067640019994643
O83152,V,0.03819238021969795, 0.07134411546091239
O83152,K,0.1461830586194992, 0.07382353291743332
O83152,K,0.10735682398080826, 0.0756847442438205
O83152,F,0.024792110547423363, 0.06863469299342898
O83152,Y,0.06542926281690598, 0.07179853941003482
O83152,Q,0.10749401152133942, 0.07375429736243354
O83152,S,0.04805218428373337, 0.07060105601946513
O83152,L,0.02808801271021366, 0.07710065692663193
O83152,G,0.08059900999069214, 0.08448630260924499
O83152,T,0.05579420179128647, 0.07832563337352541
O83152,Y,0.11780388653278351, 0.07683036973079045
O83152,E,0.16585323214530945, 0.08859224948618147
O83152,A,0.09126292169094086, 0.0995783530589607
O83152,A,0.009983239695429802, 0.09174037310812208
O83152,Y,0.09403663873672485, 0.09441894210047191
O83152,S,0.1539091020822525, 0.09837178968720967
O83152,R,0.12696294486522675, 0.08503319654199812
O83152,I,0.01005719043314457, 0.0776493214070797
O83152,S,0.079901322722435, 0.0885629891935322
O83152,D,0.15337951481342316, 0.0885052132523722
O83152,I,0.04580589383840561, 0.0746919655551513
O83152,I,0.024808045476675034, 0.06256791493958896
O83152,D,0.10820624977350235, 0.07221060266925229
O83152,S,0.09351665526628494, 0.07366983861558968
O83152,S,0.029589872807264328, 0.061684158320228256
O83152,V,0.01784648932516575, 0.05912928386694855
O83152,R,0.09684138000011444, 0.06077789535952939
O83152,D,0.09303444623947144, 0.061347751360800534
O83152,I,0.04550839215517044, 0.0637531994531552
O83152,I,0.022812023758888245, 0.06922043508125676
O83152,T,0.03964554890990257, 0.07496427620450656
O83152,V,0.11333495378494263, 0.08287011376685566
O83152,N,0.11516568809747696, 0.08578035276797083
O83152,G,0.07879499346017838, 0.0835511287053426
O83152,L,0.06954105943441391, 0.08735578176048067
O83152,D,0.1679939180612564, 0.10146394992868106
O83152,D,0.1192265972495079, 0.09578013627065553
O83152,V,0.025445375591516495, 0.09466296061873436
O83152,V,0.05705390125513077, 0.09896101016137335
O83152,R,0.16661906242370605, 0.10208871091405551
O83152,S,0.06218063086271286, 0.1000746385090881
O83152,T,0.10511110723018646, 0.1035702596935961
O83152,N,0.11747743934392929, 0.12302476498815748
O83152,A,0.09769036620855331, 0.13780888004435432
O83152,I,0.14986726641654968, 0.1416096662481626
O83152,N,0.15068718791007996, 0.1529763787984848
O83152,E,0.20053592324256897, 0.16204924384752908
O83152,S,0.1901109367609024, 0.17211179849174288
O83152,N,0.20082613825798035, 0.17862083514531454
O83152,H,0.1644810438156128, 0.18343544668621486
O83152,S,0.18676689267158508, 0.18640495340029398
O83152,E,0.20804043114185333, 0.1775120049715042
O83152,Q,0.15627169609069824, 0.172347163160642
O83152,F,0.1931987702846527, 0.16358000536759695
O83152,D,0.177412748336792, 0.15898475464847353
O83152,V,0.120499387383461, 0.15758059173822403
O83152,P,0.1436273604631424, 0.14947625580761167
O83152,V,0.12192171812057495, 0.14270456466409895
O83152,S,0.12312378734350204, 0.1429736100965076
O83152,Q,0.1741294264793396, 0.14057178464200762
O83152,L,0.13510140776634216, 0.1556088692612118
O83152,A,0.09532647579908371, 0.1577343460586336
O83152,F,0.19562017917633057, 0.16497578720251718
O83152,D,0.15579631924629211, 0.17682464172442755
O83152,R,0.25583314895629883, 0.1801657188269827
O83152,G,0.16275665163993835, 0.18222212377521727
O83152,A,0.18709468841552734, 0.1844543864329656
O83152,E,0.2297634780406952, 0.18376558356814915
O83152,K,0.20419912040233612, 0.1838469753662745
O83152,T,0.15360905230045319, 0.1686197966337204
O83152,A,0.11541683971881866, 0.16070158117347294
O83152,H,0.18942095339298248, 0.15875797470410666
O83152,M,0.15652884542942047, 0.15106935633553398
O83152,T,0.11878854036331177, 0.13473187593950164
O83152,I,0.09149271249771118, 0.1292622722685337
O83152,E,0.16960223019123077, 0.1298386094470819
O83152,K,0.16056591272354126, 0.12256911521156628
O83152,G,0.05716179683804512, 0.11070296375287904
O83152,R,0.10438261926174164, 0.10198437629474534
O83152,E,0.12060387432575226, 0.10965077537629339
O83152,S,0.12399550527334213, 0.10625647629300754
O83152,L,0.0497334823012352, 0.09187368903723028
O83152,A,0.04032125324010849, 0.09032848870588674
O83152,R,0.16049030423164368, 0.0919949012911982
O83152,E,0.13905353844165802, 0.08840311877429485
O83152,I,0.031120827421545982, 0.076294696993298
O83152,S,0.04325499385595322, 0.08160305354330274
O83152,Q,0.11938033252954483, 0.09199525001976225
O83152,A,0.08827783167362213, 0.08996623506148656
O83152,A,0.01501970924437046, 0.07747496209210819
O83152,N,0.09750869125127792, 0.09223857335746288
O83152,D,0.13385102152824402, 0.10447841613656944
O83152,Q,0.14222916960716248, 0.10268473770055506
O83152,L,0.02663208171725273, 0.0972024779766798
O83152,K,0.16399332880973816, 0.09646909808119138
O83152,D,0.1534135788679123, 0.0936060460905234
O83152,F,0.10323722660541534, 0.08070813284979926
O83152,G,0.03893749415874481, 0.07155726477503777
O83152,I,0.00841929018497467, 0.08055491828256184
O83152,V,0.07174122333526611, 0.06363864863912265
O83152,V,0.01776980236172676, 0.0544517118897703
O83152,V,0.059871356934309006, 0.04612448666658667
O83152,D,0.10761096328496933, 0.05383445674346553
O83152,V,0.011746902018785477, 0.06443284721010262
O83152,I,0.07073114812374115, 0.05994526897039679
O83152,F,0.028292199596762657, 0.08295311675303513
O83152,K,0.1083272248506546, 0.08482658966547912
O83152,G,0.1038048043847084, 0.08480696897539827
O83152,I,0.031353019177913666, 0.10298080390526189
O83152,K,0.2248404324054718, 0.11900349602931076
O83152,Y,0.07673261314630508, 0.12233508668012089
O83152,S,0.10743437707424164, 0.11935877344674534
O83152,D,0.17531141638755798, 0.12123034190800455
O83152,E,0.21493537724018097, 0.12724239006638527
O83152,L,0.05827651545405388, 0.10567764772309197
O83152,Q,0.08154040575027466, 0.10218117551671134
O83152,A,0.12064892053604126, 0.10430856794118881
O83152,S,0.08546145260334015, 0.09919185356961356
O83152,V,0.030757751315832138, 0.0797791766623656
O83152,F,0.045264363288879395, 0.07969890866014692
O83152,N,0.12658090889453888, 0.08575086792310078
O83152,R,0.12926098704338074, 0.08281528784169091
O83152,M,0.040221285074949265, 0.07932531088590622
O83152,V,0.057554103434085846, 0.08848526370194224
O83152,K,0.13600803911685944, 0.0953569689558612
O83152,E,0.09422869980335236, 0.08962553863724072
O83152,R,0.054051660001277924, 0.07730319268173641
O83152,N,0.11319732666015625, 0.08815018046233389
O83152,Q,0.10710971057415009, 0.09552095457911491
O83152,I,0.07499803602695465, 0.08975180031524764
O83152,A,0.018359873443841934, 0.08964476444654995
O83152,Q,0.13784417510032654, 0.09244182747271326
O83152,M,0.12389107048511505, 0.09266994107100698
O83152,F,0.08408565074205399, 0.08479711371991369
O83152,R,0.09326537698507309, 0.0956571131116814
O83152,S,0.07922522723674774, 0.0992258998254935
O83152,T,0.1152503490447998, 0.10180317320757443
O83152,G,0.036254264414310455, 0.09854402020573616
O83152,E,0.17273803055286407, 0.10004585112134616
O83152,G,0.05047895386815071, 0.10237278913458188
O83152,K,0.16103963553905487, 0.10024889848298496
O83152,K,0.09455869346857071, 0.09633267629477713
O83152,A,0.09760212898254395, 0.09763677418231964
O83152,E,0.11420781910419464, 0.09461861517694262
O83152,W,0.06011021137237549, 0.092791598290205
O83152,L,0.08000434935092926, 0.09009189365638627
O83152,G,0.04799114540219307, 0.08712736475798818
O83152,K,0.14557459950447083, 0.08857336267828941
O83152,L,0.03403580188751221, 0.086786647223764
O83152,D,0.13674229383468628, 0.10037867683503363
O83152,N,0.06787793338298798, 0.1021957252588537
O83152,E,0.11061611026525497, 0.10232866514060232
O83152,K,0.09812738001346588, 0.09324592062168652
O83152,R,0.18243847787380219, 0.09585718106892374
O83152,S,0.0963577851653099, 0.09671053083406554
O83152,L,0.04918760433793068, 0.0929643056458897
O83152,L,0.06382989883422852, 0.09505308005544874
O83152,S,0.05753714591264725, 0.09250449554787742
O83152,K,0.14442244172096252, 0.08627304351992077
O83152,A,0.03416190668940544, 0.07989452655116717
O83152,Y,0.12941507995128632, 0.0910164929098553
O83152,E,0.07519011944532394, 0.10174144473340777
O83152,E,0.12635540962219238, 0.10142739903595713
O83152,A,0.03895113244652748, 0.0995194742249118
O83152,E,0.14928530156612396, 0.10016506413618724
O83152,R,0.16035446524620056, 0.10305185616016388
O83152,I,0.05471073463559151, 0.09844096625844638
O83152,K,0.12725111842155457, 0.09429022297263145
O83152,G,0.0399722158908844, 0.09407178726461199
O83152,E,0.1553962081670761, 0.09719452096356286
O83152,A,0.03369211032986641, 0.08219211921095848
O83152,D,0.0889987200498581, 0.07988741414414512
O83152,A,0.036985211074352264, 0.07627708464860916
O83152,R,0.17738990485668182, 0.07915889471769333
O83152,A,0.025332849472761154, 0.06641705623931354
O83152,A,0.03396838903427124, 0.06814371918638547
O83152,A,0.09475815296173096, 0.07230273592803213
O83152,V,0.0659085065126419, 0.0728449775940842
O83152,Y,0.040719661861658096, 0.05983844440844324
O83152,A,0.04923207685351372, 0.06738808833890492
O83152,Q,0.12642987072467804, 0.08024724572896957
O83152,S,0.04186538606882095, 0.07655315266715156
O83152,Y,0.060331106185913086, 0.09026252064439985
O83152,G,0.0932796448469162, 0.1019273843202326
O83152,K,0.1497008055448532, 0.10175015073683527
O83152,S,0.061511315405368805, 0.0950755017499129
O83152,P,0.1892928183078766, 0.09892172656125492
O83152,E,0.14570343494415283, 0.10134015273716715
O83152,F,0.0476369746029377, 0.0971598554816511
O83152,Y,0.06635802984237671, 0.08949514188700253
O83152,G,0.0764814093708992, 0.08823874675565296
O83152,F,0.08209694176912308, 0.07010748465028074
O83152,W,0.05565696954727173, 0.0633419021550152
O83152,K,0.08071838319301605, 0.06247176954315768
O83152,S,0.05020375922322273, 0.058040471747517586
O83152,L,0.026111459359526634, 0.06037788279354572
O83152,E,0.084813192486763, 0.06582688229779403
O83152,V,0.039805781096220016, 0.0680996057473951
O83152,Y,0.02647634968161583, 0.06503361194498009
O83152,K,0.09751810878515244, 0.0760966491782003
O83152,K,0.1311379373073578, 0.09544766570130984
O83152,S,0.07611148059368134, 0.0963749277095
O83152,L,0.05312443897128105, 0.10579033609893587
O83152,P,0.1497710943222046, 0.11492836268411742
O83152,D,0.2002706080675125, 0.10990120387739605
O83152,T,0.0931585505604744, 0.09852302446961403
O83152,E,0.12454445660114288, 0.09946150456865628
O83152,K,0.10871858894824982, 0.1040039641989602
O83152,I,0.05227367952466011, 0.10191622542010413
O83152,L,0.028734322637319565, 0.08705419964260525
O83152,S,0.08455780148506165, 0.09238209575414658
O83152,T,0.09400657564401627, 0.08734197086758083
O83152,D,0.1309814453125, 0.08080743791328536
O83152,L,0.06651237607002258, 0.0912186023261812
O83152,E,0.1411096155643463, 0.09640214468042056
O83152,Y,0.07918333262205124, 0.08990921928650802
O83152,F,0.04990779235959053, 0.08792444835934374
O83152,K,0.14597415924072266, 0.08188881662984689
O83152,H,0.07538620382547379, 0.08239203629394372
O83152,L,0.0261214729398489, 0.06671319012012747
O83152,Y,0.07614363729953766, 0.05791504205101066
O83152,Q,0.07666075974702835, 0.05236973178883394
O83152,H,0.07104135304689407, 0.03615038076208697
O83215,M,0.09120158106088638, 0.07108795394500096
O83215,F,0.10433055460453033, 0.09294378674692577
O83215,A,0.14185185730457306, 0.11849616550736958
O83215,R,0.186649352312088, 0.13239708956744936
O83215,W,0.11575824022293091, 0.14207119163539675
O83215,R,0.1967024952173233, 0.15240330497423807
O83215,R,0.22997140884399414, 0.15853217409716713
O83215,Y,0.12510831654071808, 0.15077249788575703
O83215,S,0.08706691861152649, 0.14626101735565397
O83215,Y,0.18419060111045837, 0.15500888807906044
O83215,L,0.15949037671089172, 0.14697502387894523
O83215,A,0.07201477140188217, 0.12664501286215252
O83215,R,0.14604602754116058, 0.12490267637703154
O83215,R,0.19448907673358917, 0.13265189942386416
O83215,E,0.12439771741628647, 0.11893319835265477
O83215,A,0.04700130969285965, 0.10428927259312736
O83215,R,0.10942728817462921, 0.10175124721394645
O83215,R,0.15680992603302002, 0.09046225084198846
O83215,N,0.060722291469573975, 0.0712945560614268
O83215,A,0.02769504487514496, 0.06002420663005776
O83215,T,0.049172542989254, 0.0590371818592151
O83215,A,0.044445060193538666, 0.049566068376104035
O83215,V,0.02197982370853424, 0.034415125019020505
O83215,C,0.02296457253396511, 0.02968954025871224
O83215,S,0.038118086755275726, 0.02958127897646692
O83215,A,0.02418726682662964, 0.026207918922106426
O83215,G,0.020451435819268227, 0.023993941230906382
O83215,V,0.018192028626799583, 0.0241312434275945
O83215,G,0.026720693334937096, 0.023698370075888105
O83215,F,0.018812302500009537, 0.02688446185655064
O83215,F,0.024519260972738266, 0.02872044261958864
O83215,L,0.02321554347872734, 0.029765205043885443
O83215,F,0.01906871236860752, 0.02976889701353179
O83215,Y,0.06679291278123856, 0.03268937745855914
O83215,L,0.040711093693971634, 0.03725252735118071
O83215,F,0.029854297637939453, 0.04439187194738123
O83215,I,0.018225256353616714, 0.044712869450449944
O83215,T,0.05300501734018326, 0.04590724180969927
O83215,T,0.05988065153360367, 0.045264254634579025
O83215,H,0.08877336233854294, 0.04494209525485834
O83215,V,0.02610452100634575, 0.04765102287961377
O83215,V,0.029818063601851463, 0.06111049631403552
O83215,A,0.061006028205156326, 0.05748346344464355
O83215,A,0.03781165927648544, 0.06739554616312186
O83215,Y,0.05423464626073837, 0.07156230240232414
O83215,R,0.13936051726341248, 0.08854241607089837
O83215,I,0.020361721515655518, 0.09525823965668678
O83215,Q,0.14908939599990845, 0.09350405095352067
O83215,A,0.12627416849136353, 0.10260918529497252
O83215,D,0.1789255440235138, 0.10505140614178446
O83215,S,0.09026047587394714, 0.0965597319106261
O83215,M,0.0452183298766613, 0.09660322446790007
O83215,Q,0.11975786834955215, 0.094889084291127
O83215,P,0.07621463388204575, 0.09637527809374863
O83215,T,0.06293544918298721, 0.08496035614775287
O83215,L,0.020753154531121254, 0.07953304114441077
O83215,S,0.1336621344089508, 0.0856849950634771
O83215,A,0.1396499127149582, 0.07396230225761731
O83215,G,0.076191246509552, 0.06745437387790945
O83215,D,0.041414640843868256, 0.06224482278856966
O83215,C,0.10058591514825821, 0.06426930179198583
O83215,V,0.014253633096814156, 0.05746964530812369
O83215,L,0.01764327846467495, 0.04572768550780085
O83215,A,0.016049489378929138, 0.04593953531649378
O83215,S,0.03897346556186676, 0.05321895538104905
O83215,S,0.07246522605419159, 0.05137815119491683
O83215,L,0.033972274512052536, 0.05469205126994186
O83215,F,0.07809789478778839, 0.0655842845638593
O83215,R,0.10692942142486572, 0.06788322288129064
O83215,F,0.08401867747306824, 0.07513588791092236
O83215,A,0.04407873377203941, 0.08483820946680175
O83215,R,0.11567337810993195, 0.08576837182044983
O83215,I,0.036739934235811234, 0.08139030842317475
O83215,K,0.10424745082855225, 0.07268878651989831
O83215,R,0.15978612005710602, 0.06510008871555328
O83215,G,0.042343735694885254, 0.06300022618638144
O83215,D,0.0386953242123127, 0.051836427197688155
O83215,L,0.02861572429537773, 0.054311072971257895
O83215,V,0.015720397233963013, 0.04911117452300257
O83215,L,0.025179971009492874, 0.04113907729172044
O83215,A,0.015199187211692333, 0.054451382305059165
O83215,T,0.05901174619793892, 0.06597503761036529
O83215,P,0.0574483647942543, 0.07683362677279446
O83215,L,0.08803724497556686, 0.09133712564491564
O83215,E,0.16215448081493378, 0.10247782110753986
O83215,K,0.14240822196006775, 0.11337095374862353
O83215,E,0.1263430267572403, 0.11314746489127477
O83215,D,0.1462518870830536, 0.11064882617857721
O83215,I,0.12544623017311096, 0.11409622720546192
O83215,G,0.11323738098144531, 0.10996179737978512
O83215,L,0.05700034648180008, 0.09667283213800854
O83215,F,0.03496061637997627, 0.08692028663224644
O83215,K,0.1190638542175293, 0.08463550814323956
O83215,R,0.12494461238384247, 0.07627180342872937
O83215,A,0.022807534784078598, 0.06529195875757271
O83215,M,0.03857011720538139, 0.0641632243576977
O83215,N,0.12568888068199158, 0.07003389650748836
O83215,A,0.05017288774251938, 0.061722541227936745
O83215,V,0.01441877894103527, 0.049988217651844025
O83215,L,0.046841736882925034, 0.052698961976501674
O83215,G,0.0877966657280922, 0.057340975436899394
O83215,F,0.04426165670156479, 0.05634279714690314
O83215,A,0.019335700199007988, 0.05920414378245672
O83215,S,0.04720423370599747, 0.06811471966405709
O83215,L,0.08034823834896088, 0.07964177160627312
O83215,Q,0.1167052760720253, 0.07714720794724093
O83215,L,0.07592500746250153, 0.08602626187105973
O83215,Y,0.09461396187543869, 0.09742823325925404
O83215,R,0.15058520436286926, 0.10263820654816097
O83215,P,0.06534559279680252, 0.1069280273384518
O83215,F,0.12417314201593399, 0.11077328440215853
O83215,G,0.12195344269275665, 0.12429848064978917
O83215,A,0.09409399330615997, 0.12595302280452517
O83215,A,0.11895662546157837, 0.12327344301674101
O83215,D,0.15131258964538574, 0.1250507334868113
O83215,R,0.19765177369117737, 0.12707980225483576
O83215,M,0.10950484126806259, 0.119493058986134
O83215,F,0.1264689862728119, 0.11500588597522841
O83215,S,0.0813412070274353, 0.1037672468357616
O83215,R,0.142434760928154, 0.09440505752960841
O83215,P,0.053672753274440765, 0.0795092061161995
O83215,Q,0.05370943620800972, 0.06840809413956271
O83215,M,0.01780887320637703, 0.0558520360953278
O83215,R,0.06705288589000702, 0.04830762236896488
O83215,R,0.06358911097049713, 0.03598063552959098
O83215,V,0.009594833478331566, 0.035286471972035036
O83215,V,0.013464463874697685, 0.038080526205400624
O83215,G,0.013441483490169048, 0.045830026993321046
O83215,L,0.031491879373788834, 0.04239111797263225
O83215,P,0.0474252812564373, 0.036087912869536214
O83215,G,0.07885592430830002, 0.04666060731849737
O83215,D,0.08755438029766083, 0.04747688982428776
O83215,T,0.03610270470380783, 0.0662226769555774
O83215,V,0.006860265042632818, 0.07395845460188058
O83215,Y,0.10474908351898193, 0.08343001387806402
O83215,M,0.020811006426811218, 0.08276519526003136
O83215,R,0.18215356767177582, 0.07428447183014618
O83215,D,0.10111387819051743, 0.07978443330567744
O83215,F,0.13266931474208832, 0.08096928697907263
O83215,V,0.07287255674600601, 0.08347338738126887
O83215,L,0.011227869428694248, 0.09020025500406821
O83215,Y,0.08560235798358917, 0.08520680800494221
O83215,V,0.01752394810318947, 0.08918653977000052
O83215,K,0.12728598713874817, 0.09424081662048896
O83215,P,0.08135281503200531, 0.10920432510061397
O83215,H,0.13721254467964172, 0.13367183547880915
O83215,G,0.13693146407604218, 0.14036524668335915
O83215,Q,0.17815780639648438, 0.14413134256998697
O83215,Q,0.20754413306713104, 0.14392150938510895
O83215,H,0.23143546283245087, 0.14235478142897287
O83215,F,0.14584305882453918, 0.14358678294552696
O83215,L,0.051418811082839966, 0.13658563792705536
O83215,T,0.1253974884748459, 0.1207481353647179
O83215,E,0.0672522634267807, 0.10770480376150873
O83215,F,0.14830055832862854, 0.08997715471519364
O83215,E,0.07392115890979767, 0.08774396239055528
O83215,V,0.03562028333544731, 0.09021210629079077
O83215,S,0.09015414863824844, 0.08556636133127743
O83215,A,0.07188662141561508, 0.08772323570317692
O83215,V,0.12574432790279388, 0.0745177660137415
O83215,S,0.07363210618495941, 0.08333541887501876
O83215,Y,0.08358578383922577, 0.08844131707317299
O83215,D,0.08666413277387619, 0.09007243211898538
O83215,V,0.02945133112370968, 0.09541140807171662
O83215,R,0.15328003466129303, 0.09675146453082561
O83215,K,0.08157336711883545, 0.10475161485373974
O83215,G,0.10483418405056, 0.1224921823789676
O83215,V,0.11993740499019623, 0.13447863422334194
O83215,L,0.13780483603477478, 0.1453523271613651
O83215,P,0.14563345909118652, 0.14365815619627634
O83215,E,0.24325089156627655, 0.1522687574227651
O83215,H,0.19454219937324524, 0.15762996673583984
O83215,W,0.12731456756591797, 0.15617867476410335
O83215,S,0.13803249597549438, 0.15154051449563768
O83215,E,0.1590687781572342, 0.1462684373060862
O83215,R,0.15308506786823273, 0.12903047104676565
O83215,L,0.10687577724456787, 0.11849803229173024
O83215,P,0.09606139361858368, 0.11867080960008833
O83215,F,0.09818476438522339, 0.1127446550461981
O83215,S,0.08810919523239136, 0.11370272520515654
O83215,G,0.09975025057792664, 0.11237332473198573
O83215,F,0.12886956334114075, 0.11163787460989422
O83215,M,0.08469710499048233, 0.11318692399395837
O83215,E,0.1676914095878601, 0.10537663971384366
O83215,E,0.14112046360969543, 0.10754948978622754
O83215,M,0.10025672614574432, 0.10887781406442325
O83215,Q,0.11000283807516098, 0.10223717697792584
O83215,L,0.027892205864191055, 0.10051844475997819
O83215,D,0.10766484588384628, 0.08399292992220984
O83215,E,0.11170516908168793, 0.06954510903192891
O83215,H,0.06910382956266403, 0.05900858792786797
O83215,S,0.06922851502895355, 0.04815150026438965
O83215,Y,0.018961776047945023, 0.04683995138232907
O83215,F,0.011090075597167015, 0.04076854444833265
O83215,V,0.005428036209195852, 0.03383230806017915
O83215,L,0.012289049103856087, 0.04126302789275845
O83215,C,0.016088265925645828, 0.042393117056538664
O83215,D,0.05302218347787857, 0.04962162937348088
O83215,N,0.04927904158830643, 0.051305522883517876
O83215,R,0.13598030805587769, 0.059194657330711685
O83215,I,0.07939931750297546, 0.06617587183912595
O83215,V,0.08401838690042496, 0.06720809141794841
O83215,S,0.0262451171875, 0.07625277588764827
O83215,S,0.07643024623394012, 0.07953297264046139
O83215,D,0.0751199796795845, 0.07295986347728306
O83215,S,0.025378242135047913, 0.07052598976426655
O83215,R,0.1344243437051773, 0.06488247629668978
O83215,L,0.07880081236362457, 0.06463074891103639
O83215,W,0.07682232558727264, 0.06697260298662716
O83215,G,0.057494454085826874, 0.06506861249605815
O83215,A,0.03322676569223404, 0.07243219017982483
O83215,I,0.02397957071661949, 0.0674642746647199
O83215,D,0.09750693291425705, 0.0660134247607655
O83215,G,0.057984065264463425, 0.05979345759583844
O83215,S,0.09165044128894806, 0.060482168570160866
O83215,T,0.08971310406923294, 0.05855470088620981
O83215,Q,0.06574316322803497, 0.06069799243575997
O83215,I,0.020842621102929115, 0.05116312226487531
O83215,K,0.0636928528547287, 0.05040841818683677
O83215,A,0.0158795565366745, 0.04377047655483087
O83215,K,0.04326919466257095, 0.046689880597922534
O83215,A,0.01169310137629509, 0.04777973165942563
O83215,F,0.05119172856211662, 0.05319425380892224
O83215,M,0.03190896660089493, 0.05436228298478656
O83215,R,0.11598774045705795, 0.05813646026783519
O83215,Y,0.0755518227815628, 0.06138429666558901
O83215,F,0.06957332044839859, 0.06598387865556611
O83215,P,0.07420511543750763, 0.06416469481256273
O83215,F,0.04984715208411217, 0.06724903898106681
O83215,G,0.07249972224235535, 0.06212686333391401
O83215,A,0.053089339286088943, 0.05706012787090407
O83215,F,0.03481907397508621, 0.04932975893219312
O83215,G,0.05966806411743164, 0.041084746105803385
O83215,V,0.0698881596326828, 0.035546173652013145
O83215,L,0.029951203614473343, 0.027490648958418105
O83238,M,0.06946629285812378, 0.056890946709447436
O83238,K,0.16073408722877502, 0.06010660404960314
O83238,Q,0.12845364212989807, 0.06651902861065334
O83238,G,0.09213462471961975, 0.07315015585886107
O83238,V,0.061229873448610306, 0.07618182649215062
O83238,F,0.028940916061401367, 0.07338259700271818
O83238,A,0.05771182104945183, 0.06789008279641469
O83238,A,0.05968014523386955, 0.05993652426534229
O83238,V,0.027285035699605942, 0.061520449817180634
O83238,F,0.04427322745323181, 0.0614413068526321
O83238,R,0.11130145937204361, 0.060036123626761966
O83238,I,0.05687161535024643, 0.05928014094630877
O83238,R,0.10638995468616486, 0.05750470525688595
O83238,E,0.06051758676767349, 0.06110545206401083
O83238,L,0.016294267028570175, 0.05720348801049921
O83238,R,0.05090797692537308, 0.047393838978475995
O83238,A,0.04370122402906418, 0.04355772501892514
O83238,R,0.05969175696372986, 0.03358557551271386
O83238,I,0.009155550971627235, 0.02850959450006485
O83238,F,0.023014618083834648, 0.029088519513607025
O83238,F,0.02234658971428871, 0.024567945239444573
O83238,T,0.01664060913026333, 0.02116239909082651
O83238,L,0.014833757653832436, 0.01586109348055389
O83238,S,0.021504592150449753, 0.01567868748679757
O83238,V,0.010222808457911015, 0.016036867319295805
O83238,L,0.013051308691501617, 0.019064268769903317
O83238,T,0.011980006471276283, 0.018643947990818158
O83238,V,0.007513897027820349, 0.018613779348217778
O83238,F,0.02623823657631874, 0.02125930625738369
O83238,R,0.04959320276975632, 0.025380810877929132
O83238,F,0.012857722118496895, 0.026676000147644017
O83238,G,0.014562239870429039, 0.03307982860133052
O83238,S,0.04531433433294296, 0.035031553357839584
O83238,V,0.04731635004281998, 0.044131128324402705
O83238,L,0.024708012118935585, 0.044995003276401095
O83238,T,0.0696144625544548, 0.048559914653499923
O83238,V,0.02507941983640194, 0.055032955275641546
O83238,P,0.10813441127538681, 0.060669570333427854
O83238,S,0.05736807733774185, 0.07791766689883338
O83238,V,0.04494192451238632, 0.0849831590635909
O83238,D,0.07281960546970367, 0.08118697193761666
O83238,P,0.09604386985301971, 0.08817883456746738
O83238,R,0.20254921913146973, 0.08772179525759485
O83238,A,0.08829744160175323, 0.0969536267220974
O83238,L,0.03544877842068672, 0.10213509740100966
O83238,S,0.08800618350505829, 0.1117706187069416
O83238,A,0.10402105748653412, 0.11593237726224793
O83238,Y,0.14045456051826477, 0.1074271553920375
O83238,F,0.09157516062259674, 0.11002709344029427
O83238,R,0.15953929722309113, 0.13016433517138162
O83238,S,0.13349969685077667, 0.1370463189151552
O83238,Q,0.1260022222995758, 0.14081385400560167
O83238,V,0.11169688403606415, 0.13778423683510888
O83238,R,0.21668395400047302, 0.13436398075686562
O83238,G,0.14994403719902039, 0.12106979638338089
O83238,N,0.13792887330055237, 0.1199926377998458
O83238,A,0.1131880059838295, 0.11330111738708284
O83238,F,0.06079285591840744, 0.10402296628389093
O83238,A,0.03989163786172867, 0.08604971091780397
O83238,D,0.12380526959896088, 0.07492118142545223
O83238,Y,0.06577853858470917, 0.061890131483475365
O83238,M,0.028193524107336998, 0.05158802535798815
O83238,D,0.054924655705690384, 0.0487053646809525
O83238,F,0.04978727176785469, 0.04730836674571037
O83238,F,0.020649423822760582, 0.0354091442293591
O83238,V,0.020469050854444504, 0.030164886886874836
O83238,G,0.034848909825086594, 0.031677102463112936
O83238,G,0.02731865644454956, 0.028753775275415845
O83238,A,0.016712266951799393, 0.024678580773373444
O83238,F,0.018580222502350807, 0.02418794658862882
O83238,S,0.04180346429347992, 0.02270152388761441
O83238,N,0.02861471101641655, 0.019988766974873014
O83238,F,0.013110521249473095, 0.019298063591122627
O83238,S,0.016233716160058975, 0.01876774275054534
O83238,V,0.007091246545314789, 0.01926353687627448
O83238,F,0.010434097610414028, 0.015418836950427957
O83238,M,0.02110232599079609, 0.016803762461576197
O83238,L,0.011939379386603832, 0.018385272473096848
O83238,G,0.02304236963391304, 0.020083037929402456
O83238,V,0.007201164960861206, 0.021353141508168645
O83238,M,0.04107904061675072, 0.024265299137267802
O83238,P,0.02734411135315895, 0.024678019289341237
O83238,Y,0.031513605266809464, 0.027419089650114376
O83238,I,0.018522178754210472, 0.027413790838585958
O83238,S,0.03664351627230644, 0.028045736977623567
O83238,T,0.024816807359457016, 0.025750578795042302
O83238,Q,0.03660901263356209, 0.03223227719879813
O83238,I,0.02299468033015728, 0.03131389773140351
O83238,L,0.012888680212199688, 0.03157976135197613
O83238,M,0.020422616973519325, 0.036100734335680805
O83238,Q,0.08567939698696136, 0.04228972095168299
O83238,L,0.02324819006025791, 0.04127033499793874
O83238,S,0.020914951339364052, 0.042470043835540615
O83238,M,0.0773322731256485, 0.052546894177794456
O83238,I,0.08051768690347672, 0.059651089625226125
O83238,V,0.027434539049863815, 0.05236696369118161
O83238,F,0.03379205986857414, 0.06090710043079323
O83238,P,0.10358033329248428, 0.07195466632644336
O83238,S,0.08436037600040436, 0.0670106125374635
O83238,L,0.020122263580560684, 0.06572235665387577
O83238,K,0.10010942071676254, 0.0808061237136523
O83238,K,0.12034304440021515, 0.08633517763680881
O83238,V,0.032835789024829865, 0.09132415842678812
O83238,V,0.06892338395118713, 0.08893094998266962
O83238,E,0.16318844258785248, 0.09255651550160514
O83238,D,0.08355354517698288, 0.09883900980154674
O83238,V,0.14848116040229797, 0.10494846767849392
O83238,G,0.06282150000333786, 0.11646350473165512
O83238,G,0.05275235325098038, 0.11302499680055512
O83238,R,0.15665186941623688, 0.10232528174916904
O83238,R,0.17532816529273987, 0.10083626417650117
O83238,R,0.13647112250328064, 0.08850508431593578
O83238,V,0.037976812571287155, 0.0843658610764477
O83238,Q,0.06689100712537766, 0.08551894024842316
O83238,F,0.0701523870229721, 0.07120373845100403
O83238,W,0.037500541657209396, 0.0527836587280035
O83238,T,0.025568490847945213, 0.038685700545708336
O83238,R,0.06313006579875946, 0.03547337930649519
O83238,V,0.02781505323946476, 0.03006687791397174
O83238,A,0.00954744778573513, 0.023908657125300832
O83238,T,0.009589498862624168, 0.02079653532968627
O83238,V,0.009065921418368816, 0.01891075022932556
O83238,F,0.018232494592666626, 0.013163999550872378
O83238,V,0.01472839992493391, 0.01464171562757757
O83238,C,0.009491445496678352, 0.01466670415053765
O83238,L,0.00859642494469881, 0.01595217165433698
O83238,I,0.011409309692680836, 0.016773158477412328
O83238,Q,0.04111449792981148, 0.01747367199924257
O83238,S,0.00977234449237585, 0.018541678475836914
O83238,S,0.02115870639681816, 0.02359490789886978
O83238,A,0.016454802826046944, 0.030388916325238016
O83238,V,0.024537116289138794, 0.033223608405225806
O83238,T,0.02434045821428299, 0.039460769647525415
O83238,V,0.05497051030397415, 0.05154365446004602
O83238,Y,0.06974250078201294, 0.057545988303091794
O83238,A,0.03692153841257095, 0.07336694333288404
O83238,N,0.09724894911050797, 0.08625446094406976
O83238,Q,0.11851830780506134, 0.08996011937657993
O83238,I,0.07517971098423004, 0.09290587198403147
O83238,P,0.15884339809417725, 0.09395187803440624
O83238,G,0.14052477478981018, 0.10130341971913974
O83238,A,0.057691384106874466, 0.10320357854167621
O83238,I,0.08148228377103806, 0.09983217095335324
O83238,V,0.0791565552353859, 0.10545711922976705
O83238,I,0.10308541357517242, 0.09124518516990873
O83238,Q,0.11435037851333618, 0.08065885346796778
O83238,S,0.08817563951015472, 0.08335474630196889
O83238,Y,0.12580424547195435, 0.07753287876645724
O83238,A,0.030935991555452347, 0.07049905839893553
O83238,V,0.04524778947234154, 0.06219456551803483
O83238,H,0.08195441961288452, 0.051859169784519404
O83238,L,0.029085475951433182, 0.043072565044793815
O83238,F,0.015852171927690506, 0.02995639170209567
O83238,V,0.028344977647066116, 0.028138597185413044
O83238,T,0.021331816911697388, 0.02408275246206257
O83238,M,0.009096196852624416, 0.01622244684646527
O83238,L,0.007758685387670994, 0.014396637574666075
O83238,T,0.014575840905308723, 0.014235993743770652
O83238,V,0.00874518696218729, 0.012245557270944118
O83238,T,0.011211669072508812, 0.011433025408122275
O83238,S,0.01265319250524044, 0.011193403405033879
O83238,G,0.014406377449631691, 0.011221764971398644
O83238,S,0.010431049391627312, 0.011435037840985589
O83238,M,0.014019030146300793, 0.012375018507656124
O83238,I,0.006939598824828863, 0.0118982734469076
O83238,T,0.00801393948495388, 0.011935207009729411
O83238,L,0.016495296731591225, 0.013593473419961002
O83238,W,0.0172050129622221, 0.016072296278758183
O83238,L,0.006920963525772095, 0.015397170920752816
O83238,G,0.01298559457063675, 0.02070182313521703
O83238,E,0.029330775141716003, 0.024932207125756476
O83238,Q,0.032740455120801926, 0.030980020347568724
O83238,I,0.00794290192425251, 0.03230179494453801
O83238,T,0.05468146875500679, 0.03305166742453972
O83238,A,0.046087395399808884, 0.0339381190844708
O83238,R,0.07092561572790146, 0.036056667669779725
O83238,G,0.02910098433494568, 0.03447950351983309
O83238,I,0.013669815845787525, 0.0343557834211323
O83238,G,0.02096365951001644, 0.030512570920917723
O83238,N,0.04839771240949631, 0.026288606122963958
O83238,G,0.018545977771282196, 0.019640756046606436
O83238,V,0.0068294210359454155, 0.017754486865467496
O83238,S,0.0200925562530756, 0.018083982066147856
O83238,M,0.008071712218225002, 0.01752157561067078
O83238,I,0.011094965040683746, 0.016272898866898484
O83238,I,0.012124561704695225, 0.01605832835452424
O83238,F,0.016635272651910782, 0.01642555474407143
O83238,S,0.015902001410722733, 0.018062138309081394
O83238,G,0.037159621715545654, 0.031482201173073716
O83238,I,0.016614843159914017, 0.031953548909061484
O83238,V,0.010134458541870117, 0.03439262302385436
O83238,A,0.03482180833816528, 0.04889843281772402
O83238,R,0.12885227799415588, 0.0514657236635685
O83238,L,0.01533709466457367, 0.04893562487430043
O83238,P,0.034076228737831116, 0.052410952332946986
O83238,H,0.14718756079673767, 0.06530548673537043
O83238,A,0.03900761902332306, 0.06520399120118883
O83238,L,0.014388732612133026, 0.055944731252060995
O83238,A,0.04789279028773308, 0.07089684613876873
O83238,E,0.12618526816368103, 0.08170787865916888
O83238,M,0.03390834853053093, 0.07090672188334995
O83238,W,0.045518938452005386, 0.07845245632860395
O83238,R,0.14990612864494324, 0.09355123920573129
O83238,L,0.1313755214214325, 0.09536648334728347
O83238,Q,0.049977149814367294, 0.10352988582518366
O83238,R,0.10691922903060913, 0.10542890512280995
O83238,L,0.150277778506279, 0.11069340548581547
O83238,G,0.06422998756170273, 0.09788544931345516
O83238,E,0.19965589046478271, 0.08657466206285688
O83238,L,0.05099952220916748, 0.08949894416663381
O83238,N,0.09289944171905518, 0.08212131261825562
O83238,M,0.03463452309370041, 0.06747379878328906
O83238,V,0.02957843616604805, 0.06284680279592673
O83238,F,0.07629568874835968, 0.043905524950888425
O83238,V,0.04052054509520531, 0.04060911883910497
O83238,I,0.01845015399158001, 0.031664230653809175
O83238,V,0.022587023675441742, 0.02990351648380359
O83238,A,0.029184389859437943, 0.02901572020103534
O83238,F,0.021331867203116417, 0.022216783319082525
O83238,V,0.012395448051393032, 0.019338179069260757
O83238,M,0.01878809556365013, 0.018947291187942028
O83238,F,0.021588269621133804, 0.018135467026796605
O83238,V,0.01510525681078434, 0.01665173253665368
O83238,G,0.014613106846809387, 0.015615365778406462
O83238,I,0.014932163059711456, 0.01595803608910905
O83238,I,0.015280606225132942, 0.015737893991172314
O83238,V,0.01583077944815159, 0.016252241304351225
O83238,L,0.012004566378891468, 0.016657498044272263
O83238,V,0.015479480847716331, 0.019210565731757216
O83238,V,0.016806816682219505, 0.022766353252033394
O83238,Y,0.026217395439743996, 0.022943472179273765
O83238,E,0.0187525674700737, 0.02833719975832436
O83238,Q,0.037590716034173965, 0.03700861127840148
O83238,Q,0.04693425074219704, 0.045466274643937744
O83238,G,0.016874676570296288, 0.04584202253156238
O83238,Q,0.06437432765960693, 0.05110722097257773
O83238,R,0.09004727005958557, 0.050535544028712645
O83238,K,0.09159845113754272, 0.055968074024551444
O83238,I,0.020188547670841217, 0.05957651479790608
O83238,P,0.07360418140888214, 0.06182176692204343
O83238,I,0.013607474975287914, 0.06742459525250727
O83238,H,0.08648348599672318, 0.07346947480820948
O83238,Y,0.07941021770238876, 0.0703462352976203
O83238,A,0.037081945687532425, 0.08284903224557638
O83238,R,0.11479978263378143, 0.08272242535733515
O83238,R,0.14445118606090546, 0.10043314554625088
O83238,V,0.06348929554224014, 0.10953740154703458
O83238,V,0.13271372020244598, 0.11145308406816588
O83238,G,0.072464719414711, 0.1192639668782552
O83238,R,0.17300395667552948, 0.11216776486900118
O83238,K,0.16842179000377655, 0.10332154151466158
O83238,M,0.0966513603925705, 0.11185127000013988
O83238,Y,0.10737989097833633, 0.10747542480627696
O83238,G,0.05093396455049515, 0.10788807107342614
O83238,G,0.06483517587184906, 0.1000221495827039
O83238,Q,0.1402568519115448, 0.08386269460121791
O83238,S,0.09333111345767975, 0.0794893821908368
O83238,T,0.07617853581905365, 0.07011455193989807
O83238,Y,0.10221066325902939, 0.07463133645554383
O83238,I,0.022986695170402527, 0.06904689346750577
O83238,P,0.05729154869914055, 0.05764130958252483
O83238,F,0.023006418719887733, 0.053385122368733086
O83238,K,0.09158502519130707, 0.047472635904947914
O83238,I,0.014575188979506493, 0.0380463068270021
O83238,N,0.03760659694671631, 0.037631928713785276
O83238,P,0.05502542853355408, 0.03502239887085226
O83238,S,0.022966157644987106, 0.03718093617094888
O83238,G,0.01737370155751705, 0.030767235491010878
O83238,V,0.01925729215145111, 0.03160293959081173
O83238,I,0.03380578011274338, 0.02933759056031704
O83238,P,0.042433254420757294, 0.024446771687103644
O83238,I,0.03386171907186508, 0.026644544779426522
O83238,I,0.022096525877714157, 0.028180836906863585
O83238,F,0.0172184556722641, 0.026997987491389114
O83238,A,0.011008058674633503, 0.024497563640276592
O83238,S,0.04274611547589302, 0.024954308652215533
O83238,S,0.031200330704450607, 0.023591484253605206
O83238,F,0.0086116474121809, 0.022719480097293854
O83238,L,0.011301965452730656, 0.025770672493510775
O83238,T,0.04654395952820778, 0.03152974643227127
O83238,F,0.02159629948437214, 0.02819544232139985
O83238,P,0.01424848847091198, 0.026230865054660372
O83238,L,0.0446791872382164, 0.03487224566439787
O83238,Q,0.06283972412347794, 0.03909131936315033
O83238,I,0.012737378478050232, 0.03847600198868248
O83238,A,0.013519135303795338, 0.04334393050521612
O83238,S,0.08638407289981842, 0.0591093675336904
O83238,S,0.04927362874150276, 0.08094986621290445
O83238,I,0.04100610315799713, 0.08190650089333455
O83238,G,0.0654076561331749, 0.10688871155596441
O83238,P,0.15613742172718048, 0.11274757857124011
O83238,N,0.24124367535114288, 0.10660018771886826
O83238,V,0.07144943624734879, 0.1205720491707325
O83238,R,0.23757727444171906, 0.13044828383458984
O83238,F,0.06624893844127655, 0.12532049169143042
O83238,L,0.031057555228471756, 0.11473247781395912
O83238,H,0.17502038180828094, 0.10601980860034625
O83238,Q,0.12989221513271332, 0.10516989603638649
O83238,L,0.019257526844739914, 0.08146750575138463
O83238,A,0.06084529682993889, 0.08638017355567879
O83238,Q,0.16282965242862701, 0.09298105061882073
O83238,F,0.06380022317171097, 0.084781170098318
O83238,L,0.02425576187670231, 0.07514457342525323
O83238,R,0.11046294867992401, 0.07704976097577149
O83238,P,0.09046544879674911, 0.07421692233118746
O83238,N,0.10122145712375641, 0.06263015315764481
O83238,S,0.04316284507513046, 0.060489956910411515
O83238,W,0.036404214799404144, 0.059082464004556336
O83238,W,0.03534974902868271, 0.04892797167930338
O83238,Y,0.05854872986674309, 0.045087141916155815
O83238,N,0.044538456946611404, 0.035462236342330776
O83238,A,0.0115883257240057, 0.03213735297322273
O83238,F,0.0190725177526474, 0.030158805143502023
O83238,Y,0.05589798092842102, 0.028401559218764305
O83238,V,0.014597306959331036, 0.024156457020176783
O83238,V,0.013238894753158092, 0.021397050884034898
O83238,L,0.018597284331917763, 0.021735481814377837
O83238,I,0.019534535706043243, 0.021632073550588556
O83238,V,0.020342810079455376, 0.019580889389746718
O83238,F,0.019703801721334457, 0.020620369041959446
O83238,F,0.014634204097092152, 0.022765638410217233
O83238,A,0.018141843378543854, 0.023979910442398653
O83238,Y,0.0374373234808445, 0.02880121757172876
O83238,F,0.023952623829245567, 0.030184110937019188
O83238,Y,0.03254631906747818, 0.03318610921916035
O83238,T,0.02952573262155056, 0.03733171564009455
O83238,Q,0.06292629987001419, 0.0457210602859656
O83238,V,0.032788850367069244, 0.04617346657647027
O83238,T,0.04672178626060486, 0.05149690744777521
O83238,L,0.051944661885499954, 0.05941187197135554
O83238,N,0.09364594519138336, 0.06045150715443823
O83238,P,0.041508980095386505, 0.05587701913383272
O83238,T,0.07186359167098999, 0.06294995215204027
O83238,E,0.10378099977970123, 0.06624841772847706
O83238,I,0.03888244926929474, 0.06328871432277891
O83238,A,0.02175590768456459, 0.06368983454174465
O83238,K,0.0964452475309372, 0.0735986257592837
O83238,Q,0.07640797644853592, 0.0756816640496254
O83238,I,0.02530733123421669, 0.0679349121120241
O83238,R,0.09725602716207504, 0.06789400428533554
O83238,E,0.13068810105323792, 0.07804164497388734
O83238,N,0.09061093628406525, 0.07121426322393948
O83238,G,0.03406023234128952, 0.07198737851447529
O83238,G,0.03851427882909775, 0.07266416317886776
O83238,T,0.11308467388153076, 0.068446500847737
O83238,I,0.0349988117814064, 0.06671595863170093
O83238,P,0.0833660140633583, 0.06694055472811063
O83238,G,0.03139839321374893, 0.07494669117861325
O83238,I,0.05929706618189812, 0.0800261360903581
O83238,R,0.11511322110891342, 0.07743953872058126
O83238,A,0.09263230115175247, 0.08717276280124982
O83238,D,0.10611546039581299, 0.09185788904627164
O83238,K,0.08422928303480148, 0.0969382950829135
O83238,T,0.08980529755353928, 0.09305305841068427
O83238,E,0.1225978285074234, 0.09304785459405845
O83238,E,0.1255321502685547, 0.0929480159862174
O83238,Y,0.0771220475435257, 0.08467081168459521
O83238,L,0.024329936131834984, 0.07806439987487263
O83238,Q,0.11506638675928116, 0.07422428081432979
O83238,G,0.09173375368118286, 0.06587369243303935
O83238,I,0.03162062168121338, 0.05390412070684963
O83238,L,0.02477157674729824, 0.048293021197120346
O83238,N,0.05524422600865364, 0.04879181149105231
O83238,R,0.04744253307580948, 0.0386470885326465
O83238,L,0.017806004732847214, 0.030760958169897396
O83238,V,0.02662215195596218, 0.028493682336476114
O83238,L,0.028819048777222633, 0.026900828298595216
O83238,P,0.023763880133628845, 0.0224554224146737
O83238,G,0.020758580416440964, 0.019319056015875604
O83238,S,0.01121513918042183, 0.01872177639355262
O83238,L,0.010435890406370163, 0.016757833150525887
O83238,Y,0.015235573053359985, 0.014611860737204552
O83238,L,0.019215235486626625, 0.013652058939139048
O83238,G,0.012430488131940365, 0.013267284466160668
O83238,M,0.00894666276872158, 0.012706321715894673
O83238,I,0.009505297057330608, 0.013830244075506926
O83238,A,0.015125663951039314, 0.0169414595907761
O83238,V,0.017295610159635544, 0.016036467988871865
O83238,L,0.006166474428027868, 0.015875210105958912
O83238,P,0.02055119164288044, 0.022078312881704833
O83238,T,0.04323651269078255, 0.02637524080152313
O83238,L,0.011070311069488525, 0.02815554254791803
O83238,I,0.010979167185723782, 0.030285295150760148
O83238,Q,0.06477458775043488, 0.03811762844108873
O83238,A,0.04817764833569527, 0.039693877204424806
O83238,A,0.031148379668593407, 0.04540331961794032
O83238,F,0.036463383585214615, 0.05596674119846688
O83238,G,0.07665747404098511, 0.06317680639525254
O83238,F,0.03473743051290512, 0.06049841952820619
O83238,P,0.09462149441242218, 0.05946763460006979
O83238,S,0.1061411052942276, 0.06605518153972095
O83238,S,0.07586975395679474, 0.06670858255690998
O83238,I,0.04066910594701767, 0.060917851618594594
O83238,S,0.03890058398246765, 0.06148513303034835
O83238,L,0.09043630212545395, 0.05324789426392979
O83238,L,0.04234399273991585, 0.04439327555398146
O83238,M,0.024540895596146584, 0.039715866868694626
O83238,G,0.039842963218688965, 0.03795880451798439
O83238,G,0.020486345514655113, 0.03526259482734733
O83238,T,0.02644953690469265, 0.028007952496409416
O83238,S,0.03377307578921318, 0.02665874796609084
O83238,L,0.024855544790625572, 0.025829593340555828
O83238,L,0.014634696766734123, 0.02548652349246873
O83238,I,0.02514452114701271, 0.026105833964215383
O83238,L,0.030201151967048645, 0.025955629017617967
O83238,V,0.017078503966331482, 0.02556741817129983
O83238,G,0.036755334585905075, 0.028669228363368247
O83238,V,0.026060139760375023, 0.029446102264854643
O83238,D,0.025097692385315895, 0.029132845501104992
O83238,L,0.03027917817234993, 0.03142043575644493
O83238,D,0.05277183651924133, 0.03406137600541115
O83238,T,0.021626561880111694, 0.03191773076024321
O83238,M,0.02232521027326584, 0.037331936260064445
O83238,S,0.05078946426510811, 0.03813200009365877
O83238,Q,0.040846966207027435, 0.04055183194577694
O83238,I,0.017462527379393578, 0.03976584950255023
O83238,E,0.07478798925876617, 0.0455125096357531
O83238,A,0.032298266887664795, 0.048501500859856606
O83238,Q,0.0520576648414135, 0.0610186844650242
O83238,L,0.04569799453020096, 0.06946806920071442
O83238,K,0.07334650307893753, 0.07985964086320665
O83238,M,0.04922613129019737, 0.08875026471085018
O83238,R,0.16344411671161652, 0.097505831056171
O83238,Q,0.11689142882823944, 0.10689663597279125
O83238,R,0.11098667234182358, 0.11321985597411792
O83238,E,0.15480360388755798, 0.11864407153593169
O83238,G,0.11109836399555206, 0.1376254359881083
O83238,L,0.1365749090909958, 0.1329759789837731
O83238,G,0.10260697454214096, 0.1397596018181907
O83238,G,0.12216444313526154, 0.14179580989811155
O83238,R,0.220058411359787, 0.13908328860998154
O83238,G,0.12159900367259979, 0.14205251551336712
O83238,K,0.17794403433799744, 0.1491545463601748
O83238,V,0.12931254506111145, 0.14998383902841145
O83238,L,0.13039091229438782, 0.1516162215007676
O83238,P,0.13782140612602234, 0.1436115726828575
O83238,R,0.20049318671226501, 0.1443790089752939
O83238,I,0.1100706085562706, 0.1395037000377973
O83238,C,0.13685588538646698, 0.1362004652619362
O83238,S,0.1480165719985962, 0.14081904374890858
O83238,G,0.12850593030452728, 0.14245177391502592
O83238,Y,0.13406625390052795, 0.1343672995766004
O83238,L,0.09958343207836151, 0.13098588668637806
O83238,R,0.17195811867713928, 0.12738705509238774
O83238,K,0.1525159776210785, 0.12431363678640789
O83238,D,0.12773291766643524, 0.12121065623230404
O83238,V,0.07963789254426956, 0.10631440579891205
O83238,Y,0.10446640104055405, 0.09524958001242743
O83238,E,0.12035580724477768, 0.07614312238163418
O83238,E,0.10057910531759262, 0.059196902645958796
O83247,M,0.10070054233074188, 0.06047844969564014
O83247,I,0.09375566244125366, 0.06663331141074498
O83247,R,0.12556061148643494, 0.07104417930046718
O83247,R,0.11249951273202896, 0.07459083654814297
O83247,R,0.11178971827030182, 0.07851876359846857
O83247,L,0.055393755435943604, 0.07309927046298981
O83247,A,0.039697811007499695, 0.06550986671613322
O83247,I,0.03191991522908211, 0.054489652108814984
O83247,V,0.03535134345293045, 0.04612766351136896
O83247,K,0.05192510411143303, 0.036913266198502645
O83247,A,0.02545102871954441, 0.03278871708446079
O83247,G,0.026378680020570755, 0.03110202567444907
O83247,S,0.0372416153550148, 0.03135222941637039
O83247,F,0.028860142454504967, 0.030300628393888474
O83247,A,0.01827281340956688, 0.027244642997781437
O83247,L,0.024517588317394257, 0.028820821808444128
O83247,L,0.03417174890637398, 0.030774947255849838
O83247,A,0.025886934250593185, 0.033174452682336174
O83247,L,0.02442123554646969, 0.034399680172403656
O83247,F,0.03963663801550865, 0.038322235768040024
O83247,F,0.04396580904722214, 0.04257294349372387
O83247,S,0.0588371641933918, 0.054107572676406965
O83247,I,0.039887189865112305, 0.06107352322174443
O83247,F,0.05357581377029419, 0.06352487578988075
O83247,L,0.06277395784854889, 0.06779872874418895
O83247,R,0.13798341155052185, 0.0779197836915652
O83247,F,0.08858048915863037, 0.08960904719101058
O83247,L,0.04648340865969658, 0.09803494355744785
O83247,S,0.07810131460428238, 0.10283675914009412
O83247,P,0.1350553035736084, 0.1053689391248756
O83247,R,0.16404053568840027, 0.09606907020012538
O83247,Y,0.11572025716304779, 0.09833982172939512
O83247,S,0.09679215401411057, 0.11143788819511731
O83247,F,0.08556357771158218, 0.11309374744693439
O83247,L,0.05428459122776985, 0.10362528719835812
O83247,G,0.1090172529220581, 0.09488178085949686
O83247,R,0.1643660068511963, 0.09429988885919253
O83247,F,0.09300404787063599, 0.09848531128631698
O83247,V,0.04983916133642197, 0.09860961263378461
O83247,S,0.08534897863864899, 0.09986339923408297
O83247,A,0.11048322916030884, 0.09932128340005875
O83247,R,0.1344609558582306, 0.095836507777373
O83247,D,0.0866822898387909, 0.09266266723473866
O83247,M,0.06556867063045502, 0.09904002646605174
O83247,A,0.10413821041584015, 0.10120454761717054
O83247,L,0.13300302624702454, 0.10582402514086829
O83247,L,0.06443948298692703, 0.10158804059028625
O83247,I,0.1072353944182396, 0.10864899224705166
O83247,S,0.10482966899871826, 0.11693969865640004
O83247,R,0.15205852687358856, 0.11451224237680435
O83247,Y,0.09633709490299225, 0.11139663557211558
O83247,E,0.15023085474967957, 0.12245496693584654
O83247,H,0.14018502831459045, 0.11729817133810785
O83247,L,0.08229110389947891, 0.11475119863947232
O83247,P,0.10496256500482559, 0.10702286205357975
O83247,E,0.16396446526050568, 0.10764049531684981
O83247,L,0.060824234038591385, 0.09763427823781967
O83247,S,0.08190691471099854, 0.09449778331650628
O83247,S,0.08250349760055542, 0.08821339553429021
O83247,R,0.10189579427242279, 0.07993041206565168
O83247,D,0.06017490103840828, 0.0650640328725179
O83247,R,0.11195657402276993, 0.06265616168578465
O83247,A,0.025731613859534264, 0.05656729286743535
O83247,L,0.030415713787078857, 0.04998522251844406
O83247,L,0.030167052522301674, 0.041566694362296
O83247,V,0.03915339335799217, 0.03791551374726825
O83247,G,0.02710709534585476, 0.02796251057750649
O83247,F,0.023264864459633827, 0.027592363870806165
O83247,V,0.026129040867090225, 0.027891065925359726
O83247,F,0.02731427550315857, 0.027594204992055893
O83247,M,0.022379545494914055, 0.027107971409956615
O83247,I,0.02240029349923134, 0.026885474514630105
O83247,F,0.03310403227806091, 0.028328328496880002
O83247,A,0.027495304122567177, 0.03186525901158651
O83247,L,0.03477729111909866, 0.03536777777804269
O83247,A,0.025104623287916183, 0.03741227235231134
O83247,L,0.03625055029988289, 0.04282987552384535
O83247,T,0.057961415499448776, 0.051023685476846166
O83247,E,0.05883694440126419, 0.058953666852580175
O83247,I,0.040779996663331985, 0.05985127927528487
O83247,Q,0.07115872204303741, 0.0699976450867123
O83247,R,0.1068483218550682, 0.07543808842698733
O83247,Y,0.09886513650417328, 0.08352248701784346
O83247,A,0.04285580292344093, 0.08509822603729036
O83247,H,0.11642191559076309, 0.09536625651849641
O83247,G,0.0852145403623581, 0.09773046233587795
O83247,R,0.13072100281715393, 0.09640999345315827
O83247,I,0.07301859557628632, 0.09687289305859142
O83247,R,0.1331922709941864, 0.10560319407118691
O83247,L,0.09243657439947128, 0.10958083801799351
O83247,V,0.09496410191059113, 0.11367470688290066
O83247,V,0.1030312329530716, 0.10889123462968403
O83247,Y,0.12142851203680038, 0.1117410237590472
O83247,R,0.1522207111120224, 0.10520978685882357
O83247,Q,0.12205936014652252, 0.1100888384713067
O83247,T,0.0876697525382042, 0.10482029699616963
O83247,E,0.09866669774055481, 0.09927401815851529
O83247,T,0.07441113889217377, 0.10004514745540088
O83247,R,0.13634803891181946, 0.09342988373504744
O83247,L,0.04754722863435745, 0.08230563584301206
O83247,F,0.05311472341418266, 0.07756692088312572
O83247,E,0.12836867570877075, 0.07393167499038908
O83247,H,0.0926833376288414, 0.07391234984000523
O83247,F,0.021941129118204117, 0.060137228212422796
O83247,I,0.04502131789922714, 0.06954964188237985
O83247,T,0.06594948470592499, 0.07970231833557288
O83247,L,0.07423721253871918, 0.07218097916079892
O83247,L,0.012371944263577461, 0.08150588824517196
O83247,R,0.13225895166397095, 0.09573591728177336
O83247,F,0.14448881149291992, 0.1011514255983962
O83247,C,0.06067662313580513, 0.1075583528727293
O83247,Y,0.17660751938819885, 0.10839929410980807
O83247,R,0.15001139044761658, 0.1085670008841488
O83247,N,0.0937608927488327, 0.098226356630524
O83247,E,0.12361183017492294, 0.0895381501565377
O83247,Q,0.08180568367242813, 0.0870977911270327
O83247,L,0.013881305232644081, 0.0689897910795278
O83247,V,0.039193153381347656, 0.058336679409775466
O83247,A,0.06629495322704315, 0.06286875665601757
O83247,A,0.03871339187026024, 0.05415360225985447
O83247,F,0.013635518960654736, 0.04707712380008565
O83247,Q,0.05413338541984558, 0.061678644787106246
O83247,E,0.1345495879650116, 0.07189610776387984
O83247,V,0.04517544060945511, 0.07608650386747387
O83247,L,0.018117377534508705, 0.0778915241567625
O83247,E,0.14529499411582947, 0.08740378274685806
O83247,Y,0.13115032017230988, 0.08410150702628824
O83247,R,0.1040085181593895, 0.0745076568176349
O83247,A,0.05495857447385788, 0.07101021820886268
O83247,D,0.09924584627151489, 0.07294927630573511
O83247,C,0.02441290393471718, 0.05861003583090173
O83247,A,0.0482049360871315, 0.05109606321073241
O83247,V,0.013698493130505085, 0.047915152894953884
O83247,L,0.035568900406360626, 0.0488976634417971
O83247,L,0.016241829842329025, 0.05093891970399353
O83247,M,0.06352456659078598, 0.060155374411907464
O83247,D,0.07538032531738281, 0.06674972518036763
O83247,T,0.06380116939544678, 0.07776660513546732
O83247,I,0.1176171526312828, 0.08105368953612116
O83247,S,0.10736099630594254, 0.08514298333062066
O83247,N,0.10755409300327301, 0.08730938368373448
O83247,R,0.11285041272640228, 0.08839120384719637
O83247,V,0.06515266001224518, 0.09107058495283127
O83247,I,0.053045473992824554, 0.08964130696323183
O83247,Y,0.08302216976881027, 0.08758086131678687
O83247,N,0.08511670678853989, 0.09962607423464458
O83247,S,0.08791559934616089, 0.10234754118654463
O83247,A,0.10475365072488785, 0.10780417008532418
O83247,A,0.08881698548793793, 0.1147341455022494
O83247,R,0.2159610092639923, 0.12038499448034498
O83247,F,0.1373436152935028, 0.12214255250162548
O83247,V,0.11426232010126114, 0.13446099476681816
O83247,S,0.11541525274515152, 0.13298279957638848
O83247,D,0.13387981057167053, 0.1399226196938091
O83247,T,0.10093472898006439, 0.13158238679170609
O83247,R,0.1987815797328949, 0.12745732317368189
O83247,T,0.09144989401102066, 0.12362691180573569
O83247,Y,0.1512753665447235, 0.12046027349101172
O83247,D,0.1408989131450653, 0.12645814650588566
O83247,L,0.1002180427312851, 0.13275825480620065
O83247,V,0.07978861778974533, 0.12294625408119625
O83247,L,0.0869155079126358, 0.12686028331518173
O83247,H,0.1878606677055359, 0.12484276377492481
O83247,K,0.15763570368289948, 0.12634722474548551
O83247,F,0.11047357320785522, 0.13193832420640522
O83247,S,0.12667615711688995, 0.1354309833712048
O83247,M,0.1331176906824112, 0.14361322091685402
O83247,D,0.1544390618801117, 0.13799841701984406
O83247,Y,0.15053793787956238, 0.1370474530590905
O83247,T,0.11122255027294159, 0.1374971924556626
O83247,W,0.1605556458234787, 0.13855116152101093
O83247,H,0.1373274326324463, 0.13457468152046204
O83247,W,0.14907702803611755, 0.12630775074164072
O83247,S,0.11452122777700424, 0.12132425357898076
O83247,D,0.13616187870502472, 0.11861991302834617
O83247,G,0.09732937067747116, 0.11011650496058994
O83247,I,0.08003668487071991, 0.11082947254180908
O83247,Y,0.10568646341562271, 0.10888579487800598
O83247,F,0.08688348531723022, 0.10885338568025166
O83247,F,0.08402497321367264, 0.10373340629869038
O83247,D,0.14374414086341858, 0.10468948052989112
O83247,D,0.13158392906188965, 0.10677090535561244
O83247,D,0.11422954499721527, 0.10703344229194853
O83247,L,0.0900820642709732, 0.11009684287839466
O83247,C,0.1059340387582779, 0.12072610192828709
O83247,L,0.09876950830221176, 0.1304337117407057
O83247,M,0.10804929584264755, 0.14133164286613464
O83247,S,0.11445409059524536, 0.15465367171499464
O83247,D,0.17968830466270447, 0.14927842509415415
O83247,R,0.23111262917518616, 0.1502422396507528
O83247,R,0.22966530919075012, 0.14223928335640165
O83247,R,0.23412780463695526, 0.13380173055662048
O83247,A,0.04170484468340874, 0.1262884040673574
O83247,R,0.11460836976766586, 0.10988697657982509
O83247,G,0.026742901653051376, 0.0917881578207016
O83247,V,0.03211132064461708, 0.07366680519448386
O83247,C,0.046834152191877365, 0.059440281656053334
O83247,L,0.03207545727491379, 0.07457085657450888
O83247,S,0.0682232603430748, 0.07101778893007173
O83247,S,0.0665731355547905, 0.08187384986215168
O83247,G,0.10608909279108047, 0.08016759260661072
O83247,E,0.17788001894950867, 0.07939871711035569
O83247,L,0.08263076096773148, 0.07775694028370911
O83247,R,0.12444745004177094, 0.0745821071581708
O83247,L,0.016755005344748497, 0.07584036369290617
O83247,F,0.03991427272558212, 0.08086740867131287
O83247,I,0.017299465835094452, 0.08277147739297813
O83247,V,0.03964976221323013, 0.08771195987032519
O83247,C,0.07789744436740875, 0.09745629111097918
O83247,R,0.15133249759674072, 0.11167534275187387
O83247,F,0.19501663744449615, 0.12238967253102197
O83247,I,0.12709510326385498, 0.13209441552559534
O83247,R,0.21214643120765686, 0.15127380854553646
O83247,A,0.1447264701128006, 0.15619642370276982
O83247,V,0.13634324073791504, 0.14588374520341554
O83247,E,0.10464215278625488, 0.12719704107277924
O83247,R,0.2122642993927002, 0.12106708168155617
O83247,E,0.12220098078250885, 0.1033533966789643
O83247,V,0.058518391102552414, 0.08923518616292211
O83247,I,0.026836300268769264, 0.07821185597115093
O83247,S,0.07192546874284744, 0.07659789878461096
O83247,L,0.05272326618432999, 0.059410807573133044
O83247,L,0.017662575468420982, 0.047463088813755244
O83247,F,0.037133269011974335, 0.04927380051877764
O83247,K,0.09011653810739517, 0.055299459853106074
O83247,E,0.057580478489398956, 0.0532627927346362
O83247,F,0.014671511948108673, 0.050658653386765055
O83247,E,0.0748147964477539, 0.05875730887055397
O83247,E,0.08106723427772522, 0.06372063979506493
O83247,Y,0.053595464676618576, 0.059542150133185916
O83247,L,0.029286012053489685, 0.06540977458159129
O83247,N,0.09055047482252121, 0.07244023101197349
O83247,R,0.08180324733257294, 0.07050237556298573
O83247,K,0.052510131150484085, 0.07023422006103727
O83247,R,0.1103890985250473, 0.07441180406345262
O83247,N,0.07794561982154846, 0.0802622019416756
O83247,M,0.057374097406864166, 0.0791767036749257
O83247,S,0.07865383476018906, 0.08250693438781632
O83247,T,0.09119372069835663, 0.08728490604294671
O83247,L,0.08193959295749664, 0.08168248583873113
O83247,L,0.080780990421772, 0.08373788413074282
O83247,L,0.11177532374858856, 0.08479003028737174
O83247,Y,0.09551187604665756, 0.08874720666143629
O83247,S,0.059967316687107086, 0.09088354971673754
O83247,H,0.09644420444965363, 0.09034039245711432
O83247,V,0.0668434128165245, 0.08681507656971614
O83247,S,0.11426842212677002, 0.08282488336165746
O83247,Q,0.11042080819606781, 0.08049064460727903
O83247,E,0.07705117762088776, 0.07564391423430708
O83247,W,0.04905314743518829, 0.06910707532531685
O83247,A,0.07586358487606049, 0.07947211029628913
O83247,M,0.07450372725725174, 0.06952143895129363
O83247,M,0.01634674333035946, 0.06150316633284092
O83247,A,0.03761265426874161, 0.06606808408266968
O83247,R,0.16012872755527496, 0.06693808092839187
O83247,V,0.02471238002181053, 0.06250267041226228
O83247,Q,0.03825635462999344, 0.05804725508722994
O83247,R,0.11813543736934662, 0.06334980535838339
O83247,A,0.05688311904668808, 0.06992677475015323
O83247,L,0.03594489023089409, 0.06495853223734432
O83247,L,0.03440498933196068, 0.06899356428119871
O83247,P,0.06406969577074051, 0.0745023207532035
O83247,K,0.0968053787946701, 0.08137125935819414
O83247,A,0.11541454493999481, 0.08131878491905001
O83247,L,0.06102766841650009, 0.0925248625377814
O83247,P,0.0878351628780365, 0.10005157026979658
O83247,H,0.1799558848142624, 0.09543022699654102
O83247,T,0.05641084909439087, 0.0913297018657128
O83247,K,0.13679958879947662, 0.0814261610309283
O83247,E,0.10214535892009735, 0.07743878662586212
O83247,I,0.022477606311440468, 0.06968619322611226
O83247,C,0.05990065261721611, 0.05764429084956646
O83247,V,0.026282677426934242, 0.06072703479892678
O83247,G,0.02514129877090454, 0.05643695158263048
O83247,A,0.018061822280287743, 0.053946141360534564
O83247,F,0.07157876342535019, 0.05752766670452224
O83247,Y,0.08415554463863373, 0.06574596878555086
O83247,Q,0.0981888398528099, 0.0813788322524892
O83247,P,0.07972806692123413, 0.08451624856226975
O83247,L,0.05471133440732956, 0.08842540201213625
O83247,V,0.1338653713464737, 0.08604735549953249
O83247,N,0.16697844862937927, 0.08959057927131653
O83247,V,0.05337804555892944, 0.08222262768281831
O83247,S,0.053244203329086304, 0.07940925285220146
O83247,G,0.05017634481191635, 0.08113618567585945
O83247,D,0.1160445585846901, 0.06802453721563022
O83247,Y,0.03187727555632591, 0.05743203519119157
O83247,Y,0.054407693445682526, 0.06454296037554741
O83247,D,0.07025372982025146, 0.06430878366033237
O83247,V,0.015860535204410553, 0.06849642470479012
O83247,I,0.07164593040943146, 0.07583531530367003
O83247,S,0.11737637221813202, 0.0870235413312912
O83247,I,0.05113661289215088, 0.0908596341808637
O83247,D,0.08786511421203613, 0.0874942685994837
O83247,E,0.18209457397460938, 0.08811135817733076
O83247,H,0.13257130980491638, 0.08123704708284801
O83247,L,0.08893252909183502, 0.06969655750112401
O83247,F,0.0399654395878315, 0.06647477371411191
O83247,L,0.021414341405034065, 0.05859341979440716
O83247,F,0.0097771305590868, 0.04587223060015175
O83247,V,0.013511965982615948, 0.03464327266232835
O83247,I,0.022140558809041977, 0.03578052017837763
O83247,G,0.016932928934693336, 0.037863627593550414
O83247,D,0.06760387122631073, 0.04756200344612201
O83247,V,0.03151068836450577, 0.05122663960274723
O83247,S,0.09916775673627853, 0.05598102489279376
O83247,G,0.0587134063243866, 0.05919839586648676
O83247,K,0.1086997240781784, 0.06086509095297919
O83247,G,0.04275885596871376, 0.05987598995367686
O83247,L,0.056301433593034744, 0.0587890748348501
O83247,A,0.051096897572278976, 0.05271544514430894
O83247,A,0.03193318471312523, 0.049914987136920295
O83247,S,0.05870196223258972, 0.043385623229874506
O83247,L,0.021728452295064926, 0.045327096349663205
O83247,V,0.04450508952140808, 0.0432872511446476
O83247,M,0.033509284257888794, 0.04663563354147805
O83247,G,0.04993544891476631, 0.04867804795503616
O83247,V,0.06023211404681206, 0.04569017969899707
O83247,V,0.03794282674789429, 0.04555021288494269
O83247,L,0.08123233914375305, 0.0597387972391314
O83247,S,0.05031491443514824, 0.06383410323825148
O83247,T,0.031811147928237915, 0.06314760467244519
O83247,I,0.020468750968575478, 0.0661483562240998
O83247,R,0.17220234870910645, 0.07996148760947916
O83247,I,0.07036703824996948, 0.09467843568159474
O83247,V,0.043756961822509766, 0.10775740382572015
O83247,E,0.08723887801170349, 0.12249229289591312
O83247,D,0.1622610092163086, 0.12717725584904352
O83247,K,0.21368487179279327, 0.12596790244181952
O83247,K,0.16802562773227692, 0.13464301741785473
O83247,N,0.16442514955997467, 0.13326141527957386
O83247,L,0.06263341754674911, 0.12544109693004024
O83247,P,0.16131816804409027, 0.12189327946139707
O83247,E,0.1484430730342865, 0.10531459521088335
O83247,I,0.03132254257798195, 0.08835999088154899
O83247,L,0.016856012865900993, 0.07620118723975287
O83247,Y,0.1303306519985199, 0.08363915400372611
O83247,A,0.06447671353816986, 0.06971036021908124
O83247,V,0.015434188768267632, 0.056234426589475736
O83247,D,0.05499591678380966, 0.0681794122275379
O83247,R,0.12957511842250824, 0.08413487714197901
O83247,A,0.03595902398228645, 0.0790552550719844
O83247,V,0.027159670367836952, 0.08768871633542909
O83247,K,0.13882741332054138, 0.09547423964573278
O83247,R,0.16045519709587097, 0.11321832467284468
O83247,M,0.08461405336856842, 0.12107282442351182
O83247,H,0.14217786490917206, 0.14123625246187052
O83247,L,0.08550389856100082, 0.1569865337676472
O83247,H,0.21469268202781677, 0.14558363871441948
O83247,D,0.20026561617851257, 0.13306104847126538
O83247,K,0.21742987632751465, 0.1252514694093002
O83247,Y,0.16891220211982727, 0.11122432547724909
O83247,T,0.0362013578414917, 0.10304513873739375
O83247,T,0.047751884907484055, 0.0801876016582052
O83247,L,0.014327841810882092, 0.06290776065240304
O83247,F,0.0159335695207119, 0.0402215945844849
O83247,L,0.011891217902302742, 0.03314399253576994
O83247,G,0.008974848315119743, 0.03864557823787133
O83247,L,0.04474704712629318, 0.04911939623869128
O83247,I,0.013254381716251373, 0.0627700284951263
O83247,D,0.10521378368139267, 0.0679421184791459
O83247,T,0.0857156291604042, 0.07803906893564595
O83247,A,0.1420162469148636, 0.07824840841607915
O83247,G,0.1371835321187973, 0.08272315675599708
O83247,M,0.062482379376888275, 0.08419103558278745
O83247,N,0.10276377201080322, 0.07444975597576962
O83247,I,0.010858903639018536, 0.0730591978256901
O83247,R,0.0850197821855545, 0.059442374751799636
O83247,Y,0.026465291157364845, 0.048571382028361164
O83247,I,0.017542267218232155, 0.04560727450168795
O83247,N,0.07320060580968857, 0.047802617876893945
O83247,A,0.01946483924984932, 0.059103361848327846
O83247,S,0.03934459760785103, 0.05348970492680868
O83247,M,0.035805411636829376, 0.05331223002738423
O83247,E,0.12252186238765717, 0.05340639832946989
O83247,S,0.11256559938192368, 0.04950326308608055
O83247,P,0.03449686989188194, 0.0533843334350321
O83247,L,0.024868017062544823, 0.059289669824971095
O83247,V,0.018389781937003136, 0.06663508050971562
O83247,F,0.038072388619184494, 0.06573919372426139
O83247,T,0.054394472390413284, 0.07544605765077803
O83247,Q,0.09249262511730194, 0.08677919912669393
O83247,A,0.10191410779953003, 0.09428184624347422
O83247,G,0.11445888131856918, 0.10629227923022376
O83247,E,0.19992737472057343, 0.10909133528669675
O83247,A,0.13649514317512512, 0.11973839004834493
O83247,H,0.09239184111356735, 0.12459696332613628
O83247,E,0.12648367881774902, 0.1176874546541108
O83247,V,0.0632638931274414, 0.1221526778406567
O83247,Y,0.1502179652452469, 0.10660235873526996
O83247,H,0.136219784617424, 0.10614187311795023
O83247,L,0.03972852975130081, 0.10268500074744225
O83247,H,0.1546458899974823, 0.09867245993680424
O83247,S,0.05997450277209282, 0.10375964848531617
O83247,N,0.13235077261924744, 0.09005821351375845
O83247,C,0.061279989778995514, 0.08229110493428177
O83247,P,0.09037081152200699, 0.0864404955257972
O83247,V,0.10904859006404877, 0.07868393365707663
O83247,I,0.02690505050122738, 0.08957468780378501
O83247,G,0.06631580740213394, 0.09429398158358203
O83247,I,0.07707304507493973, 0.10367346699866983
O83247,V,0.08483683317899704, 0.11807564542525345
O83247,D,0.15799129009246826, 0.11400953990717728
O83247,L,0.17482441663742065, 0.12222902145650652
O83247,P,0.14569535851478577, 0.1220307308766577
O83247,P,0.21999041736125946, 0.12115287118487889
O83247,I,0.07245364040136337, 0.12779226319657433
O83247,Q,0.10088038444519043, 0.12206706901391347
O83247,I,0.06453119218349457, 0.11402216388119592
O83247,H,0.06917230784893036, 0.10011746879253122
O83247,E,0.14459136128425598, 0.08951636714239915
O83247,R,0.10646454244852066, 0.09947259206738737
O83247,T,0.10242027044296265, 0.0950167595098416
O83247,L,0.02055310271680355, 0.09527612829373942
O83247,C,0.1245805025100708, 0.09181731960011853
O83247,P,0.16205966472625732, 0.07701689874132474
O83247,G,0.06077789142727852, 0.06617952210621701
O83247,D,0.06686551123857498, 0.05751664450185166
O83247,V,0.038043029606342316, 0.06110809940016932
O83247,M,0.011387573555111885, 0.05297351162880659
O83247,V,0.008928152732551098, 0.04452802934166458
O83247,M,0.024454372003674507, 0.04067996837612656
O83247,V,0.052876196801662445, 0.035227713795999684
O83247,S,0.051369212567806244, 0.03778649318135447
O83247,D,0.08605032414197922, 0.04652091539982292
O83247,G,0.026145342737436295, 0.050732131426533066
O83247,V,0.017795220017433167, 0.061925545748737126
O83247,V,0.06107204407453537, 0.06236143451597956
O83247,E,0.08999737352132797, 0.06974064103431171
O83247,V,0.04682909697294235, 0.0790551027490033
O83247,V,0.12519510090351105, 0.08817756507131788
O83247,N,0.05679919570684433, 0.10162038769986895
O83247,A,0.11778207123279572, 0.11272093405326207
O83247,Q,0.1698804795742035, 0.11383634805679321
O83247,G,0.10824750363826752, 0.1349506320224868
O83247,V,0.1387806236743927, 0.13977383656634224
O83247,E,0.16097696125507355, 0.14308601866165796
O83247,L,0.10003609955310822, 0.14582806908422047
O83247,R,0.23685765266418457, 0.13786078575584623
O83247,D,0.16860394179821014, 0.133761132756869
O83247,A,0.08660883456468582, 0.1250144119064013
O83247,D,0.14246052503585815, 0.12164156552818087
O83247,E,0.09817492961883545, 0.11747611148489846
O83247,Y,0.07135062664747238, 0.09329453648792373
O83247,L,0.06006013602018356, 0.0886434916820791
O83247,H,0.13062134385108948, 0.0960139346619447
O83247,I,0.06254701316356659, 0.08695920846528477
O83247,L,0.019223477691411972, 0.0843055575258202
O83247,E,0.12674453854560852, 0.08880512623323335
O83247,R,0.15294282138347626, 0.09998152611984147
O83247,H,0.06096798926591873, 0.09870831709769037
O83247,V,0.07429207116365433, 0.09801697192920579
O83247,G,0.11184674501419067, 0.106663402583864
O83247,E,0.16064773499965668, 0.10830380188094245
O83247,H,0.11916246265172958, 0.09461669251322746
O83247,P,0.05632490664720535, 0.09010360969437493
O83247,A,0.09704135358333588, 0.0980731522043546
O83247,Q,0.14150813221931458, 0.09599668698178397
O83247,M,0.029758837074041367, 0.07943307463493612
O83247,A,0.020350243896245956, 0.07003753114905623
O83247,Q,0.14601795375347137, 0.07173110523985492
O83247,S,0.09315855801105499, 0.06873634271323681
O83247,I,0.011575223878026009, 0.055611905745334096
O83247,A,0.0346025712788105, 0.06395067874756125
O83247,A,0.07156707346439362, 0.0739744949258036
O83247,L,0.07008849084377289, 0.06422200571331713
O83247,A,0.023388199508190155, 0.06002943776547909
O83247,L,0.1048077940940857, 0.07600658179985152
O83247,N,0.11056458950042725, 0.0938142008251614
O83247,F,0.05824555084109306, 0.1136962589290407
O83247,S,0.05542544648051262, 0.1321432756053077
O83247,A,0.15536952018737793, 0.14289309167199665
O83247,D,0.19487114250659943, 0.15464641567733553
O83247,R,0.25050559639930725, 0.1627427049809032
O83247,T,0.23611164093017578, 0.171968724578619
O83247,T,0.12013654410839081, 0.16880842919150987
O83247,H,0.21058771014213562, 0.153927496737904
O83247,D,0.18343119323253632, 0.13301370282553965
O83247,D,0.14127972722053528, 0.10634765432526667
O83247,M,0.026982787996530533, 0.08079741874502765
O83247,T,0.021441128104925156, 0.06855918404956658
O83247,I,0.006646997295320034, 0.05084862539337741
O83247,V,0.010511159896850586, 0.034152427688241005
O83247,T,0.006159520708024502, 0.030270559299323294
O83247,V,0.009992431849241257, 0.03955239036844836
O83247,Q,0.05119268223643303, 0.037170042801234454
O83247,V,0.03316541388630867, 0.0364314875461989
O83247,K,0.10634291172027588, 0.035263580890993275
O83247,R,0.11051926761865616, 0.03457918970121278
O83256,M,0.21655145287513733, 0.15870455735259587
O83256,H,0.30314159393310547, 0.19331261350048912
O83256,R,0.32501038908958435, 0.2185634987221824
O83256,T,0.24843557178974152, 0.24319276048077476
O83256,E,0.33520200848579407, 0.271197850505511
O83256,P,0.31147250533103943, 0.26957957115438247
O83256,T,0.22725796699523926, 0.26152001652452683
O83256,I,0.22166335582733154, 0.25998129944006604
O83256,N,0.25204581022262573, 0.2671688000361125
O83256,C,0.20198693871498108, 0.2584953076309628
O83256,V,0.2306056022644043, 0.25042512350612217
O83256,H,0.31116193532943726, 0.26225193010436165
O83256,D,0.31312307715415955, 0.2635253949297799
O83256,G,0.257140576839447, 0.2641337199343575
O83256,T,0.23884084820747375, 0.273887049820688
O83256,R,0.33369922637939453, 0.2756785170899497
O83256,S,0.2331245392560959, 0.27024559014373356
O83256,L,0.25752073526382446, 0.2623384628030989
O83256,H,0.28976690769195557, 0.26580121119817096
O83256,L,0.2467288076877594, 0.26606633762518567
O83256,S,0.2622655928134918, 0.25492699444293976
O83256,I,0.24195893108844757, 0.2657889525095622
O83256,D,0.2883053123950958, 0.259248028198878
O83256,T,0.24122698605060577, 0.2543606145514382
O83256,T,0.23344513773918152, 0.2587258203162087
O83256,R,0.33088216185569763, 0.25212087233861286
O83256,A,0.19865241646766663, 0.25483162369992995
O83256,L,0.24578018486499786, 0.25105303360356224
O83256,P,0.28601565957069397, 0.25487710701094735
O83256,A,0.2028210610151291, 0.26469342244995964
O83256,H,0.2663556933403015, 0.26446829901801217
O83256,S,0.25429800152778625, 0.2765069736374749
O83256,G,0.27564364671707153, 0.27525302436616683
O83256,N,0.32179197669029236, 0.2805012861887614
O83256,E,0.32885605096817017, 0.28419056203630233
O83256,P,0.3070004880428314, 0.28418553868929547
O83256,T,0.2344946414232254, 0.2817496889167362
O83256,R,0.3332500159740448, 0.27734700010882485
O83256,T,0.23602454364299774, 0.26402493317921955
O83256,H,0.2663104832172394, 0.2513048979971144
O83256,L,0.2323753535747528, 0.2548151976532406
O83256,A,0.23601944744586945, 0.2539551638894611
O83256,A,0.2018933743238449, 0.24318411780728233
O83256,V,0.21437573432922363, 0.24121971925099692
O83256,R,0.33859318494796753, 0.23900474111239114
O83256,V,0.2267543375492096, 0.24605576197306314
O83256,S,0.23631060123443604, 0.24885428117381203
O83256,L,0.21834495663642883, 0.2521134267250697
O83256,L,0.2463756799697876, 0.2564803510904312
O83256,K,0.2958345413208008, 0.24271350933445823
O83256,T,0.26120612025260925, 0.2404834661218855
O83256,I,0.23122568428516388, 0.2429604861471388
O83256,P,0.2536780536174774, 0.24837205476231045
O83256,V,0.21469160914421082, 0.25070829192797345
O83256,A,0.206683948636055, 0.24174071020550197
O83256,P,0.2586037814617157, 0.23511207600434622
O83256,P,0.26704907417297363, 0.24226582050323486
O83256,K,0.2674018144607544, 0.24661365813679165
O83256,I,0.21512630581855774, 0.24530498683452606
O83256,L,0.20154841244220734, 0.2435776624414656
O83256,K,0.29560938477516174, 0.23774602346950108
O83256,D,0.2928085923194885, 0.24328588445981345
O83256,S,0.2029135674238205, 0.23916641374429068
O83256,S,0.19113802909851074, 0.23601807157198587
O83256,F,0.20611903071403503, 0.2354713264438841
O83256,R,0.3169078230857849, 0.23511556949880388
O83256,V,0.2303265780210495, 0.22297680212391746
O83256,T,0.18679122626781464, 0.22320710950427586
O83256,L,0.19662770628929138, 0.21961935030089486
O83256,R,0.2924075722694397, 0.21301341553529105
O83256,I,0.18355968594551086, 0.2029673374361462
O83256,D,0.2049863338470459, 0.20427719586425358
O83256,P,0.15884819626808167, 0.19966288242075178
O83256,S,0.14666561782360077, 0.1915040479765998
O83256,E,0.22649312019348145, 0.16893069197734198
O83256,E,0.2421153038740158, 0.1621360257267952
O83256,Y,0.14526240527629852, 0.1548057438598739
O83256,C,0.12319819629192352, 0.1546584458814727
O83256,T,0.08924736827611923, 0.1440020501613617
O83256,M,0.1224076896905899, 0.12645041114754146
O83256,H,0.13901379704475403, 0.10715214245849186
O83256,R,0.157522514462471, 0.09342450627850162
O83256,S,0.050758056342601776, 0.08114301247729196
O83256,K,0.06852836906909943, 0.07534629892971781
O83256,S,0.06843088567256927, 0.06543981490863694
O83256,L,0.021713679656386375, 0.05145619188745817
O83256,A,0.012664752081036568, 0.03505166795932584
O83256,F,0.03707694634795189, 0.03196614245987601
O83256,V,0.03324933350086212, 0.025918932528131537
O83256,A,0.01316118985414505, 0.020324140476683777
O83256,L,0.00988179910928011, 0.019898137181169458
O83256,F,0.022988326847553253, 0.020361874149077468
O83256,A,0.0141034796833992, 0.018266903133028083
O83256,A,0.018077757209539413, 0.01620835407326619
O83256,L,0.017879649996757507, 0.016643004388444953
O83256,I,0.01683838479220867, 0.02159555794464217
O83256,S,0.018222207203507423, 0.024498373683955934
O83256,S,0.014722391963005066, 0.02507877887951003
O83256,S,0.017073042690753937, 0.036396991875436574
O83256,A,0.054454781115055084, 0.03720680479374197
O83256,L,0.049113668501377106, 0.044077325612306595
O83256,V,0.019327126443386078, 0.046435885338319674
O83256,S,0.11994167417287827, 0.07199522625241014
O83256,I,0.02516796626150608, 0.08862964332931572
O83256,P,0.07867307215929031, 0.09061559807095262
O83256,L,0.03944924473762512, 0.09965169284906653
O83256,K,0.24475646018981934, 0.1014016264428695
O83256,P,0.16678279638290405, 0.09766197887559731
O83256,V,0.07232837378978729, 0.09663352680703004
O83256,P,0.13043852150440216, 0.09776346944272518
O83256,L,0.035076528787612915, 0.10182787622842523
O83256,V,0.08628484606742859, 0.07586182912604676
O83256,L,0.015911897644400597, 0.05841675142033233
O83256,Q,0.08884255588054657, 0.051482739858329296
O83256,N,0.07602890580892563, 0.038262621189157166
O83256,A,0.011062036268413067, 0.035265787608093686
O83256,A,0.009777097031474113, 0.027496074222856097
O83256,A,0.009922269731760025, 0.02710272330376837
O83256,V,0.011457453481853008, 0.018676069151196215
O83256,L,0.008105026558041573, 0.011742317117750645
O83256,T,0.0163574256002903, 0.013132392946216796
O83256,G,0.012371739372611046, 0.014645763776368566
O83256,L,0.013002668507397175, 0.017330441003044445
O83256,L,0.013625137507915497, 0.02513757047967778
O83256,L,0.02357271872460842, 0.029588865840600595
O83256,G,0.023397434502840042, 0.029467415995895863
O83256,P,0.03408436477184296, 0.0295389247023397
O83256,R,0.08172161877155304, 0.03002537673132287
O83256,D,0.04816668480634689, 0.030503355484041903
O83256,G,0.015264376997947693, 0.03033640349490775
O83256,A,0.013015317730605602, 0.028923581975201767
O83256,L,0.017380736768245697, 0.026687809576590855
O83256,A,0.01792694628238678, 0.02133919174472491
O83256,V,0.022070150822401047, 0.018992696785264544
O83256,L,0.010682040825486183, 0.020290864838494196
O83256,S,0.013962413184344769, 0.02042315672669146
O83256,F,0.03358405828475952, 0.023116934009724192
O83256,L,0.027048230171203613, 0.023082271839181583
O83256,G,0.02694788947701454, 0.02293835145731767
O83256,A,0.01420594472438097, 0.023649194381303258
O83256,G,0.041624732315540314, 0.02512881728923983
O83256,L,0.01761498674750328, 0.03289003245946434
O83256,L,0.02077486738562584, 0.03290393855422735
O83256,G,0.017079627141356468, 0.03712653316971329
O83256,L,0.027279019355773926, 0.04461331727604071
O83256,P,0.10343499481678009, 0.051740639532605805
O83256,V,0.02717338502407074, 0.06266114633116457
O83256,F,0.06495124101638794, 0.07916275556716654
O83256,S,0.08158700168132782, 0.08388173083464305
O83256,G,0.10577063262462616, 0.08610490212837855
O83256,G,0.11589954793453217, 0.0878176051709387
O83256,R,0.16928935050964355, 0.09547473076317045
O83256,G,0.05955040454864502, 0.09645106395085652
O83256,G,0.04728756099939346, 0.09092765963739818
O83256,Y,0.11884932219982147, 0.08559553573528926
O83256,T,0.0960875153541565, 0.07653519221478039
O83256,A,0.07373823970556259, 0.06420385878947046
O83256,L,0.03187636286020279, 0.06679967087176111
O83256,F,0.05778151750564575, 0.06522684834069675
O83256,A,0.034356456249952316, 0.05480462395482593
O83256,P,0.05830734968185425, 0.05229627754953173
O83256,T,0.08291271328926086, 0.04854609982834922
O83256,G,0.0331321582198143, 0.047649201212657824
O83256,G,0.025049302726984024, 0.04535597293741173
O83256,F,0.07351239770650864, 0.05009610723290178
O83256,L,0.039986640214920044, 0.045337361180120044
O83256,L,0.023804275318980217, 0.03814454500873884
O83256,G,0.03714246302843094, 0.03899091606338819
O83256,Y,0.07701766490936279, 0.03818972429467572
O83256,I,0.01547863520681858, 0.032458117645647794
O83256,L,0.018177367746829987, 0.02950400300323963
O83256,A,0.04074949771165848, 0.02856783475726843
O83256,A,0.017838576808571815, 0.027244763138393562
O83256,T,0.021927937865257263, 0.021823846114178497
O83256,L,0.013399608433246613, 0.02259567514475849
O83256,A,0.015378761105239391, 0.023595107201900747
O83256,G,0.02523481845855713, 0.026545017233325377
O83256,A,0.02822941169142723, 0.032849444179899163
O83256,I,0.022425096482038498, 0.038015027737451926
O83256,A,0.027172256261110306, 0.04848402811007367
O83256,Q,0.06729868799448013, 0.05455351827873124
O83256,H,0.0745784193277359, 0.0640817065205839
O83256,H,0.06841818988323212, 0.0728884455230501
O83256,R,0.10762061178684235, 0.08186500478121969
O83256,L,0.0700041726231575, 0.09381427036391364
O83256,S,0.11098851263523102, 0.10285818659596974
O83256,C,0.10749006271362305, 0.12114271273215611
O83256,T,0.10321412980556488, 0.12815442929665247
O83256,P,0.13471564650535583, 0.12733433230055702
O83256,P,0.14869393408298492, 0.12830378611882529
O83256,R,0.2391391545534134, 0.13831529021263123
O83256,G,0.13152363896369934, 0.13482644657293955
O83256,G,0.10023973882198334, 0.12769996581806076
O83256,G,0.07872925698757172, 0.12029201495978567
O83256,R,0.20109204947948456, 0.11307835289173657
O83256,A,0.07609046995639801, 0.09243123357494672
O83256,L,0.03907580301165581, 0.08107982907030317
O83256,L,0.06804408878087997, 0.07953980730639564
O83256,L,0.08377097547054291, 0.0741891407718261
O83256,W,0.05331508070230484, 0.054468308265010514
O83256,I,0.029360998421907425, 0.04825320736401611
O83256,R,0.08637954294681549, 0.0467900935974386
O83256,L,0.03057325817644596, 0.04297959183653196
O83256,T,0.023604556918144226, 0.03580751373536057
O83256,V,0.02015456184744835, 0.032141725015309125
O83256,A,0.02590777911245823, 0.033205739532907806
O83256,T,0.033749572932720184, 0.03004558901819918
O83256,L,0.01922227256000042, 0.02945778684483634
O83256,V,0.020322982221841812, 0.03020822794901
O83256,G,0.03893712908029556, 0.03609889497359594
O83256,F,0.057938188314437866, 0.03826193449397882
O83256,L,0.02528303861618042, 0.03701137751340866
O83256,S,0.03035852685570717, 0.03704423146943251
O83256,I,0.07317056506872177, 0.040035143287645444
O83256,Y,0.04537513479590416, 0.037546603836947016
O83256,S,0.022494560107588768, 0.03536681686010626
O83256,I,0.019517958164215088, 0.03912809263500902
O83256,G,0.04724118858575821, 0.040170538135700755
O83256,L,0.016540274024009705, 0.03732108304070102
O83256,P,0.03832010552287102, 0.04469733126461506
O83256,V,0.05913452059030533, 0.0534297993613614
O83256,L,0.039740536361932755, 0.060851380642917424
O83256,G,0.047525469213724136, 0.0695655391448074
O83256,Y,0.11176136881113052, 0.08388223043746418
O83256,V,0.10108677297830582, 0.0989194479253557
O83256,L,0.0863121896982193, 0.10165977229674657
O83256,G,0.12566861510276794, 0.10689126575986545
O83256,L,0.14539049565792084, 0.11988370368878047
O83256,R,0.17365506291389465, 0.11193112449513541
O83256,T,0.08379743993282318, 0.10389802128904396
O83256,G,0.0868239775300026, 0.10485127257804076
O83256,E,0.16445741057395935, 0.09999943296942446
O83256,L,0.04018815606832504, 0.0897687981939978
O83256,M,0.028788844123482704, 0.07399919773969385
O83256,L,0.09489145129919052, 0.07148764510121611
O83256,G,0.08200205862522125, 0.07025818257696098
O83256,V,0.05331478267908096, 0.06266158053444491
O83256,F,0.03172865882515907, 0.06093025683528847
O83256,L,0.06119346618652344, 0.0627911024623447
O83256,P,0.07575881481170654, 0.058614049520757466
O83256,F,0.0960879921913147, 0.05737411810292138
O83256,F,0.024606242775917053, 0.05283564732720455
O83256,L,0.045536454766988754, 0.05105875546319617
O83256,A,0.057297974824905396, 0.051832975095344916
O83256,D,0.0708426758646965, 0.046312973006731935
O83256,T,0.012468545697629452, 0.03701755383776294
O83256,L,0.01573663204908371, 0.03567872610357073
O83256,K,0.06816144287586212, 0.03312510955664846
O83256,I,0.02607879601418972, 0.028708820541699726
O83256,A,0.012429219670593739, 0.023737429330746334
O83256,L,0.012556793168187141, 0.024046921274728246
O83256,V,0.022553905844688416, 0.024668300110432837
O83256,V,0.017551373690366745, 0.025913282194071345
O83256,L,0.02610015496611595, 0.03197398864560657
O83256,L,0.015253973193466663, 0.03272975660446617
O83256,A,0.021329041570425034, 0.03660166418800751
O83256,H,0.0793662816286087, 0.04302398601753844
O83256,H,0.08062515407800674, 0.048485208199255996
O83256,L,0.019231131300330162, 0.0482854177761409
O83256,A,0.047403961420059204, 0.05936273601320055
O83256,P,0.08035480231046677, 0.07230408696664704
O83256,T,0.06670237332582474, 0.07225002886520492
O83256,V,0.0243020411580801, 0.06899965968396929
O83256,R,0.11494983732700348, 0.08274158442185985
O83256,R,0.13780120015144348, 0.09355356896089183
O83256,H,0.07887975871562958, 0.09887450623015563
O83256,L,0.05137183144688606, 0.10229611831406753
O83256,Y,0.14290845394134521, 0.09959589151872529
O83256,R,0.14471182227134705, 0.08682368737128046
O83256,H,0.12824323773384094, 0.07151244291000897
O83256,G,0.0974968820810318, 0.062748025274939
O83263,M,0.07841693609952927, 0.07515321796139081
O83263,L,0.19882026314735413, 0.10379393191801177
O83263,K,0.2382175177335739, 0.10925413792332013
O83263,F,0.056077491492033005, 0.11711881102787124
O83263,A,0.10484675318002701, 0.14358853507373068
O83263,K,0.2577664256095886, 0.15019620748029816
O83263,F,0.04914185404777527, 0.1321940819422404
O83263,R,0.07078205794095993, 0.11327348401149114
O83263,R,0.23822751641273499, 0.11735982654823197
O83263,E,0.13788598775863647, 0.11469662313659985
O83263,C,0.036801133304834366, 0.08743377236856355
O83263,V,0.0679321363568306, 0.10991004813048574
O83263,A,0.0928545743227005, 0.11891082384520107
O83263,E,0.08087792247533798, 0.09424605054987802
O83263,F,0.01240076869726181, 0.08695119288232592
O83263,R,0.2514283359050751, 0.09322004558311568
O83263,R,0.15178903937339783, 0.09471031154195468
O83263,V,0.0162445567548275, 0.0978823457327154
O83263,V,0.07223226875066757, 0.10583956663807233
O83263,W,0.09322080761194229, 0.12361160624358389
O83263,P,0.08134452998638153, 0.10757066599196857
O83263,A,0.12140288203954697, 0.09315207269456652
O83263,R,0.15249291062355042, 0.09975474203626315
O83263,T,0.17234912514686584, 0.09977679409914547
O83263,Q,0.10705987364053726, 0.09376647530330552
O83263,V,0.02202169969677925, 0.08805288436512153
O83263,H,0.0756685808300972, 0.07952024104694526
O83263,T,0.07243073731660843, 0.0644482152743472
O83263,A,0.03912793844938278, 0.04705811767942376
O83263,V,0.029922211542725563, 0.037000905722379684
O83263,K,0.04460909217596054, 0.03668053551680512
O83263,V,0.016844678670167923, 0.030309804404775303
O83263,V,0.015838246792554855, 0.024200273263785575
O83263,L,0.016544966027140617, 0.021661493099398084
O83263,V,0.019138367846608162, 0.02046599632336034
O83263,S,0.018332000821828842, 0.019262041689621076
O83263,T,0.017444957047700882, 0.020275703113940027
O83263,V,0.016278916969895363, 0.0212188098165724
O83263,V,0.01916274055838585, 0.022871412543786898
O83263,M,0.033773500472307205, 0.02492106043630176
O83263,A,0.025967631489038467, 0.02795182044307391
O83263,L,0.024326207116246223, 0.028622145868009992
O83263,F,0.031418390572071075, 0.02897700315548314
O83263,L,0.03758519887924194, 0.033685614872309894
O83263,G,0.04560884088277817, 0.0371709902667337
O83263,L,0.023477885872125626, 0.03562557676600085
O83263,I,0.019472632557153702, 0.035351934325363904
O83263,D,0.06154024600982666, 0.045553616972433195
O83263,A,0.06514187902212143, 0.05145990910629431
O83263,L,0.012058909982442856, 0.049638603917426534
O83263,F,0.02186342515051365, 0.0536786870410045
O83263,V,0.12323353439569473, 0.07109813247289923
O83263,A,0.090741828083992, 0.07610855603383647
O83263,L,0.02921709418296814, 0.07387225474748346
O83263,L,0.059838633984327316, 0.08470926288929251
O83263,S,0.17624764144420624, 0.08227999342812432
O83263,F,0.10663405805826187, 0.06858737849526936
O83263,F,0.04501516744494438, 0.058504953152603574
O83263,F,0.10959198325872421, 0.055258609354496
O83279,M,0.0882924497127533, 0.06504200274745624
O83279,R,0.16991038620471954, 0.07410573090116183
O83279,I,0.04707067087292671, 0.0796867927743329
O83279,E,0.15142099559307098, 0.09590632592638333
O83279,E,0.12868352234363556, 0.10694757228096326
O83279,W,0.08157355338335037, 0.10856426548626688
O83279,C,0.05022955685853958, 0.09353341451949543
O83279,R,0.14597579836845398, 0.0937343653705385
O83279,S,0.09937121719121933, 0.08316298243072298
O83279,R,0.10284268856048584, 0.07103848457336426
O83279,L,0.03463272750377655, 0.06420320065485106
O83279,G,0.0488792285323143, 0.060327172900239624
O83279,E,0.05627854913473129, 0.046813507253925
O83279,F,0.019563041627407074, 0.03740563078059091
O83279,L,0.020055998116731644, 0.02759357024398115
O83279,L,0.015345307067036629, 0.025660279931293592
O83279,F,0.02435280755162239, 0.02147960166136424
O83279,V,0.014700328931212425, 0.017554895745383367
O83279,L,0.01453414373099804, 0.016151954419910908
O83279,A,0.017233114689588547, 0.01655401217026843
O83279,V,0.011253124102950096, 0.016419580516715843
O83279,S,0.020956195890903473, 0.014712843940489821
O83279,L,0.006936569698154926, 0.014910537025166882
O83279,F,0.02367451786994934, 0.01783185276306338
O83279,A,0.014135422185063362, 0.02214026978860299
O83279,L,0.008992178365588188, 0.03161254990845919
O83279,S,0.01647956669330597, 0.04100267061342796
O83279,H,0.0408259853720665, 0.04768393602636126
O83279,P,0.05600886791944504, 0.0521519316567315
O83279,N,0.09650364518165588, 0.06171931636830171
O83279,P,0.1054672822356224, 0.0755426287651062
O83279,L,0.0670679584145546, 0.07883413922455576
O83279,L,0.06388647854328156, 0.0772537315885226
O83279,P,0.10024188458919525, 0.07512403569287723
O83279,R,0.1334019899368286, 0.06649590035279591
O83279,G,0.046103160828351974, 0.05581404413614008
O83279,C,0.02660231664776802, 0.04956717840913269
O83279,A,0.036841604858636856, 0.04572583517680565
O83279,L,0.018850427120923996, 0.03549316659983662
O83279,L,0.009330576285719872, 0.021980858614875212
O83279,A,0.010846166871488094, 0.01776260147906012
O83279,Y,0.02931438945233822, 0.01582705384741227
O83279,G,0.008147867396473885, 0.013561383200188478
O83279,A,0.01179121807217598, 0.01269528249071704
O83279,L,0.008138846606016159, 0.013009398865203062
O83279,A,0.009182387962937355, 0.01399698480963707
O83279,P,0.01645056903362274, 0.013282519454757372
O83279,L,0.011055520735681057, 0.014446203079488542
O83279,F,0.012157623656094074, 0.023119601524538465
O83279,L,0.019734440371394157, 0.03192578007777532
O83279,L,0.022884201258420944, 0.033873199588722654
O83279,V,0.018621020019054413, 0.039104658696386546
O83279,R,0.08985180407762527, 0.0416101383873158
O83279,W,0.08739445358514786, 0.04399603481094042
O83279,A,0.026709163561463356, 0.04488141731255584
O83279,S,0.06353370100259781, 0.04429219187133842
O83279,G,0.03360483795404434, 0.04355678014043304
O83279,F,0.03363069146871567, 0.03486036085006264
O83279,A,0.027702882885932922, 0.028022991596824594
O83279,V,0.017581172287464142, 0.025985719843043223
O83279,V,0.012002314440906048, 0.020283849702941045
O83279,F,0.011584030464291573, 0.01776087801489565
O83279,W,0.025858130306005478, 0.01671461823085944
O83279,G,0.008373717777431011, 0.015486581664946344
O83279,G,0.012216869741678238, 0.014395849520547522
O83279,A,0.01089809276163578, 0.014280283254467778
O83279,Y,0.024214353412389755, 0.014884833712130785
O83279,G,0.016650553792715073, 0.015441902447491884
O83279,A,0.007764582987874746, 0.01584681583982375
O83279,F,0.010962218046188354, 0.015906867312474385
O83279,S,0.01702498458325863, 0.019612999063813023
O83279,Y,0.03087174892425537, 0.020705225204841957
O83279,G,0.012017938308417797, 0.027200622742788658
O83279,A,0.012757332995533943, 0.04031224000371165
O83279,F,0.04425327852368355, 0.04549402195132441
O83279,S,0.03404438868165016, 0.05618027483837472
O83279,Y,0.07510913163423538, 0.06796446742696895
O83279,W,0.12576913833618164, 0.08381598132352035
O83279,L,0.05759825557470322, 0.09250026444594066
O83279,F,0.11320126056671143, 0.09718706831336021
O83279,V,0.1369294822216034, 0.0981330383155081
O83279,F,0.15468156337738037, 0.09460480014483134
O83279,H,0.09091588109731674, 0.08479572708408038
O83279,P,0.0864345133304596, 0.08114284442530738
O83279,V,0.04255811870098114, 0.07112487136489815
O83279,A,0.04335498809814453, 0.06149213699003061
O83279,L,0.03748748078942299, 0.04615042337940799
O83279,C,0.02472231164574623, 0.0376691087666485
O83279,V,0.023039503023028374, 0.032534333359864026
O83279,V,0.050234872847795486, 0.038106291451387934
O83279,A,0.01660614088177681, 0.0348545867535803
O83279,G,0.014584049582481384, 0.03202396807157331
O83279,F,0.04022153466939926, 0.03368306956771347
O83279,S,0.09270574152469635, 0.035049741363359824
O83279,A,0.014089645817875862, 0.030968608231180243
O83279,L,0.012011912651360035, 0.030483580194413662
O83279,F,0.03965422511100769, 0.031038331385287974
O83279,L,0.03533954918384552, 0.028435863244036835
O83279,A,0.013504674658179283, 0.020052841864526272
O83279,A,0.012240888550877571, 0.01973605838914712
O83279,L,0.01957681030035019, 0.021390528004202578
O83279,C,0.016799321398139, 0.023490861989557743
O83279,L,0.017258549109101295, 0.023605475512643654
O83279,A,0.01123859453946352, 0.025859326848553285
O83279,L,0.02690213918685913, 0.03328863003601631
O83279,K,0.05855723097920418, 0.04000106588419941
O83279,A,0.03637107089161873, 0.05000976214392318
O83279,G,0.03378933668136597, 0.05511860932326979
O83279,G,0.07910461723804474, 0.07182207372453478
O83279,A,0.07998873293399811, 0.08489821520116594
O83279,F,0.10687758773565292, 0.08961432468560007
O83279,W,0.06323817372322083, 0.09026409147514237
O83279,Q,0.1615697741508484, 0.09095574832624859
O83279,R,0.1445874124765396, 0.0841981607178847
O83279,R,0.10100221633911133, 0.07786720287468699
O83279,A,0.042218971997499466, 0.06905478735764821
O83279,L,0.040014248341321945, 0.06366466927445597
O83279,L,0.0182863287627697, 0.04688549372884962
O83279,V,0.02301011234521866, 0.03225593537920051
O83279,Q,0.027565848082304, 0.022568814870384004
O83279,C,0.014727110974490643, 0.018909972264534898
O83279,L,0.010557194240391254, 0.015936769338117704
O83279,V,0.012921387329697609, 0.017106647085812356
O83279,W,0.013818131759762764, 0.017962987224260967
O83279,L,0.009289388544857502, 0.01912454639871915
O83279,G,0.013255422003567219, 0.01864862980114089
O83279,Y,0.02881522849202156, 0.02282865086777343
O83279,E,0.03071717359125614, 0.025520472166438896
O83279,Y,0.03801988065242767, 0.030642929900851514
O83279,A,0.010443861596286297, 0.038065202741159335
O83279,K,0.048177383840084076, 0.05654847673657867
O83279,T,0.037147779017686844, 0.059706564682225384
O83279,L,0.05992025136947632, 0.06520816921773884
O83279,G,0.07608984410762787, 0.0707625671186381
O83279,F,0.1796048879623413, 0.07815157663491037
O83279,L,0.05723802000284195, 0.07983069825503561
O83279,G,0.08023161441087723, 0.08135854742593235
O83279,F,0.08800946176052094, 0.07756075801120864
O83279,P,0.07694494724273682, 0.07010323057572047
O83279,Y,0.06328947842121124, 0.05172057087636656
O83279,G,0.05089842155575752, 0.0488545759063628
O83279,V,0.02574014663696289, 0.041395190068417125
O83279,M,0.00897209718823433, 0.03355175732738442
O83279,G,0.014160950668156147, 0.029503233937753573
O83279,Y,0.031444065272808075, 0.0328423043506013
O83279,S,0.013097141869366169, 0.030201226472854614
O83279,Q,0.017418567091226578, 0.03440883838468128
O83279,W,0.04050823673605919, 0.037224192172288895
O83279,R,0.09334111213684082, 0.037145941311286554
O83279,V,0.02712872065603733, 0.03486313701917728
O83279,L,0.06360865384340286, 0.03575782043238481
O83279,P,0.03431028127670288, 0.03465757384482357
O83279,L,0.013456692919135094, 0.03125204290780756
O83279,I,0.010898826643824577, 0.024334218146072492
O83279,Q,0.021149292588233948, 0.023421499878168106
O83279,V,0.007516347803175449, 0.01809123054974609
O83279,A,0.009858458302915096, 0.017121369019150734
O83279,S,0.031080689281225204, 0.0184803596801228
O83279,V,0.018914256244897842, 0.02362245714498891
O83279,F,0.015636229887604713, 0.022964638140466478
O83279,G,0.02558152750134468, 0.023274905876153044
O83279,V,0.025687608867883682, 0.023968731984496117
O83279,W,0.05717770382761955, 0.021452338848676946
O83279,V,0.015228921547532082, 0.02019254666649633
O83279,V,0.010308757424354553, 0.019877975185712177
O83279,S,0.01610289327800274, 0.01803346433573299
O83279,A,0.008433151058852673, 0.01603052092509137
O83279,L,0.007576126605272293, 0.011529829042653242
O83279,V,0.012805086560547352, 0.010997310177319579
O83279,V,0.008980929851531982, 0.010835262222422494
O83279,F,0.007661118172109127, 0.011838299739691947
O83279,P,0.016671476885676384, 0.011750520258728001
O83279,S,0.010436251759529114, 0.012242057205488285
O83279,A,0.00885032583028078, 0.01568536569053928
O83279,W,0.02513023093342781, 0.018112103816949658
O83279,L,0.007643135730177164, 0.019438576108465593
O83279,A,0.011999959126114845, 0.022465308455543384
O83279,S,0.04379486292600632, 0.027573711704462767
O83279,V,0.030821572989225388, 0.033880884293466806
O83279,L,0.019599368795752525, 0.03819364086828298
O83279,G,0.043912068009376526, 0.0497440571586291
O83279,Q,0.05641188099980354, 0.06302669789228174
O83279,W,0.06561487913131714, 0.07385970217486222
O83279,V,0.06394504010677338, 0.08881377780603038
O83279,E,0.11159688234329224, 0.10880226931638187
O83279,E,0.13154372572898865, 0.12017853930592537
O83279,S,0.14129190146923065, 0.12054716795682907
O83279,E,0.16540825366973877, 0.13716336008575228
O83279,R,0.19949579238891602, 0.14164713190661538
O83279,N,0.14629849791526794, 0.14030240890052584
O83279,A,0.05972953885793686, 0.1318976895676719
O83279,R,0.21516060829162598, 0.1317117926147249
O83279,A,0.10429898649454117, 0.12390696671273974
O83279,F,0.09949437528848648, 0.10790437252985106
O83279,L,0.05590125173330307, 0.10356880269116825
O83279,S,0.13961882889270782, 0.1042827959689829
O83279,A,0.09516482055187225, 0.08839385666781002
O83279,A,0.055472444742918015, 0.08275983027285999
O83279,Y,0.10727836936712265, 0.07647268598278363
O83279,S,0.06615547835826874, 0.0753093949622578
O83279,H,0.07216015458106995, 0.06254545309477383
O83279,W,0.053592748939991, 0.05432218975490994
O83279,V,0.042910076677799225, 0.05033427973588308
O83279,S,0.04543163254857063, 0.04243392497301102
O83279,A,0.024743352085351944, 0.03733833755056063
O83279,L,0.021155450493097305, 0.03214360111289554
O83279,V,0.019581254571676254, 0.028056459708346262
O83279,W,0.03617517650127411, 0.026539464791615803
O83279,V,0.020295191556215286, 0.024653354245755408
O83279,G,0.02540752664208412, 0.024447636264893744
O83279,L,0.01680847629904747, 0.02511304761800501
O83279,C,0.029257122427225113, 0.0258758467518621
O83279,G,0.028456637635827065, 0.02610665663248963
O83279,F,0.02289189025759697, 0.026470008823606703
O83279,C,0.02714415267109871, 0.028379455622699525
O83279,V,0.026446446776390076, 0.03373666687144174
O83279,C,0.038252465426921844, 0.036127121498187385
O83279,A,0.02356536127626896, 0.03853926290240553
O83279,A,0.042592547833919525, 0.04480668923093213
O83279,K,0.06502337753772736, 0.05059348853925864
O83279,A,0.050771214067935944, 0.05656741290456719
O83279,G,0.05016591027379036, 0.06351560913026333
O83279,W,0.0792987272143364, 0.07018003985285759
O83279,W,0.07922534644603729, 0.07599182799458504
O83279,P,0.08021176606416702, 0.07604375274644957
O83279,D,0.1007862314581871, 0.0829545801712407
O83279,C,0.08354523777961731, 0.0865315596262614
O83279,T,0.09489864110946655, 0.09170181304216385
O83279,A,0.06549070030450821, 0.08556355329023467
O83279,H,0.11296866089105606, 0.08709601850973235
O83279,T,0.08235872536897659, 0.07672806539469296
O83279,R,0.1258310079574585, 0.0684003627134694
O83279,A,0.023981008678674698, 0.058531914527217545
O83279,K,0.09400395303964615, 0.052089977647281356
O83279,V,0.007474653422832489, 0.04537568660452962
O83279,A,0.008595913648605347, 0.0478475036409994
O83279,L,0.0060826074331998825, 0.04351396284376582
O83279,V,0.007513268385082483, 0.05217183345100946
O83279,Q,0.052540041506290436, 0.05775505268118448
O83279,P,0.10460507869720459, 0.07477026727671425
O83279,N,0.08682914078235626, 0.10865456409131487
O83279,G,0.10190184414386749, 0.13635848364275363
O83279,D,0.1442529261112213, 0.15087439699305427
O83279,P,0.1606115847826004, 0.15592503713236916
O83279,R,0.313554584980011, 0.15972302026218838
O83279,R,0.2554178833961487, 0.16794084012508392
O83279,G,0.1381564885377884, 0.16791841801669863
O83279,G,0.0979958027601242, 0.16858855138222376
O83279,I,0.1387869268655777, 0.1725434801644749
O83279,E,0.16078951954841614, 0.14850021567609575
O83279,S,0.10170004516839981, 0.1361960917711258
O83279,Y,0.15028412640094757, 0.12793267187145022
O83279,R,0.19620594382286072, 0.12818123979700935
O83279,A,0.09716520458459854, 0.12615111056301329
O83279,D,0.14468076825141907, 0.11286267348461682
O83279,F,0.06378570944070816, 0.11006855095426242
O83279,S,0.10023291409015656, 0.10561760721935166
O83279,T,0.12051576375961304, 0.08792207183109389
O83279,L,0.041193585842847824, 0.07928103622463015
O83279,T,0.07655294239521027, 0.06944519364171559
O83279,Y,0.1102256327867508, 0.07490273151132795
O83279,L,0.0369461253285408, 0.06508601312008169
O83279,S,0.01939588412642479, 0.05902572079665131
O83279,D,0.05615818500518799, 0.06786026205453607
O83279,W,0.11290355026721954, 0.0755961121370395
O83279,A,0.011882448568940163, 0.07467830739915371
O83279,L,0.06597313284873962, 0.0787856104887194
O83279,E,0.12070445716381073, 0.0905925923337539
O83279,R,0.1461755931377411, 0.0868842231316699
O83279,Y,0.10196539014577866, 0.08423103081683318
O83279,P,0.07391185313463211, 0.08404774943159686
O83279,D,0.12565872073173523, 0.07950650031367938
O83279,V,0.022782862186431885, 0.06767114758905438
O83279,D,0.08902481943368912, 0.053500827505356736
O83279,L,0.010232916101813316, 0.05060298792603943
O83279,V,0.02510189078748226, 0.05294294458710485
O83279,V,0.014186282642185688, 0.0477936744896902
O83279,W,0.018642712384462357, 0.05130319804367092
O83279,P,0.07588483393192291, 0.04408229007903072
O83279,E,0.09497146308422089, 0.06479251602043708
O83279,T,0.07931528985500336, 0.08597278419054216
O83279,A,0.05436857417225838, 0.11673268944852883
O83279,F,0.024036647751927376, 0.12707501877513197
O83279,V,0.19662494957447052, 0.1310608840237061
O83279,P,0.21572430431842804, 0.13825673258139026
O83279,R,0.29102542996406555, 0.1488947808328602
O83279,I,0.11172367632389069, 0.16985182153681913
O83279,D,0.11175762116909027, 0.19399489131238726
O83279,W,0.1597341001033783, 0.19595093528429666
O83279,H,0.17505772411823273, 0.1985050208038754
O83279,Y,0.2429819405078888, 0.18992699517144096
O83279,R,0.2413242757320404, 0.2028442555003696
O83279,Y,0.21422934532165527, 0.2133684472905265
O83279,R,0.23871107399463654, 0.219710906346639
O83279,H,0.21382319927215576, 0.21458190348413256
O83279,E,0.22797901928424835, 0.20974879463513693
O83279,Q,0.20647534728050232, 0.20267860094706217
O83279,Q,0.2168162316083908, 0.19267698956860435
O83279,S,0.12889669835567474, 0.17467477089828914
O83279,F,0.1994839608669281, 0.16206240157286325
O83279,Q,0.17769253253936768, 0.14582334872749117
O83279,L,0.12421484291553497, 0.1250666127436691
O83279,V,0.07669110596179962, 0.10669220777021514
O83279,C,0.10031187534332275, 0.10397624845306079
O83279,D,0.0818275436758995, 0.09223759298523267
O83279,L,0.019664723426103592, 0.07630886178877619
O83279,L,0.0514465868473053, 0.07579302166899045
O83279,D,0.10445306450128555, 0.07805247480670612
O83279,Y,0.09383606165647507, 0.07761210824052493
O83279,V,0.03433395177125931, 0.07703232475452954
O83279,N,0.11957228183746338, 0.07989184765352143
O83279,A,0.09702618420124054, 0.07899697994192441
O83279,K,0.09634857624769211, 0.06997212871081299
O83279,N,0.07660949230194092, 0.0605021971795294
O83279,C,0.045400429517030716, 0.05805052609907256
O83279,P,0.04339277744293213, 0.048860416230228215
O83279,F,0.023229403421282768, 0.0457901114390956
O83279,I,0.008606677874922752, 0.05425808785690202
O83279,I,0.01226891204714775, 0.05274356611900859
O83279,G,0.03686129301786423, 0.05479478008217282
O83279,S,0.06939344108104706, 0.06532186932033962
O83279,D,0.17256036400794983, 0.07836852988435163
O83279,D,0.06297879666090012, 0.09607777785923746
O83279,A,0.06386135518550873, 0.12373827232254876
O83279,Y,0.1381365805864334, 0.14095906499359342
O83279,K,0.14064934849739075, 0.15325850827826393
O83279,K,0.16798990964889526, 0.15615693645344841
O83279,R,0.26121336221694946, 0.1649464269479116
O83279,T,0.19184842705726624, 0.17266746196481916
O83279,K,0.18008843064308167, 0.17287427849239773
O83279,E,0.19864621758460999, 0.17704430553648207
O83279,G,0.14208421111106873, 0.179769280884001
O83279,N,0.133350670337677, 0.16281621903181076
O83279,W,0.1399979293346405, 0.15332243012057412
O83279,E,0.17817959189414978, 0.14024144783616066
O83279,R,0.19251468777656555, 0.12078824515144031
O83279,V,0.1086358055472374, 0.1072222888469696
O83279,D,0.10640432685613632, 0.09334836051695877
O83279,Y,0.06235959008336067, 0.08049123361706734
O83279,N,0.02356739342212677, 0.06170358488129245
O83279,A,0.019990604370832443, 0.042245412866274513
O83279,A,0.00848531536757946, 0.033824362688594393
O83279,L,0.024283787235617638, 0.02644299053483539
O83279,L,0.009090753272175789, 0.025480781578355365
O83279,F,0.017391139641404152, 0.03386232629418373
O83279,I,0.0328463539481163, 0.046217172510094114
O83279,P,0.0399719774723053, 0.05402791272434923
O83279,G,0.053699709475040436, 0.06040305354528957
O83279,V,0.09900129586458206, 0.06588498316705227
O83279,N,0.13118422031402588, 0.0708133036063777
O83279,V,0.07878197729587555, 0.07580822333693504
O83279,L,0.08166005462408066, 0.0775414581100146
O83279,P,0.058428119868040085, 0.0774513834880458
O83279,P,0.0617460235953331, 0.07186622586515215
O83279,S,0.07780063152313232, 0.05973680524362458
O83279,P,0.055571090430021286, 0.056880741069714226
O83279,Q,0.05288903787732124, 0.055700276874833636
O83279,R,0.0487348772585392, 0.05890955775976181
O83279,Y,0.022019434720277786, 0.06134097857607736
O83279,H,0.05307739973068237, 0.0559100103047159
O83279,K,0.07103587687015533, 0.05304463290505939
O83279,I,0.08731164783239365, 0.06485285734136899
O83279,K,0.083628810942173, 0.06731867293516795
O83279,L,0.02892191708087921, 0.07490418809983465
O83279,V,0.029782693833112717, 0.07933232643538052
O83279,P,0.15916305780410767, 0.090873833745718
O83279,F,0.0709272176027298, 0.08939594568477736
O83279,T,0.09028907120227814, 0.09107937456832992
O83279,E,0.09293064475059509, 0.09670501657658154
O83279,Y,0.17490944266319275, 0.11258940647045772
O83279,F,0.07401065528392792, 0.11712040255467097
O83279,P,0.09877967089414597, 0.12721536639663908
O83279,Y,0.07955269515514374, 0.12084691599011421
O83279,K,0.17274220287799835, 0.13234338040153185
O83279,R,0.19994202256202698, 0.12589692696928978
O83279,V,0.1617818921804428, 0.12250375085406834
O83279,F,0.032973017543554306, 0.1250147877468003
O83279,P,0.19639882445335388, 0.13300912164979511
O83279,W,0.11689136177301407, 0.12607564942704308
O83279,F,0.04347207024693489, 0.11420965029133691
O83279,Y,0.12137900292873383, 0.12117406560315026
O83279,N,0.15150170028209686, 0.14138169131345218
O83279,F,0.11034095287322998, 0.13685030283199418
O83279,L,0.09314803034067154, 0.14047691681318814
O83279,E,0.224461629986763, 0.1485935068792767
O83279,K,0.21484164893627167, 0.16401753491825527
O83279,Q,0.15561632812023163, 0.1683608310090171
O83279,D,0.14953088760375977, 0.1803252183728748
O83279,A,0.11652138084173203, 0.17919098171922895
O83279,R,0.260195255279541, 0.16463660283221138
O83279,F,0.19059136509895325, 0.14970893578396904
O83279,W,0.21802043914794922, 0.14661760876576105
O83279,A,0.08293990045785904, 0.14135758330424628
O83279,Q,0.09347222000360489, 0.14078803857167563
O83279,G,0.08049264550209045, 0.1167791738278336
O83279,S,0.12779438495635986, 0.09820413755045997
O83279,E,0.10219065845012665, 0.07582831920848952
O83279,F,0.11139547824859619, 0.07487267214390966
O83279,V,0.044115472584962845, 0.06716623198654917
O83279,V,0.02341603860259056, 0.06810048015581237
O83279,F,0.016638074070215225, 0.061315581616428166
O83279,E,0.07433907687664032, 0.05441653314563963
O83279,A,0.024114258587360382, 0.05070656289656957
O83279,R,0.08890087902545929, 0.04732490817291869
O83279,G,0.06673029810190201, 0.046610576721529164
O83279,L,0.04009922221302986, 0.045993635741372906
O83279,K,0.07800574600696564, 0.03988072079502874
O83279,F,0.013680580072104931, 0.03882540400243468
O83279,S,0.01698705554008484, 0.031491079160736665
O83279,V,0.01108560524880886, 0.034662317795058094
O83279,P,0.019322842359542847, 0.036601259373128414
O83279,I,0.014616407454013824, 0.036769163173933826
O83279,C,0.022891955450177193, 0.03897827077243063
O83279,F,0.09527144581079483, 0.042731397267844945
O83279,E,0.057549696415662766, 0.0435383723427852
O83279,D,0.07951688021421432, 0.04825061952902211
O83279,A,0.0335625484585762, 0.05036043520602915
O83279,F,0.05076519399881363, 0.049133259078694716
O83279,G,0.01834838092327118, 0.04197258140063948
O83279,Y,0.06173306703567505, 0.040437179824544325
O83279,I,0.03360474854707718, 0.03372540914764007
O83279,T,0.01184737030416727, 0.032018603653543525
O83279,R,0.03082534670829773, 0.030709097886251077
O83279,E,0.04373108223080635, 0.04354029076380862
O83279,F,0.019110944122076035, 0.04048587309403552
O83279,C,0.018201299011707306, 0.038237625629537635
O83279,A,0.03897964209318161, 0.043123315191931196
O83279,R,0.13382911682128906, 0.04046701588150528
O83279,G,0.03424330800771713, 0.03698361954755253
O83279,A,0.013370521366596222, 0.03547838138830331
O83279,S,0.055818576365709305, 0.03541148779913783
O83279,L,0.006918652914464474, 0.03191086965509587
O83279,L,0.012380515225231647, 0.019218438046260014
O83279,V,0.005563800688832998, 0.021588993000073567
O83279,N,0.017599256709218025, 0.02611635982369383
O83279,I,0.007474078796803951, 0.026368198554135032
O83279,S,0.019597232341766357, 0.03546059581761559
O83279,N,0.05557830259203911, 0.042824860093080334
O83279,D,0.05411682277917862, 0.057959723907212414
O83279,S,0.0580851249396801, 0.06365315688567029
O83279,W,0.08875022828578949, 0.07088139322068956
O83279,A,0.07865889370441437, 0.07252402024136649
O83279,K,0.14177757501602173, 0.07116563990712166
O83279,S,0.0688401535153389, 0.06944704511099392
O83279,L,0.07252820581197739, 0.06879082777433926
O83279,S,0.034380875527858734, 0.06231941137876776
O83279,C,0.0433528795838356, 0.056874540324012436
O83279,Q,0.03864946961402893, 0.04266143559167782
O83279,Y,0.05217916890978813, 0.037374441511929035
O83279,Q,0.03050748072564602, 0.033090822916063994
O83279,H,0.029655054211616516, 0.029804582190182474
O83279,L,0.013859632425010204, 0.026418645452294085
O83279,S,0.021257206797599792, 0.023577407726811037
O83279,M,0.03397563844919205, 0.021409520568947
O83279,A,0.004804708994925022, 0.01914561643368668
O83279,V,0.0128794489428401, 0.01697574473089642
O83279,F,0.013078330084681511, 0.0190039100125432
O83279,R,0.032668184489011765, 0.02033168708698617
O83279,A,0.010132343508303165, 0.01975664920690987
O83279,I,0.010126208886504173, 0.022420793150862057
O83279,E,0.03211311995983124, 0.022660298066006765
O83279,N,0.03320720046758652, 0.022647954523563385
O83279,R,0.028800297528505325, 0.019412582378006644
O83279,R,0.028782004490494728, 0.022341295404152736
O83279,A,0.015034993179142475, 0.021830304732753172
O83279,L,0.012967238202691078, 0.023950295833249886
O83279,V,0.003549835179001093, 0.03590184584673908
O83279,R,0.03649076074361801, 0.04259646280358235
O83279,A,0.0055272928439080715, 0.042008650903072625
O83279,S,0.05119303986430168, 0.046094994992017746
O83279,T,0.14077115058898926, 0.04669096300171481
O83279,S,0.08905185014009476, 0.049040226421008505
O83279,G,0.023491697385907173, 0.046298079968740545
O83279,Q,0.05181208997964859, 0.04697222593757841
O83279,T,0.018330950289964676, 0.04522875489460097
O83279,V,0.024693205952644348, 0.03447113889786932
O83279,A,0.01181144267320633, 0.032054048859410815
O83279,I,0.011594606563448906, 0.031411557354860835
O83279,A,0.03550180047750473, 0.038209150027897626
O83279,P,0.04395260661840439, 0.04143123266597589
O83279,D,0.0672980397939682, 0.04154431695739428
O83279,G,0.01770927384495735, 0.04601466034849485
O83279,R,0.11299042403697968, 0.05106398028632005
O83279,I,0.04732969403266907, 0.05056985695328978
O83279,L,0.02571096457540989, 0.05776286766760879
O83279,D,0.05204453319311142, 0.05683538048631615
O83279,E,0.05703848600387573, 0.062491298756665654
O83279,L,0.03105469048023224, 0.055376425178514585
O83279,Q,0.10868970304727554, 0.058549255753556885
O83279,P,0.05895065516233444, 0.060945029887888164
O83279,F,0.06861253827810287, 0.05756974592804909
O83279,A,0.04895656183362007, 0.05444864473409123
O83279,P,0.07588516920804977, 0.05317738590141138
O83279,G,0.0472729317843914, 0.042930758661694
O83279,V,0.021666977554559708, 0.04233408843477567
O83279,L,0.028948575258255005, 0.03555602445784542
O83279,V,0.01961336098611355, 0.03466405998915434
O83279,A,0.016470057889819145, 0.02837512528316842
O83279,D,0.053580623120069504, 0.027430910306672256
O83279,V,0.007609962485730648, 0.030116120249860816
O83279,P,0.040928881615400314, 0.03299459287275871
O83279,I,0.01928475685417652, 0.03502836481978496
O83279,V,0.0387749969959259, 0.039316808287468225
O83279,T,0.04583386704325676, 0.04016087959623999
O83279,C,0.054854828864336014, 0.04240943015449577
O83279,A,0.03791730850934982, 0.04120554919872019
O83279,C,0.055066049098968506, 0.04387712644206153
O83279,G,0.06117726489901543, 0.048020347125000425
O83279,G,0.027846917510032654, 0.047008720950947866
O83279,Y,0.030093953013420105, 0.04231346046759023
O83279,R,0.04332895204424858, 0.043727169641190104
O83279,Y,0.07606398314237595, 0.03955977058245076
O83279,W,0.03672923147678375, 0.034491757965750165
O83279,G,0.012597484514117241, 0.03341355919837952
O83279,D,0.050640691071748734, 0.03264300090571245
O83279,A,0.017559457570314407, 0.029359892010688782
O83279,L,0.01556515134871006, 0.022267768159508705
O83279,G,0.018143128603696823, 0.01949974149465561
O83279,V,0.023158928379416466, 0.0196597200507919
O83279,F,0.013780971989035606, 0.015252228722804122
O83279,F,0.012234868481755257, 0.015305127017199993
O83279,C,0.011816991493105888, 0.014695989899337292
O83279,V,0.014037291519343853, 0.015398419669104947
O83279,A,0.010973269119858742, 0.015138397510680888
O83279,S,0.018035542219877243, 0.015341730477909247
O83279,L,0.010082917287945747, 0.016047298390832212
O83279,F,0.02446499653160572, 0.017437225725087855
O83279,I,0.02081872895359993, 0.01974541652533743
O83279,L,0.015610968694090843, 0.021549686789512634
O83279,I,0.018584979698061943, 0.022661317760745685
O83279,A,0.02432633750140667, 0.03051748623450597
O83279,G,0.03481100872159004, 0.036374435449639954
O83279,G,0.02721170149743557, 0.039125369033879705
O83279,V,0.028040220960974693, 0.043094786090983286
O83279,R,0.08078843355178833, 0.05430169631209639
O83279,H,0.07717753946781158, 0.061089674631754555
O83279,M,0.04557713121175766, 0.0719509551094638
O83279,L,0.05133572220802307, 0.08696285283399953
O83279,R,0.11944717168807983, 0.0957161577211486
O83279,C,0.08541814237833023, 0.09634926252894932
O83279,R,0.1325625330209732, 0.10399284462134044
O83279,R,0.16231878101825714, 0.11372923271523581
O83279,G,0.10681996494531631, 0.10802526358101103
O83279,G,0.08648637682199478, 0.09475335561566883
O83279,W,0.14596977829933167, 0.08526245090696546
O83279,R,0.1332046240568161, 0.07053328057130177
O83289,M,0.12837113440036774, 0.06474510745869742
O83289,I,0.11740778386592865, 0.0727678355243471
O83289,H,0.11017857491970062, 0.07599246232873863
O83289,T,0.08493635803461075, 0.0817124584896697
O83289,H,0.14181211590766907, 0.0855557279040416
O83289,T,0.07220455259084702, 0.07310740670396222
O83289,L,0.029021641239523888, 0.061052349085609116
O83289,S,0.05147996544837952, 0.05160678674777349
O83289,L,0.03458942472934723, 0.04430355276498529
O83289,S,0.016336243599653244, 0.030282940508590803
O83289,F,0.008912265300750732, 0.024620794380704563
O83289,M,0.025168513879179955, 0.02389581956797176
O83289,L,0.01920725218951702, 0.022042454944716558
O83289,F,0.015626605600118637, 0.022918880813651614
O83289,S,0.021245237439870834, 0.026659753173589706
O83289,F,0.022496867924928665, 0.028679905666245356
O83289,F,0.03479968383908272, 0.029967296661602125
O83289,F,0.042477257549762726, 0.03315677990516027
O83289,G,0.05000409483909607, 0.03432244641913308
O83289,A,0.027093637734651566, 0.034147760934299894
O83289,G,0.0367550328373909, 0.03570424641172091
O83289,N,0.0479126013815403, 0.03467940642601914
O83289,L,0.026117604225873947, 0.03329213729335202
O83289,I,0.019673068076372147, 0.03352352376613352
O83289,L,0.036505237221717834, 0.03174491609550185
O83289,P,0.025576123967766762, 0.02939548674556944
O83289,P,0.029991835355758667, 0.028958537098434236
O83289,L,0.05208657309412956, 0.035384871893458895
O83289,L,0.011086168698966503, 0.03516239031321473
O83289,G,0.015610168687999249, 0.03880468445519606
O83289,K,0.043980054557323456, 0.04436940203110377
O83289,H,0.08395461738109589, 0.047352848367558584
O83289,A,0.017670733854174614, 0.04684263509180811
O83289,G,0.06928588449954987, 0.04937030757880873
O83289,T,0.07565858215093613, 0.05178129238386949
O83289,T,0.056842852383852005, 0.04888326695395841
O83289,L,0.04749465361237526, 0.04196444133089648
O83289,A,0.03383522108197212, 0.04175627314382129
O83289,T,0.037309031933546066, 0.03590892172522015
O83289,A,0.017897825688123703, 0.03135086430443658
O83289,L,0.02168518677353859, 0.026632912353509
O83289,L,0.015797220170497894, 0.023294360376894474
O83289,G,0.016659721732139587, 0.02341341982699103
O83289,F,0.03463606536388397, 0.020903323777019978
O83289,A,0.014381284825503826, 0.020619980576965544
O83289,T,0.017447685822844505, 0.020150851872232225
O83289,S,0.03490675613284111, 0.021351468024982348
O83289,A,0.01471816748380661, 0.023584871449404292
O83289,V,0.0153477368876338, 0.02138623884982533
O83289,L,0.01746302843093872, 0.021386375340322655
O83289,I,0.026602765545248985, 0.021740436864395935
O83289,P,0.0367603525519371, 0.019021186253262892
O83289,I,0.014848371967673302, 0.019140931570695505
O83289,A,0.014382513239979744, 0.019765224928657215
O83289,G,0.02063423953950405, 0.020200989519556362
O83289,L,0.0104335006326437, 0.020027545591195423
O83289,I,0.01579587534070015, 0.023980768190489873
O83289,T,0.02096637710928917, 0.026998936095171504
O83289,I,0.021384909749031067, 0.03721287474036217
O83289,A,0.025041770190000534, 0.0428590706239144
O83289,H,0.07233935594558716, 0.048426099535491735
O83289,A,0.04201188310980797, 0.0559088463584582
O83289,G,0.10630796104669571, 0.06417276503311263
O83289,G,0.07145000249147415, 0.06380030719770326
O83289,I,0.060536760836839676, 0.06366501541601287
O83289,V,0.08314059674739838, 0.06975793631540404
O83289,P,0.09534164518117905, 0.07769998990827137
O83289,L,0.01803278923034668, 0.06971974588102764
O83289,S,0.023824144154787064, 0.06586109929614598
O83289,E,0.12717564404010773, 0.07461062032315466
O83289,R,0.11349036544561386, 0.07573931126130952
O83289,V,0.03448576480150223, 0.06769017440577348
O83289,G,0.03672218322753906, 0.06910238601267338
O83289,K,0.1392824500799179, 0.07631224538717005
O83289,R,0.09329881519079208, 0.06448804111116463
O83289,F,0.022899413481354713, 0.05467090258995692
O83289,A,0.030742693692445755, 0.055015675723552704
O83289,H,0.08871287852525711, 0.05258741260816654
O83289,L,0.020757805556058884, 0.03893185893280639
O83289,Y,0.02513611875474453, 0.03254047936449448
O83289,P,0.03758872300386429, 0.033849696835709944
O83289,A,0.014867815189063549, 0.031849156237310834
O83289,I,0.01638246700167656, 0.024098309377829235
O83289,T,0.035776399075984955, 0.024818362668156624
O83289,L,0.034682370722293854, 0.024614954988161724
O83289,L,0.012737828306853771, 0.02439437930782636
O83289,V,0.018955256789922714, 0.02484433777216408
O83289,I,0.027238285169005394, 0.02610068778610892
O83289,G,0.02330544963479042, 0.023965827396346465
O83289,P,0.035603541880846024, 0.022030024582313165
O83289,A,0.018917441368103027, 0.02417515984012021
O83289,L,0.0276896171271801, 0.03522683411008782
O83289,S,0.016562655568122864, 0.035554968234565526
O83289,I,0.017260145395994186, 0.03493739871515168
O83289,P,0.03204404562711716, 0.033185709474815264
O83289,R,0.1184203252196312, 0.03600851218733522
O83289,A,0.030191492289304733, 0.03589140665200022
O83289,G,0.01774732396006584, 0.03794826277428203
O83289,I,0.01983833871781826, 0.041964383588896856
O83289,V,0.0443226657807827, 0.04285193814171685
O83289,P,0.026635667309165, 0.03128545596781704
O83289,F,0.03507436066865921, 0.03035773719764418
O83289,A,0.05340523272752762, 0.03886022594653898
O83289,L,0.0400320366024971, 0.05463160605480274
O83289,A,0.01432198565453291, 0.055268170001606144
O83289,I,0.021842023357748985, 0.059433170594275
O83289,A,0.09426972270011902, 0.07038103799439138
O83289,P,0.16178075969219208, 0.08433308379931582
O83289,L,0.0500517413020134, 0.09466162748220894
O83289,I,0.06412067264318466, 0.10946280488537417
O83289,H,0.13360516726970673, 0.117005854845047
O83289,R,0.17897364497184753, 0.12190964486863878
O83289,A,0.13298892974853516, 0.11668245163228777
O83289,N,0.14753258228302002, 0.1181438457634714
O83289,T,0.08972947299480438, 0.11629283262623681
O83289,T,0.13840383291244507, 0.11343189494477378
O83289,L,0.11473602056503296, 0.09632405555910534
O83289,L,0.06320428848266602, 0.08415865566995409
O83289,A,0.047461554408073425, 0.07350497444470723
O83289,Q,0.10785672813653946, 0.06791434105899599
O83289,L,0.025003090500831604, 0.054757125261757106
O83289,I,0.02350033074617386, 0.04463671106431219
O83289,Y,0.05164945125579834, 0.04013036087983184
O83289,T,0.03941377252340317, 0.03725110615293185
O83289,T,0.01998889073729515, 0.02762700244784355
O83289,C,0.023652292788028717, 0.0260537951770756
O83289,F,0.022647136822342873, 0.024940006745358307
O83289,F,0.021548261865973473, 0.02217119611385796
O83289,I,0.02123979479074478, 0.021865203252269164
O83289,V,0.010844225063920021, 0.021124551072716713
O83289,S,0.01347623486071825, 0.020650846883654594
O83289,Y,0.02673015557229519, 0.02174770211180051
O83289,W,0.036659836769104004, 0.024294603822959795
O83289,L,0.013323021121323109, 0.02685812550286452
O83289,C,0.01938895508646965, 0.03344697836372587
O83289,M,0.03251883387565613, 0.03921637052877082
O83289,R,0.04447037726640701, 0.037828431361251406
O83289,P,0.044311489909887314, 0.03567754104733467
O83289,H,0.07014390081167221, 0.04001658440877994
O83289,T,0.06540076434612274, 0.04176075580633349
O83289,L,0.014238703064620495, 0.03957775990582175
O83289,S,0.01730182394385338, 0.036883875210252076
O83289,N,0.05237441137433052, 0.03696519250257148
O83289,T,0.0350864976644516, 0.03082577232271433
O83289,L,0.012871870771050453, 0.025250390482445557
O83289,G,0.020225415006279945, 0.02678180444571707
O83289,K,0.04504334554076195, 0.028882493989335165
O83289,V,0.014889119192957878, 0.024323546638091404
O83289,L,0.015222327783703804, 0.022704425164394908
O83289,T,0.028021428734064102, 0.023092486792140536
O83289,P,0.036208029836416245, 0.022629793733358383
O83289,A,0.011343885213136673, 0.019882577781875927
O83289,L,0.02051440440118313, 0.02126164734363556
O83289,L,0.01636442542076111, 0.021927270003490977
O83289,V,0.016061177477240562, 0.02144004487329059
O83289,L,0.020318401977419853, 0.019605636182758544
O83289,V,0.027300745248794556, 0.020943071279260848
O83289,L,0.021212931722402573, 0.021854204850064382
O83289,L,0.023636402562260628, 0.02568087023165491
O83289,L,0.019698351621627808, 0.027585124596953392
O83289,F,0.02338080108165741, 0.030386583258708317
O83289,L,0.028714606538414955, 0.03315216675400734
O83289,A,0.050804413855075836, 0.0408016120394071
O83289,S,0.03319946676492691, 0.046439634222123355
O83289,F,0.04553152993321419, 0.053835926577448845
O83289,T,0.05219099670648575, 0.06255078460607263
O83289,P,0.09005793929100037, 0.07193298016985257
O83289,T,0.074378602206707, 0.08420167159703043
O83289,L,0.08626498281955719, 0.09227890479895803
O83289,G,0.10181452333927155, 0.10178639160262214
O83289,P,0.11315436661243439, 0.10367886970440547
O83289,Y,0.1612226366996765, 0.1128027116258939
O83289,L,0.10589456558227539, 0.12017154196898143
O83289,P,0.1310989111661911, 0.12285093052519692
O83289,A,0.0692232996225357, 0.13135484274890688
O83289,Q,0.17217251658439636, 0.1282055675983429
O83289,G,0.14069807529449463, 0.12733527024586996
O83289,A,0.11037947982549667, 0.13503534264034694
O83289,Y,0.17834973335266113, 0.13364769104454252
O83289,A,0.08481089025735855, 0.13220765441656113
O83289,T,0.15338996052742004, 0.11596981974111663
O83289,H,0.17519521713256836, 0.10435529260171784
O83289,I,0.11861004680395126, 0.109393912471003
O83289,P,0.056262969970703125, 0.09111132048484352
O83289,F,0.02603200450539589, 0.0838416072850426
O83289,S,0.03616733103990555, 0.0725129543700152
O83289,Q,0.1557270586490631, 0.06407434069034126
O83289,G,0.01380640547722578, 0.05238901430533992
O83289,F,0.019383471459150314, 0.050331790207160845
O83289,L,0.051432084292173386, 0.051758235320448875
O83289,D,0.09924769401550293, 0.051309325421849884
O83289,G,0.01344210933893919, 0.03713643364608288
O83289,Y,0.037747953087091446, 0.040259671604467764
O83289,L,0.038870010524988174, 0.03919586094303264
O83289,T,0.03212714195251465, 0.034882976570063166
O83289,T,0.028171032667160034, 0.025679839154084522
O83289,D,0.04191554710268974, 0.025484081047276657
O83289,A,0.009809175506234169, 0.024124906605316535
O83289,L,0.01261612493544817, 0.022532511399024062
O83289,A,0.016419457271695137, 0.02175130250139369
O83289,S,0.01168028637766838, 0.019756873966091208
O83289,L,0.02551538310945034, 0.019531522049672075
O83289,M,0.024538453668355942, 0.02113737900637918
O83289,F,0.025096261873841286, 0.021406178673108418
O83289,G,0.010221175849437714, 0.021549221749107044
O83289,N,0.039887379854917526, 0.025519179594185617
O83289,M,0.02426188811659813, 0.02965018070406384
O83289,I,0.015035321936011314, 0.030150411029656727
O83289,L,0.017706844955682755, 0.037442379320661225
O83289,T,0.04740990698337555, 0.049708737888269953
O83289,Y,0.06269439309835434, 0.055306743623481855
O83289,L,0.02904052659869194, 0.07343174662027094
O83289,H,0.09072397649288177, 0.09376796334981918
O83289,R,0.12061840295791626, 0.1138934116396639
O83289,T,0.09026943147182465, 0.13126453798678187
O83289,R,0.1873869150876999, 0.14927382891376814
O83289,Y,0.1980612725019455, 0.1754896127515369
O83289,T,0.19883587956428528, 0.19716638657781813
O83289,T,0.20375004410743713, 0.21118526491853926
O83289,A,0.22477801144123077, 0.22956412699487475
O83289,P,0.26498258113861084, 0.22869022521707746
O83289,F,0.28581494092941284, 0.2283700472778744
O83289,P,0.24678830802440643, 0.2284087042013804
O83289,P,0.255679190158844, 0.2336334486802419
O83289,T,0.17952179908752441, 0.22085838516553244
O83289,P,0.19517967104911804, 0.2038375528322326
O83289,A,0.19918379187583923, 0.18455195178588232
O83289,N,0.25077274441719055, 0.16555650615029865
O83289,T,0.10980243980884552, 0.14043139666318893
O83289,P,0.1117950901389122, 0.12791004363033506
O83289,A,0.11224453151226044, 0.11311784055497912
O83289,D,0.07582929730415344, 0.09339894913136959
O83289,M,0.029553204774856567, 0.0669882773525185
O83289,R,0.0668296217918396, 0.05830551104413138
O83289,T,0.06204984337091446, 0.048925063055422574
O83289,V,0.02171376906335354, 0.03854778471092383
O83289,A,0.013076698407530785, 0.03243550554745727
O83289,W,0.031657543033361435, 0.030707594007253647
O83289,I,0.027371058240532875, 0.024920933672951326
O83289,A,0.018849026411771774, 0.01992041565891769
O83289,G,0.020818784832954407, 0.019699286359051865
O83289,V,0.014002000913023949, 0.019881709064874385
O83289,M,0.014749678783118725, 0.018553134571346972
O83289,L,0.01704518124461174, 0.018948393046028085
O83289,F,0.01972360536456108, 0.018651853108571634
O83289,F,0.014718502759933472, 0.01825696074714263
O83289,T,0.019700372591614723, 0.018632437930338912
O83289,Y,0.030928384512662888, 0.01831615695522891
O83289,G,0.016180166974663734, 0.02314021334879928
O83289,V,0.017264753580093384, 0.02240183163020346
O83289,L,0.017381295561790466, 0.02228135522454977
O83289,A,0.011903150007128716, 0.022862552251252864
O83289,H,0.06046168878674507, 0.024316077327562705
O83289,L,0.013078169897198677, 0.02523928311549955
O83289,G,0.013634215109050274, 0.02831501192930672
O83289,A,0.02493114583194256, 0.038880522155927286
O83289,L,0.04401011019945145, 0.05482899180303017
O83289,S,0.024489019066095352, 0.05865709390491247
O83289,A,0.04494631290435791, 0.07439114867399137
O83289,R,0.11247088760137558, 0.10414666372040908
O83289,Q,0.1554393768310547, 0.12278721357385318
O83289,L,0.09491460770368576, 0.1362020228472021
O83289,P,0.1546846628189087, 0.15796265833907658
O83289,H,0.2814338505268097, 0.16056702782710394
O83289,T,0.19269609451293945, 0.15205966639849874
O83289,V,0.16474339365959167, 0.15049478949771988
O83289,N,0.2203347384929657, 0.14350147214200762
O83289,G,0.06838563829660416, 0.1286801685475641
O83289,A,0.03590463474392891, 0.1007934831496742
O83289,H,0.1413554847240448, 0.09040683818360169
O83289,I,0.03197475150227547, 0.07431208880411254
O83289,L,0.021292930468916893, 0.051324647230406605
O83289,A,0.03045368194580078, 0.06246811223940717
O83289,S,0.0992162898182869, 0.07131016285469134
O83289,V,0.019890649244189262, 0.05964309008171161
O83289,S,0.013447764329612255, 0.06003062375303772
O83289,R,0.16867682337760925, 0.06726369479050238
O83289,H,0.11548309028148651, 0.07666168744779295
O83289,L,0.03635182976722717, 0.07095972665896018
O83289,F,0.035462554544210434, 0.07147223016040193
O83289,G,0.08639056980609894, 0.07675977692835861
O83289,K,0.11503561586141586, 0.061729915647043124
O83289,A,0.04789864271879196, 0.05096749775111675
O83289,G,0.024503180757164955, 0.05098984700938066
O83289,I,0.06103568524122238, 0.05048506727649106
O83289,A,0.03340807184576988, 0.04203205514285299
O83289,L,0.018621329218149185, 0.031064156649841204
O83289,L,0.036552973091602325, 0.027601120579573844
O83289,G,0.03091953694820404, 0.026905975821945403
O83289,L,0.010313460603356361, 0.021660333602792688
O83289,I,0.01632452942430973, 0.020581699183417693
O83289,F,0.016731318086385727, 0.022624294066594705
O83289,T,0.018246877938508987, 0.02037948194063372
O83289,I,0.013824905268847942, 0.020542708846429985
O83289,A,0.02370036207139492, 0.025597745449178748
O83289,C,0.037004683166742325, 0.025238022725615237
O83289,L,0.016349663957953453, 0.024631515041821532
O83289,T,0.03238857910037041, 0.025605862856739096
O83289,T,0.055808790028095245, 0.0259294801702102
O83289,C,0.013087024912238121, 0.024621777857343357
O83289,A,0.011272748932242393, 0.026547008297509618
O83289,G,0.027016008272767067, 0.029635974516471226
O83289,L,0.01673746109008789, 0.027123133651912212
O83289,L,0.0119310412555933, 0.023180118554996118
O83289,V,0.05433175712823868, 0.030231032830973465
O83289,C,0.04415035992860794, 0.03501317080938154
O83289,V,0.009773011319339275, 0.03370174206793308
O83289,S,0.02032165415585041, 0.04610405469106303
O83289,E,0.07654525339603424, 0.06003858314620124
O83289,Y,0.05431199073791504, 0.06506678213675816
O83289,F,0.015213149599730968, 0.06418916996982363
O83289,H,0.12835827469825745, 0.08119793701916933
O83289,K,0.13734179735183716, 0.09988517676376635
O83289,R,0.09958554804325104, 0.09544711839407682
O83289,A,0.03625185042619705, 0.09591034334152937
O83289,P,0.16285191476345062, 0.10765538116296132
O83289,R,0.1885068118572235, 0.10433688428666857
O83289,V,0.03660272806882858, 0.09585292720132405
O83289,S,0.058481015264987946, 0.08738553586105506
O83289,Y,0.12091848999261856, 0.08621704392135143
O83289,L,0.09849180281162262, 0.07337750556568305
O83289,C,0.06098618358373642, 0.053793493658304214
O83289,W,0.023379025980830193, 0.0522263211508592
O83289,I,0.02573542296886444, 0.04855297671424018
O83289,R,0.04729606956243515, 0.036550298954049744
O83289,L,0.012250704690814018, 0.02710336757202943
O83289,F,0.022498175501823425, 0.022012816535101995
O83289,T,0.025420915335416794, 0.020607492679523096
O83289,I,0.012894390150904655, 0.019278897386458185
O83289,S,0.013469420373439789, 0.015482882348199686
O83289,S,0.015171224251389503, 0.0158478200642599
O83289,F,0.010731111280620098, 0.015621360287898116
O83289,A,0.013778065331280231, 0.017221230496135023
O83289,L,0.013131934218108654, 0.020144131138092942
O83289,A,0.01553514413535595, 0.02447041506982512
O83289,N,0.020460037514567375, 0.04048178789930211
O83289,T,0.03981974720954895, 0.04928426361746258
O83289,G,0.039200495928525925, 0.04938476781050364
O83289,L,0.05240597575902939, 0.05162078235298395
O83289,E,0.15927357971668243, 0.057546010758313865
O83289,R,0.08995339274406433, 0.06068822958817085
O83289,I,0.014682603068649769, 0.05867922357800934
O83289,L,0.03325606510043144, 0.05972695526563459
O83289,A,0.0688621997833252, 0.06267394053025378
O83289,Y,0.04874000698328018, 0.04652580018672678
O83289,G,0.021738693118095398, 0.040429937549763255
O83289,T,0.04863008111715317, 0.04419700397799412
O83289,P,0.07892884314060211, 0.04292098029206196
O83289,L,0.013940316624939442, 0.036950684152543545
O83289,L,0.03509062901139259, 0.03916033264249563
O83289,M,0.048586200922727585, 0.040638454568882786
O83289,I,0.021771851927042007, 0.03655592817813158
O83289,L,0.015129534527659416, 0.03062085962543885
O83289,Y,0.06862684339284897, 0.030203807374669447
O83289,P,0.03504179045557976, 0.027160862512472603
O83289,I,0.011887343600392342, 0.023082554806023836
O83289,S,0.02551322616636753, 0.022171859370751515
O83289,L,0.010186846368014812, 0.021719851065427065
O83289,V,0.007704125251621008, 0.015300690558635525
O83289,L,0.011881431564688683, 0.01421617680332727
O83289,I,0.013575593009591103, 0.015663688640213676
O83289,G,0.01106145977973938, 0.014240028181423744
O83289,I,0.01085439883172512, 0.019181536458846595
O83289,S,0.025281166657805443, 0.03236284520890978
O83289,H,0.024914950132369995, 0.03638040336469809
O83289,L,0.012700282037258148, 0.03948427695367071
O83289,E,0.05466042086482048, 0.054369924383030996
O83289,R,0.12633590400218964, 0.058084411546587944
O83289,L,0.048039454966783524, 0.06058454513549805
O83289,I,0.041510455310344696, 0.07090369529194301
O83289,R,0.14503228664398193, 0.0751040851076444
O83289,I,0.04428478330373764, 0.07060679700225592
O83289,P,0.04778236895799637, 0.06108635777814521
O83289,R,0.11778730154037476, 0.06341122163252698
O83289,A,0.05050379037857056, 0.060946185452242695
O83289,A,0.014184827916324139, 0.04640787384576268
O83289,Y,0.04065195098519325, 0.0442302566435602
O83289,R,0.06896322965621948, 0.04323521960112783
O83289,L,0.019325129687786102, 0.032067802217271596
O83289,T,0.014187482185661793, 0.028774869524770312
O83289,V,0.02468622848391533, 0.030396089889109135
O83289,W,0.03882703557610512, 0.028231162060466077
O83289,S,0.017280545085668564, 0.022852269415226247
O83289,A,0.020867396146059036, 0.02361299894336197
O83289,G,0.028775811195373535, 0.02448838162753317
O83289,T,0.02116760052740574, 0.02475189045071602
O83289,L,0.020553195849061012, 0.027840763330459595
O83289,S,0.026171695441007614, 0.03459637570712301
O83289,T,0.02206592634320259, 0.03598531418376499
O83289,C,0.02705780789256096, 0.04054014881451925
O83289,A,0.0666268914937973, 0.05323200817737314
O83289,V,0.07808105647563934, 0.0605947652624713
O83289,G,0.03336784243583679, 0.0635053316752116
O83289,T,0.06976932287216187, 0.0773598382042514
O83289,P,0.13539433479309082, 0.10162071221404606
O83289,L,0.08681800961494446, 0.10602042906814152
O83289,V,0.052366793155670166, 0.11936464574601915
O83289,A,0.14675648510456085, 0.12382836805449592
O83289,H,0.2454056739807129, 0.1277942872709698
O83289,T,0.10622434318065643, 0.137170500225491
O83289,R,0.19817900657653809, 0.13873769922388923
O83289,I,0.07354134321212769, 0.13746149010128444
O83289,G,0.10546259582042694, 0.1389931324455473
O83289,H,0.21978025138378143, 0.12519477390580708
O83289,V,0.10092280060052872, 0.11773616323868434
O83289,L,0.04088091105222702, 0.10337485041883257
O83289,N,0.16054126620292664, 0.11635499695936839
O83289,T,0.12122044712305069, 0.11367806626690759
O83289,L,0.03909684717655182, 0.09200208261609077
O83289,I,0.06892719119787216, 0.09408705060680707
O83289,H,0.19036266207695007, 0.09317051702075535
O83289,T,0.08137021958827972, 0.08566004782915115
O83289,L,0.02469639852643013, 0.09036436180273692
O83289,P,0.1196875125169754, 0.09664825763967302
O83289,L,0.03263210877776146, 0.09971147444513109
O83289,A,0.09294704347848892, 0.0810735026995341
O83289,Q,0.16355927288532257, 0.07702106941077444
O83289,E,0.09565190970897675, 0.07772109616133901
O83289,Q,0.09649614244699478, 0.06631211108631557
O83289,L,0.02262091636657715, 0.06563063297006819
O83289,C,0.044898319989442825, 0.0583756561908457
O83289,W,0.030996639281511307, 0.04230760451820162
O83289,L,0.01700664684176445, 0.03296321340733104
O83289,I,0.026498805731534958, 0.02369965674976508
O83289,P,0.027652252465486526, 0.02296885372036033
O83289,S,0.018946807831525803, 0.020540555732117757
O83289,A,0.011552389711141586, 0.01973608632882436
O83289,A,0.0131241325289011, 0.019801858812570572
O83289,V,0.016043689101934433, 0.020294421455926366
O83289,L,0.023043638095259666, 0.021325005632307794
O83289,I,0.023756414651870728, 0.021906625893380906
O83289,L,0.017598599195480347, 0.0282962028351095
O83289,S,0.0309318695217371, 0.03311761779089769
O83289,T,0.03692751005291939, 0.04261286825769477
O83289,A,0.024181390181183815, 0.04662874465187391
O83289,H,0.06905858218669891, 0.055219086094035044
O83289,A,0.0565168671309948, 0.06749651042951478
O83289,R,0.10150094330310822, 0.08136402008434136
O83289,L,0.05918652564287186, 0.08838143013417721
O83289,R,0.10106948763132095, 0.09752911370661524
O83289,E,0.12809541821479797, 0.10295040036241214
O83289,K,0.1557394564151764, 0.1122954140106837
O83289,T,0.10008420050144196, 0.12844169470998976
O83289,C,0.10651054233312607, 0.1417587904466523
O83289,T,0.117850162088871, 0.14756080508232117
O83289,P,0.14062198996543884, 0.15054372946421304
O83289,R,0.2468174695968628, 0.14922593533992767
O83289,G,0.17904038727283478, 0.15984226597679985
O83289,T,0.1532876193523407, 0.16903559118509293
O83289,L,0.15494173765182495, 0.17714816331863403
O83289,P,0.14387930929660797, 0.17926772601074642
O83289,L,0.19563117623329163, 0.15184356272220612
O83289,T,0.18925046920776367, 0.13195018635855782
O83289,D,0.19086331129074097, 0.11491822865274218
O83289,N,0.15969805419445038, 0.09770248002476162
O83323,M,0.07254324853420258, 0.04450575138131777
O83323,K,0.13382920622825623, 0.050553292449977666
O83323,R,0.1295442283153534, 0.05408606636855337
O83323,V,0.03157568350434303, 0.05598636075026459
O83323,I,0.03305939584970474, 0.0581095235215293
O83323,N,0.054427869617938995, 0.05332200684481197
O83323,S,0.031794965267181396, 0.04013710872580608
O83323,C,0.017102649435400963, 0.02711106019301547
O83323,I,0.019108464941382408, 0.02556733155830039
O83323,A,0.029455598443746567, 0.02356139218641652
O83323,V,0.015165123157203197, 0.018717557502289612
O83323,L,0.012309791520237923, 0.01644009631127119
O83323,L,0.01768212579190731, 0.01553777191374037
O83323,G,0.01500594150274992, 0.01551085441476769
O83323,V,0.010833357460796833, 0.014481331118279032
O83323,A,0.011297814548015594, 0.014051600048939386
O83323,V,0.008981729857623577, 0.013912067541645633
O83323,M,0.01886620745062828, 0.014218085238503085
O83323,S,0.020189888775348663, 0.01770104467868805
O83323,A,0.011297543533146381, 0.01981984151320325
O83323,V,0.011053998954594135, 0.023502897367709212
O83323,I,0.020436285063624382, 0.028079815208911896
O83323,V,0.0463525764644146, 0.041594592647420034
O83323,L,0.02990252897143364, 0.04849621198243565
O83323,C,0.04444531723856926, 0.05284836422652006
O83323,S,0.05017399042844772, 0.05877036746177408
O83323,E,0.14049920439720154, 0.06676546815368864
O83323,N,0.0823044627904892, 0.06573020418485005
O83323,P,0.05046691372990608, 0.06404501903388235
O83323,S,0.06435202807188034, 0.06423535239365366
O83323,V,0.09239219129085541, 0.06507988563842243
O83323,S,0.037035200744867325, 0.051504759738842644
O83323,L,0.014735862612724304, 0.04385846066806051
O83323,A,0.046158317476511, 0.045054581430223256
O83323,A,0.05777478963136673, 0.048993206686443753
O83323,F,0.01832307130098343, 0.044991283780998655
O83323,F,0.013487771153450012, 0.044564231816265315
O83323,L,0.06123200058937073, 0.05113026458356115
O83323,K,0.09979965537786484, 0.06015734954012765
O83323,P,0.05637488514184952, 0.06805871592627631
O83323,F,0.0331917330622673, 0.07833259801069896
O83323,S,0.07383015751838684, 0.08777997891108195
O83323,T,0.12740208208560944, 0.08417595964339045
O83323,R,0.1288870871067047, 0.08251900929543707
O83323,G,0.1107880100607872, 0.08680893687738313
O83323,Y,0.09851419925689697, 0.08483237172994348
O83323,I,0.02879582718014717, 0.07797719051854478
O83323,R,0.08488710224628448, 0.07032307578871648
O83323,A,0.09498423337936401, 0.06772724135468404
O83323,L,0.015402646735310555, 0.05705682302100791
O83323,F,0.012133526615798473, 0.04735980938292212
O83323,H,0.058515049517154694, 0.04818156206359466
O83323,K,0.10552457720041275, 0.04086806262946791
O83323,A,0.014754245057702065, 0.031019708710826106
O83323,G,0.01124107651412487, 0.030032609227216907
O83323,L,0.03619160130620003, 0.02994510629731748
O83323,F,0.019065607339143753, 0.024041264473150175
O83323,V,0.006349048111587763, 0.013012941564536758
O83323,C,0.006518751382827759, 0.012353513958967395
O83323,M,0.011346000246703625, 0.01207486679777503
O83323,A,0.0053804730996489525, 0.009504467093696197
O83323,L,0.006269671022891998, 0.0083160901752611
O83323,G,0.0088193966075778, 0.008489166800346639
O83323,A,0.008733252063393593, 0.01045602901528279
O83323,S,0.013058003969490528, 0.013788343096772829
O83323,C,0.008370215073227882, 0.015055122164388498
O83323,A,0.007906737737357616, 0.01729022307942311
O83323,L,0.024220511317253113, 0.0179581916373637
O83323,K,0.04133682698011398, 0.020340006074143782
O83323,T,0.016781484708189964, 0.023148636023203533
O83323,G,0.026385579258203506, 0.02357691019359562
O83323,M,0.014831113629043102, 0.024627973635991413
O83323,I,0.03016958199441433, 0.023854889389541414
O83323,N,0.03833567351102829, 0.026668284916215472
O83323,L,0.012224682606756687, 0.02685351876748933
O83323,G,0.017366308718919754, 0.026597562349504895
O83323,G,0.01726275309920311, 0.026392105863326125
O83323,D,0.06665738672018051, 0.028777078311476443
O83323,G,0.018448589369654655, 0.02516087729276882
O83323,Q,0.024081971496343613, 0.0248163347132504
O83323,I,0.012982005253434181, 0.02472216020234757
O83323,Y,0.05163433402776718, 0.024574166836424008
O83323,A,0.005789864342659712, 0.018520978848553367
O83323,A,0.00912379939109087, 0.018875293692366943
O83323,G,0.016518738120794296, 0.018846206004834838
O83323,F,0.015930812805891037, 0.02107745476274027
O83323,V,0.01217869482934475, 0.017589407714290753
O83323,T,0.02163742296397686, 0.02163162465310759
O83323,A,0.02382018230855465, 0.034742368592156306
O83323,L,0.033063244074583054, 0.043303228500816554
O83323,L,0.020241910591721535, 0.05243778559896681
O83323,L,0.04216981679201126, 0.06650969986286429
O83323,R,0.1271204948425293, 0.07833932133184539
O83323,E,0.09356647729873657, 0.08249945752322674
O83323,Y,0.09814182668924332, 0.08507057424220774
O83323,W,0.138825923204422, 0.09196969328655137
O83323,G,0.12810401618480682, 0.09052129296792878
O83323,V,0.061261408030986786, 0.08075117982096142
O83323,G,0.056203294545412064, 0.07468391044272317
O83323,F,0.08233398199081421, 0.06819115496344036
O83323,L,0.02913421392440796, 0.055294899062977895
O83323,L,0.039189476519823074, 0.04255310652984513
O83323,Q,0.038961052894592285, 0.037679793727066785
O83323,W,0.03970702737569809, 0.032568180416193276
O83323,S,0.02275962010025978, 0.02435413572109408
O83323,V,0.013427883386611938, 0.022854335709578462
O83323,A,0.017401592805981636, 0.020731312843660515
O83323,L,0.010198774747550488, 0.01721694465312693
O83323,L,0.008407579734921455, 0.014138073143031862
O83323,C,0.015636013820767403, 0.012953580460614629
O83323,A,0.020082270726561546, 0.013061089337699942
O83323,L,0.00733173917979002, 0.012134848886893855
O83323,S,0.011997183784842491, 0.011809673781196276
O83323,V,0.012099185958504677, 0.012298078690138128
O83323,A,0.014395463280379772, 0.011398897816737493
O83323,G,0.009065428748726845, 0.010296775648991266
O83323,I,0.007272198796272278, 0.010471242479979992
O83323,L,0.012803223915398121, 0.011859572492539883
O83323,A,0.007543385960161686, 0.011617604539626174
O83323,C,0.010163171216845512, 0.011155778542160988
O83323,V,0.008901940658688545, 0.011954463190502591
O83323,S,0.024492153897881508, 0.016587712284591462
O83323,G,0.009921474382281303, 0.0196682582091954
O83323,I,0.010239029303193092, 0.028289108847578365
O83323,L,0.01625359058380127, 0.031171449770530064
O83323,K,0.04897144064307213, 0.03771625479890241
O83323,A,0.04052813723683357, 0.03781630016035504
O83323,W,0.08513104170560837, 0.044211301745639905
O83323,L,0.0361042395234108, 0.05120042132006751
O83323,A,0.06780518591403961, 0.053551118820905685
O83323,T,0.0253925621509552, 0.05053797529803382
O83323,S,0.06747648864984512, 0.04762976513140731
O83323,E,0.07314110547304153, 0.039793418616884284
O83323,M,0.03740986809134483, 0.03896118193450901
O83323,I,0.021853148937225342, 0.033575532440510064
O83323,T,0.014354245737195015, 0.03197606932371855
O83323,S,0.014603923074901104, 0.026942257976366416
O83323,F,0.028614109382033348, 0.021718641225662496
O83323,L,0.01933434046804905, 0.018740098716484174
O83323,L,0.010997394099831581, 0.018008188241057925
O83323,S,0.02217218652367592, 0.02220912753707833
O83323,T,0.026128554716706276, 0.02960340047462119
O83323,A,0.010602985508739948, 0.027821015152666304
O83323,C,0.015265954658389091, 0.02754173448516263
O83323,V,0.05216269940137863, 0.03325431628359689
O83323,P,0.08115237951278687, 0.034189694457583956
O83323,L,0.012572641484439373, 0.03306431882083416
O83323,I,0.016820814460515976, 0.03535713803850942
O83323,D,0.0624106302857399, 0.04336730380439096
O83323,A,0.030590590089559555, 0.04378426561339034
O83323,L,0.0160001739859581, 0.04054260988616281
O83323,I,0.031238358467817307, 0.04489776409334607
O83323,I,0.08735744655132294, 0.057246212744050555
O83323,T,0.05591535568237305, 0.057236051393879786
O83323,V,0.051977477967739105, 0.06281308043334219
O83323,T,0.05176902934908867, 0.07295440261562665
O83323,R,0.12795685231685638, 0.07891553971502516
O83323,D,0.06231917813420296, 0.08753784663147396
O83323,P,0.08078385144472122, 0.09864000644948748
O83323,A,0.10727207362651825, 0.11172179629405339
O83323,G,0.08488859236240387, 0.12255626875493261
O83323,N,0.16495820879936218, 0.12224100488755438
O83323,L,0.15583479404449463, 0.1312418041957749
O83323,L,0.1697135865688324, 0.139773095647494
O83323,A,0.14927928149700165, 0.1327059492468834
O83323,T,0.12511947751045227, 0.1318715206450886
O83323,A,0.14332637190818787, 0.1253723841574457
O83323,P,0.15756547451019287, 0.12222665796677272
O83323,V,0.0436677560210228, 0.11082630438937081
O83323,H,0.07737873494625092, 0.1077147697408994
O83323,S,0.10646598041057587, 0.09911928243107265
O83323,H,0.1275232583284378, 0.09843472970856561
O83323,F,0.06711040437221527, 0.09286339746581183
O83323,I,0.12127546966075897, 0.09667236109574635
O83323,L,0.047760091722011566, 0.09667456646760304
O83323,Q,0.1371653974056244, 0.09542219009664324
O83323,Q,0.10742348432540894, 0.08610949830876456
O83323,Q,0.0779484286904335, 0.08520695567131042
O83323,T,0.07739858329296112, 0.07835867380102475
O83323,S,0.09519459307193756, 0.07617288724415833
O83323,L,0.043709032237529755, 0.06581131637924248
O83323,F,0.05898752063512802, 0.05683285556733608
O83323,G,0.05964093282818794, 0.05184781158135997
O83323,V,0.02808801271021366, 0.044233522998789944
O83323,P,0.04391125962138176, 0.0351684270426631
O83323,A,0.02661733701825142, 0.03202403781728612
O83323,V,0.03308303281664848, 0.026491679354674287
O83323,L,0.008869986049830914, 0.02133294391549296
O83323,T,0.013608729466795921, 0.01932956837117672
O83323,Y,0.015409529209136963, 0.0155001071592172
O83323,A,0.009196294471621513, 0.013541022315621376
O83323,S,0.013212313875555992, 0.011261641254855527
O83323,L,0.010057632811367512, 0.01126123633649614
O83323,V,0.00944610871374607, 0.011005096965365939
O83323,A,0.008985573425889015, 0.012219612383180194
O83323,L,0.01256860326975584, 0.013228692942195468
O83323,A,0.008866341784596443, 0.012878334046237998
O83323,V,0.011303475126624107, 0.014180398649639554
O83323,G,0.026340167969465256, 0.016148393973708153
O83323,C,0.01827801950275898, 0.020274092339807086
O83323,F,0.010059083811938763, 0.02100152222232686
O83323,F,0.021776214241981506, 0.027554166917171743
O83323,S,0.027158066630363464, 0.032019589820669755
O83323,Y,0.04611685872077942, 0.03415458266519838
O83323,T,0.019115472212433815, 0.039191910065710545
O83323,R,0.06784014403820038, 0.042963005809320345
O83323,V,0.05149228125810623, 0.04308747127652168
O83323,G,0.045555103570222855, 0.04649402076999346
O83323,Y,0.06361396610736847, 0.04349957489305072
O83323,Q,0.043998945504426956, 0.043439893051981926
O83323,F,0.022896403446793556, 0.03888146434393194
O83323,R,0.0578170120716095, 0.042777734705143504
O83323,I,0.019166845828294754, 0.042381567466590137
O83323,C,0.018578335642814636, 0.044952734683950744
O83323,G,0.026814285665750504, 0.05204543947345681
O83323,K,0.08655871450901031, 0.054917778405878276
O83323,A,0.04198959842324257, 0.05067803255385823
O83323,P,0.08675447106361389, 0.06180457025766373
O83323,E,0.10783328860998154, 0.06687608775165346
O83323,F,0.04874745383858681, 0.0668511042992274
O83323,G,0.01965929940342903, 0.06110437048806085
O83323,R,0.11930568516254425, 0.059609734970662326
O83323,F,0.06422199308872223, 0.05583883056210147
O83323,V,0.02658943459391594, 0.05084615262846152
O83323,G,0.03483811020851135, 0.0570698423931996
O83323,F,0.028537878766655922, 0.05775770006908311
O83323,P,0.05281633138656616, 0.04646342827214135
O83323,V,0.06289918720722198, 0.04267746603323354
O83323,W,0.10476066172122955, 0.041601680840055145
O83323,A,0.025850018486380577, 0.04134100406534142
O83323,T,0.017657238990068436, 0.040103149910767875
O83323,Y,0.030148332938551903, 0.035682773114078574
O83323,V,0.01690736785531044, 0.030059998130632773
O83323,W,0.0324920192360878, 0.01948867779639032
O83323,G,0.017397191375494003, 0.017862612071136635
O83323,M,0.013032940216362476, 0.017293564975261688
O83323,V,0.012294212356209755, 0.014871041807863448
O83323,L,0.009618778713047504, 0.01400987607323461
O83323,S,0.011215426959097385, 0.013871731960939037
O83323,G,0.012535815127193928, 0.013095166327224838
O83323,A,0.008345624431967735, 0.01241903653782275
O83323,L,0.009156876243650913, 0.012903832157866823
O83323,F,0.031248722225427628, 0.013239316694024537
O83323,G,0.010408100672066212, 0.013827510747230716
O83323,L,0.006947772111743689, 0.015329094241476722
O83323,T,0.016657372936606407, 0.0223702697807716
O83323,G,0.01263813953846693, 0.02360004988602466
O83323,F,0.016509173437952995, 0.022760630223072238
O83323,F,0.026050066575407982, 0.027996482586281166
O83323,S,0.07171620428562164, 0.03511720844027069
O83323,V,0.02022489719092846, 0.0438084996615847
O83323,V,0.02369394525885582, 0.04989387860728635
O83323,G,0.05753077194094658, 0.05778429864181413
O83323,L,0.07103430479764938, 0.057798991807632975
O83323,F,0.09487899392843246, 0.06303481612768438
O83323,G,0.0674065500497818, 0.07291265204548836
O83323,T,0.087522953748703, 0.07705944900711377
O83323,C,0.026182305067777634, 0.07608293948902024
O83323,Y,0.11883862316608429, 0.07763166684243414
O83323,V,0.10912542045116425, 0.07567432895302773
O83323,G,0.06101511791348457, 0.07377708413534695
O83323,F,0.04874218627810478, 0.06989642853538196
O83323,S,0.08497285097837448, 0.06996343781550725
O83323,V,0.07726295292377472, 0.061775018771489464
O83323,G,0.050331346690654755, 0.05518584367301729
O83323,M,0.0525970533490181, 0.048945107186834015
O83323,G,0.026785388588905334, 0.04528024999631776
O83323,Y,0.045142851769924164, 0.03726294574638208
O83323,A,0.0498228445649147, 0.030164906134208042
O83323,A,0.004848489537835121, 0.026116624371045165
O83323,L,0.015758471563458443, 0.021756285284128454
O83323,A,0.012817112728953362, 0.019988085557189252
O83323,H,0.013380596414208412, 0.0164411925814218
O83323,A,0.013896810822188854, 0.01738226382682721
O83323,L,0.013354001566767693, 0.02039676604585515
O83323,I,0.010871591046452522, 0.021788352789978187
O83323,A,0.013220814988017082, 0.02805472258478403
O83323,H,0.058292485773563385, 0.030045143742528226
O83323,A,0.03197900950908661, 0.030525125563144684
O83323,H,0.028282752260565758, 0.03031580326043897
O83323,I,0.06921444088220596, 0.03061107701311509
O83323,T,0.031294386833906174, 0.030833488330245018
O83323,V,0.01821664720773697, 0.02552127827786737
O83323,L,0.011470100842416286, 0.022419489299257595
O83323,V,0.013529054820537567, 0.02021854639881187
O83323,P,0.015222516842186451, 0.013465075546668636
O83323,L,0.010482595302164555, 0.012509430965615643
O83323,A,0.004062908701598644, 0.011614112907813655
O83323,F,0.008474266156554222, 0.012658449510733286
O83323,F,0.008433203212916851, 0.012554143658942647
O83323,F,0.022693585604429245, 0.01950173918157816
O83323,A,0.010158784687519073, 0.022961546149518754
O83323,W,0.02086913026869297, 0.023751874764760334
O83323,M,0.012590302154421806, 0.02618391853239801
O83323,E,0.07775087654590607, 0.03847576439794567
O83323,T,0.04162085801362991, 0.042538330890238285
O83323,A,0.011175866238772869, 0.04285585042089224
O83323,S,0.030362660065293312, 0.05110030093540748
O83323,E,0.11905981600284576, 0.07383439348389705
O83323,A,0.05925668403506279, 0.07669205042637056
O83323,A,0.013016460463404655, 0.07674757256689999
O83323,V,0.09506918489933014, 0.08983086877399021
O83323,L,0.21719713509082794, 0.09027393721044064
O83323,G,0.10346978902816772, 0.08686104396151172
O83323,A,0.0421205572783947, 0.10404703207314014
O83323,H,0.12892553210258484, 0.11470796540379524
O83323,L,0.03435027599334717, 0.10720961665113767
O83323,T,0.0883437767624855, 0.08788099678026305
O83323,V,0.21393057703971863, 0.08413510728213522
O83323,N,0.10896486043930054, 0.08136081840429041
O83323,V,0.027584046125411987, 0.06814473546627495
O83323,V,0.04323955625295639, 0.07013148410866658
O83323,L,0.06975678354501724, 0.06215309506903092
O83323,F,0.017151957377791405, 0.03941222745925188
O83323,L,0.00998078566044569, 0.02871933351788256
O83323,Q,0.052231013774871826, 0.02975654374394152
O83323,A,0.01653827540576458, 0.02624690905213356
O83323,A,0.009262768551707268, 0.019843016440669697
O83323,I,0.012728814966976643, 0.02086207912200027
O83323,F,0.03691893815994263, 0.02300155835433139
O83323,L,0.011652844026684761, 0.01968500856310129
O83323,L,0.01212175004184246, 0.022840592906706862
O83323,I,0.02632352150976658, 0.028406768312884703
O83323,S,0.029236098751425743, 0.03415762177771992
O83323,A,0.022382065653800964, 0.035260825935337275
O83323,Q,0.04493853449821472, 0.03901380321217908
O83323,W,0.059358347207307816, 0.04752672091126442
O83323,S,0.06448649615049362, 0.056625307641095586
O83323,A,0.04684777557849884, 0.05799399150742425
O83323,P,0.045429639518260956, 0.05848677228722307
O83323,W,0.08873800933361053, 0.06728717125952244
O83323,N,0.10821080207824707, 0.0823715418163273
O83323,A,0.04155425354838371, 0.0796097009960148
O83323,V,0.026817092671990395, 0.07654996816482809
O83323,R,0.124142125248909, 0.09110956080257893
O83323,R,0.19511768221855164, 0.09804607617358367
O83323,G,0.03962992876768112, 0.08838687650859356
O83323,A,0.019310180097818375, 0.09256381148265468
O83323,R,0.1764659732580185, 0.10858526743120617
O83323,R,0.1511666476726532, 0.10293094317118327
O83323,V,0.021278005093336105, 0.08512730937865046
O83323,Y,0.07914666831493378, 0.09417661486400498
O83323,R,0.17101019620895386, 0.104873592654864
O83323,F,0.07325320690870285, 0.0926496684551239
O83323,L,0.0348849780857563, 0.08207810504568948
O83323,V,0.12107367813587189, 0.08901443539394273
O83323,T,0.11558298021554947, 0.0909420396718714
O83323,V,0.06645065546035767, 0.09271412384178904
O83323,F,0.05602257698774338, 0.09782459628250864
O83323,C,0.08370497822761536, 0.1165128027399381
O83323,F,0.09649510681629181, 0.12503086278835931
O83323,R,0.18695895373821259, 0.12999470863077375
O83323,G,0.11924745887517929, 0.1454546203215917
O83323,E,0.20307883620262146, 0.153456283112367
O83323,K,0.1977362185716629, 0.17064307050572503
O83323,H,0.16025759279727936, 0.18440472500191796
O83323,R,0.20558986067771912, 0.18885761582189137
O83323,T,0.12803754210472107, 0.19288395510779488
O83323,R,0.23838606476783752, 0.18048749532964495
O83323,R,0.2203499972820282, 0.17389844523535836
O83323,R,0.22703497111797333, 0.17266140381495157
O83323,H,0.15548451244831085, 0.16447142759958902
O83323,A,0.09151069819927216, 0.17046090960502625
O83323,L,0.1384347677230835, 0.16315806243154737
O83323,S,0.14912422001361847, 0.1512709061304728
O83323,V,0.13188007473945618, 0.14274164703157213
O83323,H,0.181942880153656, 0.14134499430656433
O83323,D,0.1726604402065277, 0.15671134988466898
O83323,T,0.11336559057235718, 0.16883961028522915
O83323,H,0.15027163922786713, 0.16652322312196097
O83323,H,0.14291463792324066, 0.1685526884264416
O83323,R,0.22980789840221405, 0.16296253270573086
O83323,R,0.247589111328125, 0.16101858847671086
O83323,S,0.1282767355442047, 0.14842241174644893
O83323,R,0.1501452624797821, 0.13172556294335258
O83323,W,0.13163147866725922, 0.11584615872965918
O83323,E,0.1551649421453476, 0.09031194779607984
O83324,M,0.12364955246448517, 0.055079851713445455
O83324,G,0.16254308819770813, 0.06573637574911118
O83324,V,0.0969136506319046, 0.06897382748623689
O83324,I,0.03942888230085373, 0.07066302291221088
O83324,G,0.07318349182605743, 0.07853548601269722
O83324,T,0.09590871632099152, 0.07145576841301388
O83324,T,0.02913706563413143, 0.055203272650639214
O83324,V,0.015202758833765984, 0.04556249247656928
O83324,I,0.07085216790437698, 0.04840126385291418
O83324,A,0.05993209406733513, 0.04574929136368963
O83324,I,0.016270626336336136, 0.03619253314617607
O83324,L,0.010146629065275192, 0.03387300556318627
O83324,H,0.06497782468795776, 0.03512682093100415
O83324,R,0.049315739423036575, 0.028385488626857597
O83324,A,0.009897892363369465, 0.022591029552535877
O83324,A,0.008261317387223244, 0.021956199624886114
O83324,P,0.026487097144126892, 0.022091774011237755
O83324,L,0.010180177167057991, 0.015618436297194825
O83324,A,0.007781962398439646, 0.011089450627979305
O83324,C,0.01055715698748827, 0.011219503616707193
O83324,A,0.011366798542439938, 0.011557202424026199
O83324,A,0.006717785261571407, 0.010259889738841189
O83324,A,0.008554868400096893, 0.010310587628434101
O83324,G,0.011068369261920452, 0.010996900291906463
O83324,A,0.011300606653094292, 0.013709531993501715
O83324,L,0.014811282977461815, 0.019377333629462454
O83324,A,0.010636458173394203, 0.02033717268043094
O83324,T,0.013958776369690895, 0.02201917250123289
O83324,E,0.03497084230184555, 0.02255463031017118
O83324,Y,0.06237701326608658, 0.02553494760973586
O83324,A,0.0153563367202878, 0.027472298695809312
O83324,G,0.023692866787314415, 0.027571353130042553
O83324,V,0.015887489542365074, 0.029482491831812594
O83324,L,0.03812346234917641, 0.027078008382684655
O83324,G,0.03224744275212288, 0.024664914338952966
O83324,I,0.011527948081493378, 0.02522765224178632
O83324,F,0.03115902468562126, 0.02409054007795122
O83324,M,0.0133304912596941, 0.023620468460851245
O83324,E,0.04065916687250137, 0.02183966524899006
O83324,G,0.020420977845788002, 0.01963672290245692
O83324,V,0.0134588573127985, 0.020190453363789454
O83324,I,0.01165684498846531, 0.018273567884332605
O83324,T,0.022096233442425728, 0.01805159987674819
O83324,F,0.012420961633324623, 0.01524988996485869
O83324,S,0.016511522233486176, 0.014837559105621444
O83324,S,0.013907055370509624, 0.014772061982916461
O83324,F,0.011332779191434383, 0.016778095418380365
O83324,C,0.015443777665495872, 0.017292558836440246
O83324,I,0.01671000011265278, 0.018489637619091406
O83324,A,0.012869383208453655, 0.026049735955893993
O83324,F,0.029711145907640457, 0.0316953890853458
O83324,F,0.026726404204964638, 0.037111833381156124
O83324,A,0.02319467067718506, 0.04350742521799273
O83324,L,0.08455240726470947, 0.04694874801983436
O83324,V,0.06471793353557587, 0.050244373786780566
O83324,W,0.06008077785372734, 0.05048019873599211
O83324,G,0.0730041041970253, 0.051634978502988815
O83324,S,0.04768190532922745, 0.05077058252775007
O83324,Y,0.04253001511096954, 0.043643788848486215
O83324,W,0.03183357045054436, 0.038214756486316524
O83324,G,0.03711942210793495, 0.033320408831867904
O83324,G,0.015415106900036335, 0.027704947628080845
O83324,L,0.020411264151334763, 0.02403285281939639
O83324,G,0.01585664227604866, 0.021315627524422273
O83324,I,0.016031648963689804, 0.02010067355715566
O83324,T,0.022464953362941742, 0.01856741774827242
O83324,V,0.014633052051067352, 0.019374354432026546
O83324,C,0.018074987456202507, 0.018372441331545513
O83324,V,0.020898984745144844, 0.018187005072832108
O83324,V,0.023320119827985764, 0.018080783697466057
O83324,P,0.02267753705382347, 0.017076832863191765
O83324,L,0.011394046247005463, 0.017220382371710405
O83324,C,0.014187715947628021, 0.017180272584988013
O83324,L,0.015075656585395336, 0.01615335802651114
O83324,F,0.013429395854473114, 0.016256968283818826
O83324,F,0.015924997627735138, 0.015897693836854562
O83324,V,0.01771399937570095, 0.01863703555944893
O83324,A,0.011656753718852997, 0.022302206709153123
O83324,V,0.02425261214375496, 0.03205355443060398
O83324,G,0.019444067031145096, 0.03410619104074107
O83324,T,0.03604812175035477, 0.042242649735675916
O83324,E,0.047174256294965744, 0.04250863070289294
O83324,R,0.10283778607845306, 0.0470523556901349
O83324,M,0.03190312534570694, 0.048093160407410726
O83324,R,0.08915312588214874, 0.05020907107326719
O83324,A,0.020107828080654144, 0.04753023241129187
O83324,N,0.05255027860403061, 0.04430810713933574
O83324,P,0.03361985459923744, 0.034748986156450376
O83324,F,0.0384872630238533, 0.03247348301940494
O83324,L,0.01193857379257679, 0.023731404915452003
O83324,T,0.01817512884736061, 0.02255362489571174
O83324,G,0.016805697232484818, 0.021227250600026712
O83324,I,0.011423597112298012, 0.01956517756399181
O83324,A,0.010474422946572304, 0.01704804485456811
O83324,V,0.009507807902991772, 0.016628241683873866
O83324,H,0.04061290994286537, 0.02078856351888842
O83324,F,0.018661197274923325, 0.0218115598998136
O83324,S,0.015833068639039993, 0.021433345249129668
O83324,A,0.008160345256328583, 0.02214688900858164
O83324,M,0.05561802536249161, 0.024760441854596138
O83324,G,0.026012664660811424, 0.024249494696656864
O83324,M,0.008019665256142616, 0.024206958504186735
O83324,S,0.016896316781640053, 0.02565066164566411
O83324,A,0.03302978351712227, 0.03333937521609995
O83324,F,0.036014385521411896, 0.03328711353242397
O83324,G,0.018278371542692184, 0.03378779979215728
O83324,A,0.02882639691233635, 0.04078303877678183
O83324,S,0.07735876739025116, 0.04983890553315481
O83324,S,0.055147670209407806, 0.06377211171719763
O83324,M,0.03051884099841118, 0.06945768288440174
O83324,F,0.07097681611776352, 0.07669919232527415
O83324,A,0.09839911758899689, 0.0852894778880808
O83324,R,0.1584286391735077, 0.09189137278331651
O83324,A,0.08718452602624893, 0.09761848259303305
O83324,A,0.08345195651054382, 0.10779353065623178
O83324,A,0.10613896697759628, 0.11793667409155104
O83324,S,0.13677582144737244, 0.12230217787954542
O83324,A,0.10669165849685669, 0.12247911757893032
O83324,M,0.12209427356719971, 0.12896373785204357
O83324,Q,0.1622651070356369, 0.13248799327347013
O83324,M,0.13768865168094635, 0.133295938372612
O83324,D,0.1600210964679718, 0.13894311918152702
O83324,T,0.1455461084842682, 0.14110958576202393
O83324,A,0.11517025530338287, 0.13762847085793814
O83324,A,0.11341047286987305, 0.13021727237436506
O83324,H,0.18760044872760773, 0.12733887632687887
O83324,G,0.12618985772132874, 0.12184907744328181
O83324,V,0.09076423943042755, 0.12262200398577584
O83324,S,0.09556432068347931, 0.11729503091838625
O83324,F,0.11178308725357056, 0.11528321852286656
O83324,T,0.1106129065155983, 0.10753570331467523
O83324,H,0.15250244736671448, 0.10241306324799855
O83324,V,0.06722749769687653, 0.10530752274725172
O83324,S,0.09530416131019592, 0.10259027613533868
O83324,L,0.11787281185388565, 0.10760780506663853
O83324,A,0.08008609712123871, 0.10172903206613329
O83324,H,0.11681437492370605, 0.08924069007237752
O83324,T,0.0711091011762619, 0.0892264371116956
O83324,R,0.15694084763526917, 0.08698490179247326
O83324,V,0.05770394951105118, 0.07825096075733502
O83324,L,0.0401073694229126, 0.07179037336674002
O83324,P,0.06709922105073929, 0.06368950775100125
O83324,H,0.07513034343719482, 0.05802787633405791
O83324,P,0.039267342537641525, 0.04222083940274186
O83324,L,0.0219408106058836, 0.03719277886880769
O83324,W,0.04390658438205719, 0.03391955327242613
O83324,G,0.020154418423771858, 0.027641836036410596
O83324,T,0.014677515253424644, 0.020983329663674038
O83324,A,0.012451404705643654, 0.017904434249632888
O83324,V,0.010648339055478573, 0.01672612761871682
O83324,A,0.010599765926599503, 0.013141574131117927
O83324,F,0.015203786082565784, 0.014492391919096312
O83324,A,0.01155728381127119, 0.01436008523321814
O83324,L,0.011336050927639008, 0.01434049206889338
O83324,V,0.011645602993667126, 0.016733227918545406
O83324,W,0.032311778515577316, 0.018386043815149203
O83324,V,0.013486755080521107, 0.0192223670375016
O83324,F,0.01227506622672081, 0.020124736138516
O83324,H,0.0321829617023468, 0.02572333626449108
O83324,L,0.02547510899603367, 0.02997753882987632
O83324,Y,0.022730695083737373, 0.029535958646900125
O83324,L,0.01967860572040081, 0.034600353282358914
O83324,Y,0.06172345206141472, 0.036886288680964045
O83324,S,0.04993342608213425, 0.037875472050574094
O83324,T,0.02833755686879158, 0.0419968788822492
O83324,N,0.05906630679965019, 0.04478973626262612
O83324,V,0.03284848481416702, 0.04456415151556333
O83324,G,0.041085612028837204, 0.04416845159398185
O83324,I,0.06256777048110962, 0.04390797143181165
O83324,N,0.04786641150712967, 0.04293322211338414
O83324,F,0.01764834299683571, 0.04062116746273306
O83324,M,0.058162152767181396, 0.0481134969741106
O83324,H,0.04758910462260246, 0.04999109750820531
O83324,S,0.019564813002943993, 0.04870518814358446
O83324,G,0.038257814943790436, 0.05652344413101673
O83324,E,0.10027945041656494, 0.06070931897395187
O83324,G,0.057984016835689545, 0.05756989700926675
O83324,A,0.05099458619952202, 0.06386875733733177
O83324,L,0.11823071539402008, 0.06743059783346123
O83324,A,0.05532121658325195, 0.07009418081078264
O83324,L,0.029907355085015297, 0.06366418985029061
O83324,Q,0.10427884757518768, 0.06080283741984102
O83324,V,0.05162137746810913, 0.06470915406114525
O83324,R,0.06223006173968315, 0.05661581063436137
O83324,G,0.04240953177213669, 0.05681444394091765
O83324,T,0.03223184496164322, 0.0602120632926623
O83324,D,0.08615143597126007, 0.050763621305425964
O83324,A,0.045390624552965164, 0.04900271714561515
O83324,A,0.05710891634225845, 0.044093831752737365
O83324,R,0.06048592925071716, 0.04076417504499356
O83324,Y,0.019242869690060616, 0.038990220779346094
O83324,R,0.03577324002981186, 0.032011517530514136
O83324,M,0.018050093203783035, 0.028391011473205354
O83324,V,0.012442621402442455, 0.023340139331089124
O83324,S,0.01626625657081604, 0.018109010325537786
O83324,W,0.023343106731772423, 0.018734506848785613
O83324,A,0.012806070037186146, 0.015875585687657196
O83324,V,0.011651067063212395, 0.014886531254483594
O83324,A,0.01340576820075512, 0.014567312370571826
O83324,G,0.02487233839929104, 0.014729037570456663
O83324,V,0.010042949579656124, 0.013581781648099422
O83324,C,0.009148603305220604, 0.013311384866635004
O83324,A,0.009569651447236538, 0.013838173200686773
O83324,V,0.017721783369779587, 0.015152374075518714
O83324,C,0.013017803430557251, 0.01453234710627132
O83324,A,0.010372499004006386, 0.01771191435141696
O83324,G,0.016392162069678307, 0.019571316428482533
O83324,G,0.025233576074242592, 0.0227538270668851
O83324,L,0.01929209567606449, 0.03428397845062944
O83324,L,0.03865905478596687, 0.03925722775359949
O83324,V,0.025883221998810768, 0.046442498763402305
O83324,L,0.03821224719285965, 0.057502517476677895
O83324,R,0.1214931458234787, 0.06128740807374319
O83324,V,0.0577770471572876, 0.07028266766832934
O83324,G,0.07503993809223175, 0.07857514193488492
O83324,T,0.11593233048915863, 0.08940292398134868
O83324,Y,0.0592975914478302, 0.0886122135238515
O83324,T,0.10024943202733994, 0.07887924566037124
O83324,P,0.11329132318496704, 0.0794838909059763
O83324,Q,0.12333326041698456, 0.07516736185385121
O83324,M,0.031095853075385094, 0.07113891819285022
O83324,A,0.03389643505215645, 0.06691040781637032
O83324,A,0.063218854367733, 0.05826307336489359
O83324,G,0.036191176623106, 0.048153344748748675
O83324,R,0.07967633754014969, 0.03516394650149676
O83324,G,0.021240998059511185, 0.03321168742453059
O83324,W,0.02242342196404934, 0.030373339696476858
O83324,T,0.022303765639662743, 0.024258348004271586
O83324,A,0.006428676191717386, 0.02168859349977639
O83324,L,0.013525521382689476, 0.014872603687561221
O83324,A,0.00835130549967289, 0.01368984988787108
O83324,I,0.00818392913788557, 0.012404843285265896
O83324,V,0.013063386082649231, 0.01719749817210767
O83324,F,0.018332429230213165, 0.021948406990203593
O83324,L,0.010596213862299919, 0.026999087486830022
O83324,A,0.010858362540602684, 0.028959690800143614
O83324,R,0.06543765962123871, 0.031136866451965436
O83324,K,0.04918685555458069, 0.033071922345293894
O83324,R,0.05898164585232735, 0.031763775325897664
O83324,M,0.0259967353194952, 0.031617750155015126
O83324,M,0.027778510004281998, 0.03237606072798371
O83324,W,0.030478889122605324, 0.026120296213775873
O83324,C,0.006559106055647135, 0.02104648771799273
O83324,V,0.009281987324357033, 0.0153039979437987
O83324,P,0.017683157697319984, 0.013058120695253214
O83324,A,0.009135778993368149, 0.011395171181195311
O83324,A,0.0035225790925323963, 0.009959758259356022
O83324,I,0.007299237884581089, 0.010349900823914342
O83324,F,0.005783840082585812, 0.010508398577156994
O83324,F,0.012811964377760887, 0.014444541755235858
O83324,S,0.017560172826051712, 0.017983407765212987
O83324,G,0.01007038913667202, 0.01921028561062283
O83324,I,0.010708467103540897, 0.020676505751907825
O83324,E,0.053108446300029755, 0.02896599450873004
O83324,H,0.04098557308316231, 0.03305966158707937
O83324,M,0.01456447970122099, 0.03332775231036875
O83324,C,0.02049521915614605, 0.04281302293141683
O83324,D,0.08038923889398575, 0.05593262933608559
O83324,V,0.049654968082904816, 0.0601144829351041
O83324,L,0.019972989335656166, 0.06663628036363257
O83324,Q,0.09543782472610474, 0.0762850468357404
O83324,G,0.1287849247455597, 0.07659248200555642
O83324,T,0.09074512869119644, 0.07505939010944632
O83324,H,0.09968174993991852, 0.08281636258794202
O83324,V,0.1014033779501915, 0.08895453893476063
O83324,V,0.023262135684490204, 0.08069956344034937
O83324,P,0.06659141182899475, 0.06920767492718166
O83324,T,0.11946772038936615, 0.06664490782552296
O83324,G,0.07521657645702362, 0.05769546930160788
O83324,V,0.021143045276403427, 0.047820459533896714
O83324,L,0.0253579281270504, 0.05217967337618271
O83324,F,0.067680224776268, 0.048756282673113875
O83324,A,0.019136803224682808, 0.03641463971386353
O83324,L,0.012528290040791035, 0.029657997915314302
O83324,P,0.06249506026506424, 0.030208836309611797
O83324,Y,0.0357808955013752, 0.02893857502688964
O83324,I,0.008392933756113052, 0.022725445735785697
O83324,L,0.014406800270080566, 0.023127696994278166
O83324,S,0.02610059082508087, 0.02639569083435668
O83324,L,0.013925576582551003, 0.02232102646181981
O83324,V,0.011762061156332493, 0.022353282508750755
O83324,V,0.022757064551115036, 0.027069346461859014
O83324,F,0.04194023460149765, 0.04037979876415597
O83324,V,0.0258230809122324, 0.052641315282218985
O83324,C,0.03607119992375374, 0.06059984893848499
O83324,T,0.05083750933408737, 0.07107236919303735
O83324,R,0.13420087099075317, 0.07800480951037672
O83324,R,0.136454239487648, 0.08305337507691649
O83324,T,0.08555237948894501, 0.09902342864208752
O83324,S,0.10601474344730377, 0.11761142644617292
O83324,P,0.08514902740716934, 0.1260301594932874
O83324,C,0.08737732470035553, 0.12836219453149372
O83324,R,0.16955356299877167, 0.13928968459367752
O83324,R,0.20336318016052246, 0.15605093290408453
O83324,G,0.12660610675811768, 0.1678770523932245
O83324,E,0.15518918633460999, 0.1751319236225552
O83324,R,0.23480165004730225, 0.18982330130206215
O83324,R,0.23640361428260803, 0.18664516343010795
O83324,R,0.2124498188495636, 0.17761996305651134
O83324,S,0.15044286847114563, 0.18546443432569504
O83324,R,0.21959972381591797, 0.18197931680414411
O83324,L,0.14095032215118408, 0.17634351551532745
O83324,L,0.12213637679815292, 0.16616389983230168
O83324,F,0.19720634818077087, 0.169144536058108
O83324,A,0.1238231286406517, 0.18534436656369102
O83324,Y,0.18407943844795227, 0.17880461778905657
O83324,L,0.14478707313537598, 0.17683379683229658
O83324,Q,0.23927554488182068, 0.1769566618733936
O83324,R,0.2962413430213928, 0.16247381766637167
O83324,V,0.16074198484420776, 0.1487156922618548
O83324,T,0.12321293354034424, 0.12826242132319343
O83324,C,0.12324216216802597, 0.11217496875259611
O83324,A,0.06686075031757355, 0.08558879709906048
O83414,M,0.043276987969875336, 0.05632481930984391
O83414,G,0.12526431679725647, 0.07282530557778147
O83414,E,0.16465327143669128, 0.08730647754338053
O83414,W,0.1346561759710312, 0.09316521551873949
O83414,L,0.03907262161374092, 0.09792290007074674
O83414,G,0.148504376411438, 0.10724465507600042
O83414,Q,0.13033054769039154, 0.10675729107525614
O83414,L,0.05272864177823067, 0.09000955697976881
O83414,G,0.04281916096806526, 0.08138861890054411
O83414,V,0.1271727830171585, 0.0874000441076027
O83414,K,0.12087804079055786, 0.07629545788384146
O83414,L,0.013923664577305317, 0.06463313816736142
O83414,K,0.05706773325800896, 0.07463506040059859
O83414,T,0.09317544847726822, 0.08467367094837958
O83414,Q,0.04856310039758682, 0.07629171562277609
O83414,W,0.02536967024207115, 0.07184444419625732
O83414,K,0.1427459418773651, 0.07580931194954449
O83414,K,0.13316665589809418, 0.0765038604537646
O83414,W,0.05173518508672714, 0.0709596686065197
O83414,T,0.08085259795188904, 0.0704770680103037
O83414,L,0.049607474356889725, 0.06908369260943598
O83414,V,0.06331866979598999, 0.0546775394015842
O83414,Q,0.04327772185206413, 0.04174368062780963
O83414,K,0.044219695031642914, 0.03689176423682107
O83414,S,0.012829291634261608, 0.02900046058413055
O83414,V,0.013090563006699085, 0.024614642788138654
O83414,L,0.01676192693412304, 0.01867087288863129
O83414,A,0.008067937567830086, 0.014823149165345563
O83414,G,0.009830865077674389, 0.010865732613537047
O83414,A,0.010135114192962646, 0.010880616597003408
O83414,A,0.009824740700423717, 0.010429920007785162
O83414,L,0.00864820834249258, 0.010134063764578767
O83414,V,0.008602946065366268, 0.01116625333411826
O83414,S,0.01296324748545885, 0.011799052150713073
O83414,V,0.009034293703734875, 0.012741517068611251
O83414,M,0.014099220745265484, 0.014645198670526346
O83414,G,0.01735764369368553, 0.01628118422296312
O83414,V,0.015526054427027702, 0.019381856856246788
O83414,V,0.01861729845404625, 0.024133181406391993
O83414,V,0.02695787511765957, 0.030905490637653403
O83414,L,0.02337207831442356, 0.032918829263912305
O83414,L,0.03650899976491928, 0.036459307910667524
O83414,T,0.05572516843676567, 0.045034447891844645
O83414,W,0.06998507678508759, 0.056533815132247076
O83414,S,0.03221926838159561, 0.06505103761123286
O83414,A,0.0492219515144825, 0.07716615249713261
O83414,K,0.09270231425762177, 0.08483932912349701
O83414,P,0.12211160361766815, 0.08884976845648554
O83414,T,0.10361287742853165, 0.08437991245753235
O83414,L,0.13240811228752136, 0.08704310883250502
O83414,V,0.10556758940219879, 0.09722152041892211
O83414,P,0.09181912243366241, 0.10368361758689086
O83414,L,0.029756372794508934, 0.10771446612974007
O83414,I,0.056188035756349564, 0.10272037548323472
O83414,D,0.14082765579223633, 0.09733585578699906
O83414,T,0.15086118876934052, 0.09600113146007061
O83414,P,0.15838924050331116, 0.10259718510011832
O83414,I,0.058666061609983444, 0.10768449885977639
O83414,T,0.08394743502140045, 0.1063653574221664
O83414,D,0.09355507045984268, 0.09980375609464115
O83414,E,0.1511836051940918, 0.09645285250412093
O83414,T,0.07554219663143158, 0.08759679107202424
O83414,V,0.04431576281785965, 0.08271910746892293
O83414,R,0.08177324384450912, 0.07782450276944372
O83414,E,0.12070305645465851, 0.0810270644724369
O83414,K,0.07868468761444092, 0.0778373773727152
O83414,I,0.014766909182071686, 0.07036021093113555
O83414,I,0.03989599272608757, 0.08430540882464913
O83414,L,0.12237812578678131, 0.0955120762810111
O83414,R,0.12247642129659653, 0.09702723959667815
O83414,L,0.008247698657214642, 0.10649939119401905
O83414,N,0.1698225438594818, 0.10788856436394983
O83414,E,0.18263325095176697, 0.12792290281504393
O83414,E,0.13433952629566193, 0.11871841953446467
O83414,N,0.16393405199050903, 0.11733375976069106
O83414,V,0.02726946771144867, 0.12175936624407768
O83414,R,0.22020503878593445, 0.1105615244143539
O83414,A,0.03953777626156807, 0.10903402293721835
O83414,T,0.11001448333263397, 0.11025841823882526
O83414,V,0.048078157007694244, 0.10175601931081878
O83414,S,0.06904196739196777, 0.10788695886731148
O83414,S,0.168885737657547, 0.08661034372117785
O83414,V,0.1453590840101242, 0.08784125248591106
O83414,G,0.08741246163845062, 0.07756426806251208
O83414,L,0.08244792371988297, 0.08180012926459312
O83414,I,0.028715502470731735, 0.08132738413082229
O83414,S,0.050615955144166946, 0.08200271137886578
O83414,V,0.017521623522043228, 0.08381334154142274
O83414,S,0.08620090782642365, 0.08495582764347394
O83414,D,0.06478726118803024, 0.07958012653721704
O83414,E,0.17496368288993835, 0.09346953738066885
O83414,K,0.1616547554731369, 0.11151951882574293
O83414,T,0.09769483655691147, 0.11373994706405534
O83414,A,0.034066613763570786, 0.1120230079525047
O83414,R,0.1537202000617981, 0.11192472982737753
O83414,R,0.21306578814983368, 0.10554906932844056
O83414,M,0.03750547766685486, 0.08911919800771607
O83414,R,0.0707484558224678, 0.08607093948456976
O83414,S,0.06390275806188583, 0.09759426944785649
O83414,I,0.11758273839950562, 0.0950739433368047
O83414,L,0.013785913586616516, 0.08545421560605367
O83414,I,0.07026050984859467, 0.0873025432229042
O83414,R,0.13777658343315125, 0.08522933390405443
O83414,E,0.13103726506233215, 0.08487742435601023
O83414,D,0.12648823857307434, 0.0837781930135356
O83414,L,0.054140426218509674, 0.0929466581179036
O83414,I,0.052089571952819824, 0.0900982374118434
O83414,P,0.06073557212948799, 0.08530451150404082
O83414,K,0.10768965631723404, 0.07742855573693912
O83414,N,0.0963020995259285, 0.07381282953752412
O83414,V,0.04462472349405289, 0.07492770130435626
O83414,D,0.09463305026292801, 0.07435501118501027
O83414,P,0.06015366315841675, 0.07371929494871034
O83414,W,0.09394670277833939, 0.07430049156149228
O83414,A,0.06417427211999893, 0.07996823183364338
O83414,I,0.04693536087870598, 0.09567449697189861
O83414,F,0.055014126002788544, 0.1085765009952916
O83414,D,0.11292042583227158, 0.12265309153331651
O83414,V,0.1473117619752884, 0.1299394571946727
O83414,E,0.18598110973834991, 0.1380837025741736
O83414,R,0.21075108647346497, 0.15125153130955166
O83414,W,0.18684297800064087, 0.15833794822295508
O83414,T,0.15952399373054504, 0.15902061346504423
O83414,R,0.1374724805355072, 0.15805539737145105
O83414,T,0.16544581949710846, 0.15611336049106386
O83414,D,0.11879187822341919, 0.15116191820965874
O83414,F,0.11906441301107407, 0.13725343926085365
O83414,E,0.13862481713294983, 0.1250838219291634
O83414,R,0.1685027778148651, 0.11534241628315714
O83414,R,0.1661881059408188, 0.11061467520064777
O83414,V,0.061666667461395264, 0.10734771316250165
O83414,D,0.04999743774533272, 0.09841685079865986
O83414,V,0.049799829721450806, 0.08658132122622596
O83414,R,0.12289614975452423, 0.07324615617593129
O83414,R,0.08938921988010406, 0.06411940438879861
O83414,A,0.03868665173649788, 0.0642755991882748
O83414,I,0.03210505098104477, 0.06016081147309807
O83414,N,0.048486292362213135, 0.059828483706547156
O83414,N,0.0840473398566246, 0.05683570137868325
O83414,T,0.06307242065668106, 0.05615355602155129
O83414,V,0.012964348308742046, 0.05368575671066841
O83414,T,0.0468088798224926, 0.05916330683976412
O83414,N,0.09596110880374908, 0.06187914280841748
O83414,H,0.08324991166591644, 0.05598191016664108
O83414,I,0.016476457938551903, 0.06466920021921396
O83414,K,0.08140300214290619, 0.06812578708761269
O83414,A,0.07292881608009338, 0.06414751501546966
O83414,L,0.030972246080636978, 0.06229076907038689
O83414,D,0.14125803112983704, 0.06389398500323296
O83414,D,0.04407363012433052, 0.06286015102846755
O83414,I,0.011004431173205376, 0.06336853642844492
O83414,D,0.07925039529800415, 0.05676565691828728
O83414,D,0.09767885506153107, 0.05948345073395305
O83414,A,0.007171952165663242, 0.045459042924145855
O83414,H,0.08597847074270248, 0.047318141597012676
O83414,V,0.01350290048867464, 0.05021573882550001
O83414,V,0.05543239042162895, 0.04622332617226574
O83414,I,0.015038360841572285, 0.05127515260958009
O83414,N,0.06080551818013191, 0.0677852359496885
O83414,V,0.03708280622959137, 0.06914870378871758
O83414,P,0.04331868141889572, 0.08037636811948484
O83414,E,0.14314529299736023, 0.0811747040392624
O83414,D,0.1557627022266388, 0.0877414887977971
O83414,A,0.09824968129396439, 0.09047170148955451
O83414,L,0.11455187946557999, 0.10029454529285431
O83414,F,0.06261741369962692, 0.10679337133963902
O83414,Q,0.07413942366838455, 0.10327903181314468
O83414,A,0.08537743240594864, 0.09353506813446681
O83414,D,0.12548840045928955, 0.08669851803117329
O83414,Q,0.10180811583995819, 0.08072410937812594
O83414,K,0.11151623725891113, 0.07437903045987089
O83414,P,0.0680670291185379, 0.07262941806887586
O83414,I,0.03672073036432266, 0.06376748568274909
O83414,T,0.06078220158815384, 0.05426224026208123
O83414,A,0.005511703435331583, 0.04364378491623534
O83414,S,0.05839291214942932, 0.04060278077506357
O83414,V,0.0056200409308075905, 0.036383181913859315
O83414,V,0.03994119167327881, 0.041572322551574975
O83414,I,0.006242017727345228, 0.0485925344336364
O83414,F,0.08414719998836517, 0.06450271922060186
O83414,P,0.030090639367699623, 0.06167250028293994
O83414,K,0.08342299610376358, 0.06898552898524536
O83414,P,0.1239641085267067, 0.0685770873290797
O83414,S,0.14870336651802063, 0.07308209666775332
O83414,S,0.03292094171047211, 0.07205958726505439
O83414,T,0.0714372992515564, 0.07509543208612336
O83414,I,0.03626521676778793, 0.07887831206123035
O83414,A,0.04678710177540779, 0.07644216674897406
O83414,S,0.07494461536407471, 0.06331576137906975
O83414,E,0.057413242757320404, 0.06102641413195266
O83414,R,0.11746891587972641, 0.05927746608439419
O83414,K,0.10203880071640015, 0.05701459147449997
O83414,K,0.030565718188881874, 0.052574751174284354
O83414,I,0.012316816486418247, 0.047973625672360264
O83414,E,0.0556967668235302, 0.04940170329064131
O83414,G,0.01589934527873993, 0.03810469961414734
O83414,I,0.006828539073467255, 0.028190927890439827
O83414,Q,0.03353448584675789, 0.037801213872929416
O83414,K,0.07026594132184982, 0.046649482722083725
O83414,L,0.015795882791280746, 0.04457984554270903
O83414,L,0.012814855203032494, 0.044926871028211385
O83414,K,0.11705829203128815, 0.058251245154274836
O83414,L,0.09195123612880707, 0.0602784910135799
O83414,A,0.037070032209157944, 0.053631773528953396
O83414,V,0.01902257464826107, 0.06234865025099781
O83414,P,0.12674790620803833, 0.07311894072012769
O83414,G,0.051779698580503464, 0.07124274875968695
O83414,L,0.010445483960211277, 0.07012624283217722
O83414,K,0.09424777328968048, 0.0688267040790783
O83414,D,0.10974746942520142, 0.07170766374717157
O83414,E,0.10017256438732147, 0.05895870706687371
O83414,N,0.08190268278121948, 0.0550986152763168
O83414,I,0.02537418343126774, 0.05887969624665049
O83414,T,0.04495121166110039, 0.05705995485186577
O83414,I,0.012007296085357666, 0.05588831131656965
O83414,V,0.017038872465491295, 0.049604623681969114
O83414,D,0.044475212693214417, 0.048260474370585546
O83414,S,0.07787010073661804, 0.0506982643985086
O83414,D,0.09920267760753632, 0.05074631277885702
O83414,A,0.04361937567591667, 0.05512226973142889
O83414,T,0.0698053389787674, 0.0592536297109392
O83414,V,0.047314293682575226, 0.06230858630604214
O83414,L,0.045383647084236145, 0.06630184666977988
O83414,N,0.051390908658504486, 0.06350390364726384
O83414,D,0.05422111228108406, 0.07398857466048664
O83414,F,0.07196982204914093, 0.07997403997513983
O83414,E,0.11380944401025772, 0.08980430207318729
O83414,G,0.07402119040489197, 0.0928540358112918
O83414,F,0.13798141479492188, 0.09897126961085531
O83414,K,0.12367452681064606, 0.11040811737378438
O83414,D,0.13578665256500244, 0.11484267893764707
O83414,A,0.07283125072717667, 0.11192928751309712
O83414,D,0.10644601285457611, 0.11276814838250478
O83414,R,0.15715274214744568, 0.10423580432931583
O83414,L,0.11188087612390518, 0.10106874464286698
O83414,S,0.08758892118930817, 0.09801698931389385
O83414,L,0.08157093822956085, 0.09614723258548313
O83414,I,0.06119031831622124, 0.09187298599216673
O83414,E,0.0951709896326065, 0.08674407088094288
O83414,K,0.10832085460424423, 0.08099575754668978
O83414,Q,0.05600344017148018, 0.07532183619009124
O83414,Q,0.06797779351472855, 0.07139866219626533
O83414,K,0.11099250614643097, 0.07754255375928348
O83414,M,0.06014605611562729, 0.07040605983800358
O83414,I,0.03652362897992134, 0.06354790925979614
O83414,A,0.04626237228512764, 0.0634786838458644
O83414,K,0.1164853423833847, 0.06206286864148246
O83414,L,0.03094254434108734, 0.052170008007023067
O83414,E,0.046597499400377274, 0.05503694340586662
O83414,S,0.05538041144609451, 0.05962376876009835
O83414,Q,0.05523545667529106, 0.06173845587505235
O83414,Y,0.021956760436296463, 0.04999315200580491
O83414,E,0.08594847470521927, 0.053038554473055735
O83414,A,0.0778050571680069, 0.05517541368802389
O83414,K,0.06529455631971359, 0.052958111382193036
O83414,V,0.010777607560157776, 0.04823908478849464
O83414,L,0.05835116654634476, 0.05389217183821731
O83414,A,0.06582923233509064, 0.05759590595132775
O83414,L,0.03542469069361687, 0.05328672896656725
O83414,L,0.0127642173320055, 0.05141258839931753
O83414,Q,0.0728345438838005, 0.05653572310176161
O83414,K,0.1192820817232132, 0.0636760275810957
O83414,T,0.03902246430516243, 0.07124804270764191
O83414,Y,0.048427291214466095, 0.08061433190272914
O83414,G,0.056885819882154465, 0.081210241963466
O83414,K,0.12261390686035156, 0.08628421566552585
O83414,D,0.13397736847400665, 0.08044331644972165
O83414,R,0.11972129344940186, 0.07889898059268792
O83414,V,0.018127407878637314, 0.08222178721593486
O83414,R,0.11850030720233917, 0.07766918858720197
O83414,D,0.06671398878097534, 0.07001692449880971
O83414,L,0.025123441591858864, 0.056893144423762955
O83414,N,0.07833255082368851, 0.050849123340513974
O83414,I,0.015912432223558426, 0.05007181358006266
O83414,K,0.05374353006482124, 0.04105644714501169
O83414,I,0.01586334779858589, 0.03762350852290789
O83414,E,0.06532510370016098, 0.04319337445000807
O83414,M,0.011131620034575462, 0.046256482808126345
O83414,D,0.03736200928688049, 0.053487779986527234
O83414,L,0.03581754118204117, 0.06215948714978165
O83414,S,0.0752522349357605, 0.07030773224929969
O83414,E,0.10590052604675293, 0.07209914239744346
O83414,K,0.08099410682916641, 0.0798981131778823
O83414,T,0.13178889453411102, 0.0855585891339514
O83414,S,0.0891975536942482, 0.09175931413968404
O83414,Q,0.0814477950334549, 0.0915508543451627
O83414,T,0.08132235705852509, 0.09145577996969223
O83414,T,0.08830629289150238, 0.09532026118702358
O83414,K,0.09162406623363495, 0.09516421125994788
O83414,Y,0.07337609678506851, 0.10243637942605549
O83414,L,0.10504485666751862, 0.11108690251906712
O83414,P,0.11577443778514862, 0.12249963730573654
O83414,I,0.1303844451904297, 0.1324775227242046
O83414,E,0.1546470671892166, 0.14664344903495577
O83414,I,0.1593025028705597, 0.15794643263022104
O83414,R,0.1840369701385498, 0.17240416341357762
O83414,Q,0.17810726165771484, 0.18982300659020743
O83414,D,0.2191174030303955, 0.19769274360603756
O83414,N,0.17510294914245605, 0.20502795610162947
O83414,P,0.23516443371772766, 0.22113420731491512
O83414,D,0.2725440263748169, 0.21982144481605953
O83414,T,0.201212078332901, 0.22444102002514732
O83414,P,0.22066397964954376, 0.21525437633196512
O83414,W,0.3042587637901306, 0.21347934007644653
O83414,D,0.1722221076488495, 0.2048475659555859
O83414,D,0.219683438539505, 0.18761740128199259
O83414,S,0.13643760979175568, 0.17627098742458555
O83414,Q,0.1591276228427887, 0.16047872685723835
O83414,V,0.157478466629982, 0.13635398944218954
O83414,V,0.11747254431247711, 0.12291146318117778
O83414,P,0.09909435361623764, 0.10669389201535119
O83414,S,0.07853363454341888, 0.09796226686901516
O83414,V,0.08713612705469131, 0.08954008917013805
O83414,T,0.05123937129974365, 0.08508478767342037
O83414,S,0.07372529804706573, 0.08415034827258852
O83414,I,0.057852983474731445, 0.08230754733085632
O83414,S,0.08332802355289459, 0.08543017920520571
O83414,E,0.11738075315952301, 0.08614452928304672
O83414,T,0.10906258970499039, 0.0926580321457651
O83414,A,0.08250914514064789, 0.10032775418625937
O83414,T,0.10663732141256332, 0.11239651756154166
O83414,T,0.09356527775526047, 0.11485399388604695
O83414,T,0.10986089706420898, 0.12500249428881538
O83414,W,0.14275279641151428, 0.12538724723789427
O83414,Q,0.16647185385227203, 0.13904034180773628
O83414,G,0.10544531047344208, 0.15088587171501583
O83414,T,0.2087172567844391, 0.15333008269468942
O83414,G,0.11252536624670029, 0.16084029608302647
O83414,L,0.20538699626922607, 0.16029239694277445
O83414,N,0.21324709057807922, 0.15792839560243818
O83414,P,0.11556317657232285, 0.1598811133040322
O83414,E,0.17745281755924225, 0.1448937091562483
O83414,G,0.13782170414924622, 0.1447026390168402
O83414,P,0.1451958417892456, 0.14075523532099193
O83414,P,0.12301976978778839, 0.1252302908235126
O83414,G,0.07383061945438385, 0.12884760482443702
O83414,V,0.11080573499202728, 0.1225137354599105
O83414,E,0.1698603630065918, 0.12053965446021822
O83414,G,0.07352259010076523, 0.11839465383026335
O83414,Q,0.1481190025806427, 0.11509877940018971
O83414,T,0.12044799327850342, 0.12117621799310048
O83414,P,0.12005497515201569, 0.12577363186412388
O83414,P,0.1258908361196518, 0.12171951101885901
O83414,A,0.0933568999171257, 0.1331329701675309
O83414,Y,0.12852756679058075, 0.1389189933737119
O83414,K,0.1521824598312378, 0.15204605211814246
O83414,D,0.13337327539920807, 0.15912922968467078
O83414,M,0.17624372243881226, 0.165943653219276
O83414,S,0.20019321143627167, 0.17587738235791525
O83414,N,0.2385915219783783, 0.1820227238867018
O83414,Q,0.18380357325077057, 0.18247595263852012
O83414,V,0.18722064793109894, 0.18512439396646288
O83414,G,0.18276046216487885, 0.1876795705821779
O83414,L,0.18383564054965973, 0.18190004924933115
O83414,S,0.15626151859760284, 0.17185034354527792
O83414,N,0.15720924735069275, 0.16514130930105844
O83414,Q,0.1992403119802475, 0.15873122380839455
O83414,S,0.14817751944065094, 0.15105635672807693
O83414,V,0.1481441706418991, 0.14235583030515248
O83414,V,0.12342226505279541, 0.13543868396017286
O83414,K,0.12952987849712372, 0.12470792275336054
O83414,K,0.11368665844202042, 0.11217009565896457
O83414,Q,0.10553090274333954, 0.10196887701749802
O83414,E,0.09400720149278641, 0.09742573317554262
O83414,A,0.06063239648938179, 0.09238038543197843
O83414,I,0.0863998681306839, 0.09038554049200481
O83414,S,0.05636655166745186, 0.09237005478805965
O83414,K,0.10725587606430054, 0.09459718068440755
O83414,S,0.07801413536071777, 0.10219370077053706
O83414,E,0.11157627403736115, 0.11248960470159848
O83414,I,0.13154728710651398, 0.12215609724322955
O83414,N,0.12557503581047058, 0.13183707495530447
O83414,E,0.16237588226795197, 0.12860019008318582
O83414,V,0.15329553186893463, 0.13136794666449228
O83414,V,0.17339830100536346, 0.1239118410481347
O83414,S,0.1434953510761261, 0.11686842060751385
O83414,P,0.07812391221523285, 0.1131074767973688
O83414,V,0.10292394459247589, 0.09785385843780306
O83414,L,0.04447132349014282, 0.08463378043638335
O83414,G,0.06815650314092636, 0.06649552565068007
O83414,R,0.09172654151916504, 0.05328584659016795
O83414,R,0.02509331703186035, 0.045861157278219856
O83414,T,0.0343148298561573, 0.03805038664076063
O83414,V,0.01015400793403387, 0.034896507445308894
O83414,S,0.02460823953151703, 0.03261512310968505
O83414,V,0.011301708407700062, 0.026421082102590136
O83414,N,0.032627008855342865, 0.035792442245615855
O83414,I,0.016086410731077194, 0.04970651533868578
O83414,D,0.04762404412031174, 0.06655479315668344
O83414,G,0.03598017245531082, 0.08513571001175377
O83414,E,0.1094355583190918, 0.10104401285449664
O83414,W,0.15954148769378662, 0.1241747931473785
O83414,R,0.16178850829601288, 0.1364536335070928
O83414,K,0.19183649122714996, 0.15179861336946487
O83414,K,0.15447643399238586, 0.17409725156095293
O83414,R,0.2408040314912796, 0.18409711288081276
O83414,D,0.12659597396850586, 0.19390042622884116
O83414,E,0.18572886288166046, 0.19409735831949446
O83414,H,0.2366679161787033, 0.1851792476243443
O83414,G,0.1994343101978302, 0.18693446864684424
O83414,R,0.24777130782604218, 0.18615699890587065
O83414,F,0.1635608971118927, 0.20743094964159858
O83414,I,0.11157349497079849, 0.21016737735933727
O83414,V,0.17027342319488525, 0.21458552694982952
O83414,K,0.2338068038225174, 0.20493970645798576
O83414,E,0.3180615305900574, 0.20131440460681915
O83414,G,0.2103567123413086, 0.2032618009381824
O83414,H,0.27643126249313354, 0.20744075294997957
O83414,I,0.11262192577123642, 0.20997916575935152
O83414,E,0.2151435911655426, 0.19959010432163873
O83414,R,0.181087464094162, 0.1802281000547939
O83414,E,0.14918406307697296, 0.1664959912498792
O83414,Y,0.1931191384792328, 0.14613302962647545
O83414,I,0.14030525088310242, 0.14626746045218575
O83414,P,0.14380349218845367, 0.13911410669485727
O83414,I,0.08676773309707642, 0.12777898377842373
O83414,S,0.0931646078824997, 0.11535242117113537
O83414,A,0.11383180320262909, 0.10916582329405679
O83414,E,0.1507634073495865, 0.10299105528328154
O83414,E,0.07907135784626007, 0.09052857466869885
O83414,L,0.037344999611377716, 0.0895141036146217
O83414,R,0.1374397575855255, 0.08968697695268525
O83414,E,0.08473233878612518, 0.07911211148732239
O83414,A,0.031641166657209396, 0.06318219068149726
O83414,T,0.07763749361038208, 0.06029158354633384
O83414,K,0.09472046792507172, 0.06327369912630981
O83414,A,0.01865801401436329, 0.050237678819232516
O83414,V,0.007394120097160339, 0.04396902024745941
O83414,Q,0.05305589362978935, 0.04816836987932523
O83414,D,0.0641840398311615, 0.04884683961669604
O83414,A,0.020115574821829796, 0.048596109367079206
O83414,I,0.028314411640167236, 0.06354533653292391
O83414,G,0.06943531334400177, 0.07919725961983204
O83414,F,0.08374372124671936, 0.08867671485576364
O83414,D,0.0924638956785202, 0.09800127872990237
O83414,A,0.15320105850696564, 0.10011830884549353
O83414,G,0.1482614278793335, 0.10532548733883434
O83414,R,0.13837099075317383, 0.0986538315191865
O83414,K,0.14810511469841003, 0.0968878096383479
O83414,D,0.03916884586215019, 0.08802279654062456
O83414,S,0.07517901808023453, 0.08088162448257208
O83414,V,0.009390410967171192, 0.07032145880576637
O83414,S,0.0678495243191719, 0.06177204547242986
O83414,V,0.012678777799010277, 0.063769628914694
O83414,L,0.08893050998449326, 0.0627711857151654
O83414,N,0.05321993678808212, 0.062248265060285725
O83414,I,0.06142627075314522, 0.07860365075369675
O83414,K,0.16608336567878723, 0.08183332925869359
O83414,F,0.0301828570663929, 0.09259762449396981
O83414,D,0.07047273218631744, 0.0939105244146453
O83414,R,0.15658888220787048, 0.10127161608801948
O83414,T,0.09691663086414337, 0.1102497275504801
O83414,S,0.10955743491649628, 0.10603202341331376
O83414,E,0.10074660927057266, 0.11417800684769948
O83414,F,0.11946976184844971, 0.11924383458164003
O83414,D,0.14222927391529083, 0.11381086789899403
O83414,R,0.12812402844429016, 0.11514227920108372
O83414,E,0.10349670797586441, 0.11357343528005812
O83414,D,0.11606518179178238, 0.11121911141607496
O83414,E,0.1076921820640564, 0.10754677322175768
O83414,H,0.10889933258295059, 0.0994416947166125
O83414,Y,0.09543783962726593, 0.09340614659918679
O83414,L,0.07955769449472427, 0.08852183736032909
O83414,R,0.08641871809959412, 0.08042102762394482
O83414,V,0.06928356736898422, 0.07587453764345911
O83414,Q,0.0738040953874588, 0.06840553341640367
O83414,Q,0.05953792482614517, 0.060360364615917206
O83414,R,0.04315789416432381, 0.05335759578479661
O83414,N,0.06677377223968506, 0.0468676702843772
O83414,M,0.0416782945394516, 0.041992881438798375
O83414,I,0.023031320422887802, 0.035508636799123555
O83414,I,0.0165327750146389, 0.029974041196207207
O83414,L,0.028009388595819473, 0.0266714949781696
O83414,Y,0.025410467758774757, 0.020695548711551562
O83414,S,0.015445893630385399, 0.01688625958437721
O83414,L,0.009726564399898052, 0.01552258406041397
O83414,A,0.01343497820198536, 0.014730032067745924
O83414,S,0.0129902558401227, 0.01272223067159454
O83414,V,0.007394692394882441, 0.011222439248942666
O83414,A,0.010758240707218647, 0.011007519180162085
O83414,I,0.009399807080626488, 0.01122685858151979
O83414,V,0.00993917603045702, 0.012008779423518313
O83414,L,0.011912344954907894, 0.012916644155565236
O83414,F,0.013511613011360168, 0.013199790173934566
O83414,I,0.011700619012117386, 0.016649711463186476
O83414,F,0.020472265779972076, 0.022155276810129482
O83414,M,0.021161038428544998, 0.025306834218402702
O83414,V,0.009943006560206413, 0.025729642767045233
O83414,Y,0.04180753231048584, 0.028368396684527397
O83414,K,0.058949895203113556, 0.033467235043644905
O83414,V,0.038303192704916, 0.03811103002064758
O83414,I,0.01571762189269066, 0.038920804030365415
O83414,S,0.037260398268699646, 0.044158612895343036
O83414,K,0.05759016424417496, 0.04837988503277302
O83414,E,0.06226642057299614, 0.04692034319871002
O83414,V,0.028449004516005516, 0.05219409635497464
O83414,E,0.057083286345005035, 0.061920155874556966
O83414,R,0.07979898154735565, 0.06434636004269123
O83414,R,0.045814018696546555, 0.06902361433539125
O83414,R,0.08576697111129761, 0.06974414549767971
O83414,R,0.10325215756893158, 0.07452558974424998
O83414,L,0.059096235781908035, 0.07885122464762793
O83414,R,0.09968545287847519, 0.08034210569328731
O83414,E,0.06875120103359222, 0.08523463416430685
O83414,E,0.07148200273513794, 0.0883981506857607
O83414,E,0.09601400047540665, 0.08666935935616493
O83414,L,0.0932169109582901, 0.09031194779607984
O83414,L,0.08984677493572235, 0.08873654239707524
O83414,R,0.11423861980438232, 0.09103236264652675
O83414,Q,0.08769303560256958, 0.09122703638341692
O83414,Q,0.09187953174114227, 0.09533476581176122
O83414,Q,0.08550680428743362, 0.09685477697187
O83414,L,0.089413583278656, 0.10154730164342457
O83414,M,0.07323406636714935, 0.09518111497163773
O83414,R,0.13298356533050537, 0.09630497958925036
O83414,E,0.1068970113992691, 0.09727895011504491
O83414,R,0.13207949697971344, 0.10033944414721595
O83414,A,0.05694293975830078, 0.09899414910210504
O83414,L,0.09780781716108322, 0.10393867641687393
O83414,W,0.1006452664732933, 0.10254672914743423
O83414,E,0.11305125057697296, 0.10444939219289356
O83414,A,0.07730592787265778, 0.10408498264021343
O83414,E,0.11773481220006943, 0.11883669015434054
O83414,Q,0.1204560399055481, 0.12589963111612532
O83414,A,0.12402097880840302, 0.1310393272174729
O83414,G,0.12879981100559235, 0.13563298765156004
O83414,M,0.18970830738544464, 0.1462006610300806
O83414,N,0.1613742858171463, 0.15100468032889897
O83414,V,0.14690253138542175, 0.15370222595002916
O83414,S,0.15439419448375702, 0.15400513841046226
O83414,M,0.17241498827934265, 0.14770481238762537
O83414,S,0.16097098588943481, 0.143616092701753
O83414,V,0.1447339504957199, 0.1410636314087444
O83414,E,0.12674719095230103, 0.13860129565000534
O83414,E,0.07209687680006027, 0.13196811493900087
O83414,R,0.15290983021259308, 0.1261699530813429
O83414,K,0.13840213418006897, 0.11403497929374377
O83414,R,0.12474150955677032, 0.10834699579411083
O83414,L,0.0946955680847168, 0.1039972019692262
O83414,E,0.12023153156042099, 0.1066084433760908
O83414,L,0.05175622180104256, 0.09219070565369394
O83414,Q,0.09354209899902344, 0.08612302566568057
O83414,E,0.08759904652833939, 0.08640697225928307
O83414,N,0.09559804946184158, 0.08182766909400623
O83414,V,0.023150190711021423, 0.07072105175919002
O83414,L,0.08379301428794861, 0.07736933852235477
O83414,N,0.1272970288991928, 0.08369619109564358
O83414,M,0.05348183959722519, 0.08449300999442737
O83414,A,0.02027197554707527, 0.07910147681832314
O83414,R,0.11159080266952515, 0.08404608940084775
O83414,E,0.15048377215862274, 0.08535058506660992
O83414,H,0.0947704166173935, 0.07351345527503225
O83414,P,0.047074250876903534, 0.07017775045500861
O83414,E,0.06765170395374298, 0.07362835150625971
O83414,D,0.09553347527980804, 0.06536254038413365
O83414,V,0.020762860774993896, 0.05000246585243278
O83414,A,0.023460496217012405, 0.0460578068676922
O83414,L,0.051327385008335114, 0.04626467472149266
O83414,L,0.0371985025703907, 0.041176637841595545
O83414,V,0.012243101373314857, 0.03181724560757478
O83414,R,0.05926848575472832, 0.03361029157208072
O83414,T,0.048936061561107635, 0.035272699056400195
O83414,W,0.021859372034668922, 0.03473159153428343
O83414,L,0.011298945173621178, 0.030598424582017794
O83414,M,0.03690027445554733, 0.029238079984982807
O83414,E,0.03842216357588768, 0.022652692678901885
O83414,E,0.04645741730928421, 0.01721535250544548
O83425,M,0.05712335556745529, 0.03373785027199321
O83425,S,0.07582826167345047, 0.04376010555360052
O83425,K,0.08122055232524872, 0.0478299827211433
O83425,K,0.05496751144528389, 0.050278440945678286
O83425,A,0.03450097143650055, 0.05224706273939875
O83425,R,0.09020029753446579, 0.048676795015732445
O83425,F,0.03662889450788498, 0.04196390985614724
O83425,G,0.022036124020814896, 0.034451857623126775
O83425,V,0.017717596143484116, 0.029803111631837156
O83425,V,0.024990946054458618, 0.02735510530571143
O83425,L,0.01541229523718357, 0.018468124171098072
O83425,V,0.013612082228064537, 0.015844922409289412
O83425,V,0.013128797523677349, 0.014760847410394086
O83425,L,0.012468914501369, 0.014485653696788682
O83425,A,0.010217467322945595, 0.014687448119123777
O83425,A,0.013020078651607037, 0.017034511185354657
O83425,C,0.01227944903075695, 0.017061041564577155
O83425,S,0.01524085272103548, 0.02010311082833343
O83425,G,0.026807095855474472, 0.024757569345335167
O83425,F,0.03653586283326149, 0.026841874234378338
O83425,L,0.013850855641067028, 0.027469493862655427
O83425,F,0.040507420897483826, 0.03466852485305733
O83425,P,0.05435904115438461, 0.041482711107366614
O83425,T,0.028976211324334145, 0.04886907059699297
O83425,L,0.018668655306100845, 0.054660014911658235
O83425,Q,0.07707072794437408, 0.06281531333095497
O83425,W,0.07656852900981903, 0.06721685723298126
O83425,Y,0.09328433126211166, 0.07316807222863038
O83425,F,0.08865436166524887, 0.08018688236673673
O83425,L,0.0872485414147377, 0.09041104714075725
O83425,T,0.08012131601572037, 0.09188151525126563
O83425,D,0.10791997611522675, 0.09598824878533681
O83425,A,0.09214550256729126, 0.09563162260585362
O83425,Q,0.11068613827228546, 0.10011845247613059
O83425,T,0.09030494093894958, 0.09515335576401816
O83425,R,0.11352913081645966, 0.09494743165042666
O83425,Q,0.09007469564676285, 0.09091692335075802
O83425,R,0.1290358304977417, 0.08842954784631729
O83425,A,0.04256267100572586, 0.09383129328489304
O83425,L,0.07826799899339676, 0.09921490566598044
O83425,S,0.07164540141820908, 0.09729290091329151
O83425,S,0.06975912302732468, 0.09324710485008028
O83425,R,0.15930184721946716, 0.09077441940704982
O83425,E,0.13875745236873627, 0.09869059258037144
O83425,Q,0.09623108804225922, 0.10166614668236838
O83425,I,0.053662531077861786, 0.09760740316576427
O83425,K,0.10678166151046753, 0.09714884890450372
O83425,E,0.11380822956562042, 0.0914826707707511
O83425,Y,0.10504798591136932, 0.08447805874877506
O83425,A,0.035116709768772125, 0.0770704448223114
O83425,V,0.06563213467597961, 0.0836759756008784
O83425,Q,0.10830624401569366, 0.08773127363787757
O83425,S,0.07571594417095184, 0.08127955471475919
O83425,A,0.029562562704086304, 0.07535453803009456
O83425,E,0.11311230808496475, 0.0806024960345692
O83425,R,0.14327934384346008, 0.08429745667510563
O83425,D,0.05574275925755501, 0.07558665548761685
O83425,L,0.05172283574938774, 0.07674592360854149
O83425,A,0.08234833180904388, 0.09042853406733936
O83425,D,0.09888678044080734, 0.08889246856172879
O83425,L,0.029909033328294754, 0.07941059395670891
O83425,T,0.08614935725927353, 0.0897907242178917
O83425,R,0.1527060568332672, 0.09763153021534283
O83425,L,0.0992877185344696, 0.09821228227681583
O83425,A,0.0579424723982811, 0.10107873835497433
O83425,R,0.14916393160820007, 0.11120831552479002
O83425,A,0.12229008972644806, 0.11547551966375774
O83425,G,0.08757510036230087, 0.11328162335687214
O83425,S,0.1246848851442337, 0.107208421246873
O83425,D,0.12107522785663605, 0.1099156460000409
O83425,E,0.12455419450998306, 0.10181467938754293
O83425,D,0.1329609900712967, 0.10073204379942682
O83425,I,0.04462889954447746, 0.09887683019042015
O83425,S,0.08230749517679214, 0.09356453807817565
O83425,A,0.07625523209571838, 0.0883874541355504
O83425,R,0.11254636943340302, 0.07860711589455605
O83425,Y,0.07087817788124084, 0.06910303731759389
O83425,A,0.0768742561340332, 0.0705897104409006
O83425,P,0.07448147237300873, 0.06746888781587283
O83425,L,0.036531150341033936, 0.06170529665218459
O83425,V,0.047424282878637314, 0.061037242826488286
O83425,A,0.05800895765423775, 0.06518015720778042
O83425,A,0.05422009155154228, 0.06602787185046408
O83425,A,0.02438291162252426, 0.0657907480167018
O83425,R,0.10653388500213623, 0.0745680005186134
O83425,Q,0.10816440731287003, 0.08342111193471485
O83425,N,0.08450368791818619, 0.09237309338317977
O83425,L,0.07234735786914825, 0.10091615633832084
O83425,S,0.11552642285823822, 0.12642186880111694
O83425,Y,0.12710228562355042, 0.1300821304321289
O83425,S,0.13857679069042206, 0.1268364820215437
O83425,G,0.1311076581478119, 0.12848073575231764
O83425,R,0.2539343237876892, 0.132751378748152
O83425,P,0.1394762396812439, 0.13457823958661821
O83425,A,0.0789535716176033, 0.13063750664393106
O83425,P,0.09930197149515152, 0.1265292473965221
O83425,S,0.11078314483165741, 0.11869890160030788
O83425,R,0.1319681704044342, 0.10005269199609756
O83425,W,0.09163568913936615, 0.08992274602254231
O83425,T,0.1016024574637413, 0.08479173481464386
O83425,A,0.060634545981884, 0.08199532330036163
O83425,A,0.0861184373497963, 0.08020655810832977
O83425,A,0.048306725919246674, 0.0711303527156512
O83425,L,0.03277447074651718, 0.06790144327614042
O83425,V,0.07413426786661148, 0.06549018538660473
O83425,S,0.09468425810337067, 0.0656108483672142
O83425,A,0.050282321870326996, 0.06736754377683003
O83425,F,0.06257550418376923, 0.07321967350112067
O83425,P,0.07990113645792007, 0.08317678090598848
O83425,V,0.06172051280736923, 0.09021345277627309
O83425,K,0.1019286960363388, 0.09222192731168535
O83425,S,0.1009758934378624, 0.09792260577281316
O83425,E,0.12238843739032745, 0.09906249327792062
O83425,Q,0.13746431469917297, 0.09832459025912815
O83425,G,0.112760528922081, 0.10581949270433849
O83425,F,0.1015884280204773, 0.1021653629011578
O83425,V,0.07283449172973633, 0.10893702589803272
O83425,L,0.07326000928878784, 0.10687313891119427
O83425,Y,0.1291746348142624, 0.10160916215843624
O83425,A,0.06904152780771255, 0.09452521594034301
O83425,R,0.16192086040973663, 0.09492473759584957
O83425,P,0.10381345450878143, 0.09616196693645583
O83425,L,0.09008852392435074, 0.0953695463637511
O83425,M,0.04900501295924187, 0.08623924727241199
O83425,E,0.10518412292003632, 0.08853885158896446
O83425,Q,0.08396955579519272, 0.0799224397374524
O83425,T,0.06612822413444519, 0.07200367500384648
O83425,Y,0.04700194299221039, 0.06677817387713327
O83425,R,0.08973796665668488, 0.06884131953120232
O83425,E,0.08437315374612808, 0.06528552249073982
O83425,A,0.0325445719063282, 0.06095744710829523
O83425,V,0.04305901378393173, 0.06374908197257254
O83425,L,0.06757332384586334, 0.06871067856748898
O83425,K,0.07318194955587387, 0.0687090369562308
O83425,M,0.045016877353191376, 0.06400451478030947
O83425,K,0.09125293791294098, 0.06745116205679046
O83425,R,0.09165631234645844, 0.07261704943246311
O83425,R,0.08972319215536118, 0.07087745186355379
O83425,Q,0.042032454162836075, 0.06739744295676549
O83425,A,0.06356439739465714, 0.07604718125528759
O83425,Q,0.08955200016498566, 0.07446565479040146
O83425,A,0.0519169457256794, 0.07241002056333753
O83425,V,0.041861869394779205, 0.06831359159615305
O83425,K,0.12286452203989029, 0.07600091977251901
O83425,L,0.07701919972896576, 0.0754892151388857
O83425,G,0.07315560430288315, 0.08464145205087131
O83425,L,0.05285533145070076, 0.0854457604388396
O83425,D,0.1112184077501297, 0.08764024451375008
O83425,L,0.058959055691957474, 0.07784096565511492
O83425,S,0.17192213237285614, 0.07798983073896831
O83425,G,0.059155721217393875, 0.07273778981632656
O83425,G,0.06161222606897354, 0.07173479224244754
O83425,T,0.03467101231217384, 0.06087045081787639
O83425,S,0.07835898548364639, 0.06295792096190983
O83425,V,0.02588723599910736, 0.0456279009166691
O83425,V,0.04382835328578949, 0.0478723200245036
O83425,I,0.01343933492898941, 0.04699104796681139
O83425,K,0.07774628698825836, 0.05345010322829088
O83425,A,0.01595195196568966, 0.05825603649848037
O83425,D,0.07935549318790436, 0.0661481815493769
O83425,L,0.05368077754974365, 0.0771175521529383
O83425,S,0.0928025096654892, 0.0993474264525705
O83425,E,0.12161238491535187, 0.10993034868604606
O83425,V,0.09691654145717621, 0.12861212260193294
O83425,T,0.1425526887178421, 0.13693784674008688
O83425,K,0.21350820362567902, 0.1602308882607354
O83425,G,0.17299258708953857, 0.16812605990303886
O83425,V,0.18408791720867157, 0.17416244248549143
O83425,P,0.15428701043128967, 0.18022988736629486
O83425,D,0.26331815123558044, 0.1759751190741857
O83425,A,0.1638590544462204, 0.16946756839752197
O83425,E,0.17593982815742493, 0.1656905495458179
O83425,R,0.15152354538440704, 0.15542258653375837
O83425,A,0.10425977408885956, 0.15063769204749
O83425,A,0.15494024753570557, 0.14080044213268492
O83425,I,0.13899941742420197, 0.1280745296842522
O83425,R,0.0916762501001358, 0.11443024708165063
O83425,S,0.11122296005487442, 0.1098535805940628
O83425,E,0.1747829020023346, 0.11145524349477556
O83425,A,0.049325842410326004, 0.09761327794856495
O83425,M,0.053141284734010696, 0.08934613772564465
O83425,A,0.11033354699611664, 0.08992360822028583
O83425,L,0.11867474019527435, 0.0842765871849325
O83425,V,0.030362557619810104, 0.06642192643549708
O83425,L,0.06459515541791916, 0.07113892005549537
O83425,S,0.09687348455190659, 0.07899915965067016
O83425,T,0.060399770736694336, 0.07381835704048474
O83425,L,0.014090955257415771, 0.06220958506067594
O83425,E,0.09177878499031067, 0.07844612912999259
O83425,N,0.1238834410905838, 0.09717815783288744
O83425,R,0.06370632350444794, 0.09649535268545151
O83425,I,0.014195792376995087, 0.09511097230845028
O83425,N,0.17649145424365997, 0.0970642872982555
O83425,R,0.23318341374397278, 0.09458649655183156
O83425,F,0.09072823822498322, 0.0998097989294264
O83425,G,0.04794034734368324, 0.09706503939297464
O83425,L,0.031670790165662766, 0.10403025605612332
O83425,S,0.06947866827249527, 0.08722474529511398
O83425,E,0.17089316248893738, 0.0763593367818329
O83425,P,0.039003487676382065, 0.07551047806110647
O83425,V,0.0768827423453331, 0.08176806631187598
O83425,I,0.025241857394576073, 0.08958623082273537
O83425,R,0.13539473712444305, 0.09141802560124132
O83425,R,0.08308850973844528, 0.07994757696158356
O83425,Q,0.10425864160060883, 0.08584746366573705
O83425,G,0.10203427076339722, 0.07820789102050993
O83425,E,0.08596482127904892, 0.08718725066218111
O83425,D,0.06765912473201752, 0.07284772499567932
O83425,R,0.09210246801376343, 0.07667764214177926
O83425,V,0.00812658853828907, 0.06811454147100449
O83425,Y,0.1060560941696167, 0.06583111567629708
O83425,V,0.0063390061259269714, 0.06076659055219756
O83425,E,0.11755776405334473, 0.059013820356792875
O83425,I,0.027190735563635826, 0.056063898735576205
O83425,P,0.08148343861103058, 0.06322865001857281
O83425,G,0.040384095162153244, 0.06590529262191719
O83425,L,0.05188419297337532, 0.07501740815738837
O83425,T,0.06555317342281342, 0.073604388990336
O83425,D,0.07260935008525848, 0.07256364987956153
O83425,R,0.1301458775997162, 0.0727884281012747
O83425,D,0.08834804594516754, 0.07677258592512873
O83425,R,0.10484059154987335, 0.07459426795442899
O83425,V,0.01782408356666565, 0.06863536333872212
O83425,H,0.08350644260644913, 0.0681029415378968
O83425,S,0.07624151557683945, 0.06082605467074447
O83425,I,0.03227933123707771, 0.06948124017152521
O83425,V,0.011923031881451607, 0.06051208823919296
O83425,M,0.0678175538778305, 0.07285087224509981
O83425,G,0.0646538957953453, 0.06516288717587788
O83425,R,0.1662447154521942, 0.06397521164682177
O83425,G,0.024118224158883095, 0.062412435188889503
O83425,V,0.12887313961982727, 0.06842257579167683
O83425,L,0.014314576983451843, 0.06508191509379281
O83425,A,0.06555243581533432, 0.06145343681176504
O83425,F,0.01821434311568737, 0.05148751868142022
O83425,H,0.06601429730653763, 0.0640626721498039
O83425,L,0.03775160759687424, 0.05993550084531307
O83425,V,0.03199759125709534, 0.06285005745788415
O83425,D,0.07655145227909088, 0.06696758771108256
O83425,D,0.13729460537433624, 0.08395916513270801
O83425,D,0.09172859787940979, 0.08459213086300427
O83425,A,0.04054558649659157, 0.08437426678008503
O83425,T,0.10261020809412003, 0.08903729874226782
O83425,Q,0.17113853991031647, 0.09373556532793575
O83425,K,0.0717109888792038, 0.08847657135791248
O83425,L,0.035790830850601196, 0.09439033228490087
O83425,L,0.07396487891674042, 0.11582680294911067
O83425,D,0.11883585155010223, 0.1237862077024248
O83425,H,0.08996365964412689, 0.12302758793036143
O83425,Y,0.1449524462223053, 0.13374926315413582
O83425,R,0.23347382247447968, 0.15663232571548885
O83425,N,0.17424485087394714, 0.1588047362036175
O83425,N,0.16431096196174622, 0.15729552341832054
O83425,P,0.16820606589317322, 0.16401016381051806
O83425,Q,0.24173839390277863, 0.1703672425614463
O83425,G,0.09351657330989838, 0.15632831470833886
O83425,T,0.1052529364824295, 0.15324425448973975
O83425,F,0.15039542317390442, 0.16044514957401487
O83425,D,0.20216615498065948, 0.15830474346876144
O83425,A,0.1071234717965126, 0.14578473485178417
O83425,A,0.14648830890655518, 0.14714022394683626
O83425,H,0.22911901772022247, 0.14688177655140558
O83425,Q,0.14894241094589233, 0.14145399712853962
O83425,L,0.12905831634998322, 0.1364214825961325
O83425,H,0.10571597516536713, 0.13977587223052979
O83425,D,0.10292690992355347, 0.13119253350628746
O83425,L,0.10154540836811066, 0.11494398530986574
O83425,S,0.15687352418899536, 0.11711433943774965
O83425,L,0.13731297850608826, 0.11877992666429943
O83425,V,0.06923826038837433, 0.11456394526693556
O83425,P,0.08288208395242691, 0.11069592088460922
O83425,E,0.16847559809684753, 0.10511443432834414
O83425,H,0.14404860138893127, 0.09641881949371761
O83425,T,0.06777214258909225, 0.0885863486263487
O83425,S,0.06811469048261642, 0.08883629573716058
O83425,V,0.051312029361724854, 0.09627688179413478
O83425,L,0.07861299067735672, 0.10085720072189967
O83425,G,0.06682074069976807, 0.1042140747110049
O83425,V,0.07148778438568115, 0.11817966567145453
O83425,Y,0.1498473584651947, 0.13867487592829597
O83425,R,0.20969846844673157, 0.1687469623155064
O83425,K,0.1742604672908783, 0.17752673394150204
O83425,D,0.19346246123313904, 0.1944190396202935
O83425,S,0.25257158279418945, 0.2065871556599935
O83425,Y,0.32196080684661865, 0.21146241658263737
O83425,G,0.15763093531131744, 0.21095459991031223
O83425,L,0.2188514918088913, 0.20649058620134988
O83425,D,0.18100082874298096, 0.19847592380311754
O83425,V,0.19372470676898956, 0.1781045397122701
O83425,R,0.20512811839580536, 0.1482030993534459
O83425,D,0.13408434391021729, 0.13416709212793243
O83425,G,0.12133049964904785, 0.1129119052655167
O83425,F,0.0692291259765625, 0.10384044672052066
O83425,L,0.05284784361720085, 0.09290499447120561
O83425,V,0.03130687028169632, 0.08511514920327398
O83425,V,0.027554810047149658, 0.07821630479560958
O83425,K,0.09935770183801651, 0.06938913257585631
O83425,K,0.09530563652515411, 0.06496186306079228
O83425,E,0.13501951098442078, 0.08181908188594712
O83425,P,0.07199474424123764, 0.08582285253538026
O83425,A,0.04188594967126846, 0.10042570241623455
O83425,L,0.029383700340986252, 0.10421892296936777
O83425,E,0.20456281304359436, 0.09517977117664284
O83425,G,0.06734080612659454, 0.09560816300412019
O83425,R,0.15898045897483826, 0.10447789790729682
O83425,H,0.13349668681621552, 0.10155203472822905
O83425,I,0.013953270390629768, 0.12122171858532561
O83425,R,0.13887503743171692, 0.10591650247159931
O83425,D,0.15182235836982727, 0.11467028895599975
O83425,A,0.015553181059658527, 0.1156807333851854
O83425,T,0.20641085505485535, 0.1132825736163391
O83425,V,0.06681586802005768, 0.14358094220774043
O83425,S,0.14612488448619843, 0.1443299474194646
O83425,S,0.16807445883750916, 0.14415216332094538
O83425,G,0.11191324889659882, 0.16011808812618256
O83425,R,0.2866385877132416, 0.14882758756478628
O83425,A,0.1456160843372345, 0.15140930314858755
O83425,N,0.1502223014831543, 0.1358948346848289
O83425,E,0.1592465043067932, 0.12802170434345803
O83425,P,0.10479635000228882, 0.11777312091241281
O83425,L,0.0900513082742691, 0.10197548102587461
O83425,V,0.006494668312370777, 0.08831192728959852
O83425,L,0.09721628576517105, 0.08387122893085082
O83425,F,0.019675998017191887, 0.08437445604552825
O83425,D,0.1444598287343979, 0.08986239145613378
O83425,L,0.022644100710749626, 0.08410102884388632
O83425,D,0.11025601625442505, 0.0875757493906551
O83425,H,0.16377554833889008, 0.09122145175933838
O83425,E,0.15418776869773865, 0.09842683395577802
O83425,G,0.0381990447640419, 0.08436421822342607
O83425,A,0.03776715323328972, 0.08915928544269668
O83425,R,0.13002760708332062, 0.0896326166888078
O83425,I,0.08452443778514862, 0.07521006216605504
O83425,F,0.017896287143230438, 0.06145129456288285
O83425,S,0.06579970568418503, 0.07407947650386228
O83425,E,0.1145159974694252, 0.08192297547227806
O83425,L,0.03397255763411522, 0.07786943246093062
O83425,T,0.03035886026918888, 0.08225086972945267
O83425,T,0.15185268223285675, 0.0964574141220914
O83425,K,0.10835864394903183, 0.10984223066932625
O83425,E,0.09354571998119354, 0.11829018489354187
O83425,I,0.12395737320184708, 0.11653476270536582
O83425,G,0.14575518667697906, 0.11446672088156144
O83425,R,0.1862630546092987, 0.09881849183390538
O83425,R,0.19054758548736572, 0.08911392889502975
O83425,L,0.018173757940530777, 0.08212815649393532
O83425,A,0.011746483854949474, 0.07469142404281431
O83425,I,0.011018620803952217, 0.0670300524474846
O83425,V,0.02101757749915123, 0.05743345131890641
O83425,S,0.030673768371343613, 0.040610716264281005
O83425,D,0.057026781141757965, 0.04857443862905105
O83425,G,0.07680284231901169, 0.05224647269480758
O83425,K,0.09989364445209503, 0.059789538797405034
O83425,I,0.039142969995737076, 0.06297784878147973
O83425,R,0.08984725922346115, 0.07281585741374227
O83425,S,0.04479479044675827, 0.06869106346534358
O83425,A,0.07890621572732925, 0.08027229313221243
O83425,P,0.04971236735582352, 0.08425168962114388
O83425,A,0.11921584606170654, 0.09131063169075383
O83425,I,0.0199036356061697, 0.08539433094362418
O83425,R,0.1810339093208313, 0.10065177310672072
O83425,E,0.13570821285247803, 0.10442190348274177
O83425,P,0.10267344862222672, 0.104081390839484
O83425,I,0.03660055249929428, 0.10771929576165146
O83425,T,0.18211176991462708, 0.10701476109938489
O83425,A,0.11283738911151886, 0.09870138091759549
O83425,G,0.046647753566503525, 0.08434895689909656
O83425,S,0.15195699036121368, 0.08275411707452601
O83425,G,0.01356282364577055, 0.08700656658038497
O83425,S,0.10621348768472672, 0.07433700908182396
O83425,I,0.006536396685987711, 0.07135605413673653
O83425,S,0.08831989020109177, 0.07539612856797046
O83425,G,0.07487259805202484, 0.07323501150434215
O83425,F,0.06808575242757797, 0.08008352444610661
O83425,S,0.08600879460573196, 0.0707214288930926
O83425,A,0.08300842344760895, 0.08471557104753123
O83425,E,0.13250693678855896, 0.08512172454761134
O83425,E,0.0751994401216507, 0.07988749196132024
O83425,A,0.021954627707600594, 0.0782455603281657
O83425,Q,0.13248367607593536, 0.07729447301891115
O83425,N,0.09197527170181274, 0.07449081581499842
O83425,L,0.02776450477540493, 0.06213353491491742
O83425,K,0.05330836772918701, 0.06416013009018368
O83425,T,0.0774490088224411, 0.06877881930106217
O83425,A,0.05777550861239433, 0.059380697500374585
O83425,L,0.02129140868782997, 0.05854164291587141
O83425,R,0.09343879669904709, 0.06091143853134579
O83425,S,0.0635228306055069, 0.07284738288985358
O83425,A,0.04790057986974716, 0.06737548547486465
O83425,W,0.08442378044128418, 0.07042857818305492
O83425,L,0.04909266531467438, 0.06985193884207143
O83425,N,0.16073186695575714, 0.07030503017206986
O83425,V,0.028201932087540627, 0.06832472752365801
O83425,A,0.08525334298610687, 0.07101409489081965
O83425,L,0.0161016546189785, 0.07156805383662383
O83425,E,0.09751661866903305, 0.07535790093243122
O83425,I,0.045700106769800186, 0.0689333447565635
O83425,E,0.07210488617420197, 0.07086674206786686
O83425,N,0.08940941095352173, 0.06514542880985472
O83425,Q,0.08320128917694092, 0.06805654449595346
O83425,Q,0.10291086137294769, 0.06374818914466435
O83425,V,0.04560250788927078, 0.06918968136111896
O83425,V,0.03376152366399765, 0.07057614251971245
O83425,G,0.04230169579386711, 0.0630002911720011
O83425,A,0.05874142050743103, 0.059647231880161494
O83425,S,0.0946735367178917, 0.06015573152237468
O83425,M,0.08458303660154343, 0.05980765074491501
O83425,G,0.021226748824119568, 0.05970030071006881
O83425,E,0.05302375555038452, 0.06379445145527522
O83425,E,0.10748735815286636, 0.06399743424521552
O83425,S,0.04246978089213371, 0.0558311612241798
O83425,I,0.03279537335038185, 0.049083939029110804
O83425,R,0.07914905250072479, 0.05399665733178457
O83425,Q,0.06056826561689377, 0.04942006855789158
O83425,G,0.021177079528570175, 0.0384261766448617
O83425,T,0.02385803684592247, 0.03510559101899465
O83425,R,0.06544121354818344, 0.033785033143228956
O83425,A,0.011834456585347652, 0.026383317386110623
O83425,L,0.00854233093559742, 0.020596465095877647
O83425,V,0.012584510259330273, 0.01944053793946902
O83425,W,0.0209103524684906, 0.0179547473995222
O83425,G,0.012533610686659813, 0.012518194504082203
O83425,L,0.008486595004796982, 0.012467594713800483
O83425,C,0.010773735120892525, 0.012515575935443243
O83425,A,0.010485921986401081, 0.014348493992454477
O83425,V,0.01651223748922348, 0.014330323268142011
O83425,L,0.011379058472812176, 0.014445046066410012
O83425,L,0.008974161930382252, 0.015505900916953882
O83425,F,0.029080772772431374, 0.026750942795640893
O83425,M,0.02074681594967842, 0.03403983203073343
O83425,L,0.013566115871071815, 0.039136433973908424
O83425,V,0.01803428865969181, 0.044509109006159835
O83425,W,0.11197911202907562, 0.04588758800592688
O83425,Y,0.07608592510223389, 0.04396441392600536
O83425,Q,0.06238165497779846, 0.043413855135440826
O83425,E,0.059733133763074875, 0.04349265309671561
O83425,A,0.0213804729282856, 0.042459488949841924
O83425,G,0.01177220605313778, 0.03368272901409202
O83425,V,0.015791786834597588, 0.0262519588900937
O83425,N,0.01427529752254486, 0.020362757249838777
O83425,A,0.008735811337828636, 0.016323749907314777
O83425,C,0.03298827260732651, 0.014865483364297284
O83425,V,0.00920899398624897, 0.014619950722489092
O83425,A,0.00937884021550417, 0.01598137689547406
O83425,Q,0.023382067680358887, 0.015665065911081102
O83425,L,0.008256074041128159, 0.016142207404805556
O83425,L,0.009562412276864052, 0.01340502624710401
O83425,N,0.028044622391462326, 0.013648642123573355
O83425,L,0.011428498663008213, 0.014114859513938427
O83425,Y,0.013030084781348705, 0.01407434967243009
O83425,I,0.0083536421880126, 0.0147014403094848
O83425,M,0.011401536874473095, 0.015015449581874741
O83425,F,0.013574796728789806, 0.014585374751024775
O83425,G,0.023017479106783867, 0.01618260072751178
O83425,V,0.013899889774620533, 0.01777540747490194
O83425,L,0.012388495728373528, 0.02596104010525677
O83425,S,0.024173948913812637, 0.028681571284929912
O83425,A,0.02580353245139122, 0.032677285062770046
O83425,F,0.027365345507860184, 0.033333228383627206
O83425,N,0.08202433586120605, 0.04061149722999997
O83425,L,0.03588631749153137, 0.0465815102474557
O83425,T,0.049536220729351044, 0.050784578546881676
O83425,L,0.028920968994498253, 0.05331816586355368
O83425,T,0.0794043093919754, 0.05259227421548632
O83425,L,0.06611861288547516, 0.046275932962695755
O83425,S,0.06200156360864639, 0.04597518862121635
O83425,S,0.048605818301439285, 0.041735789428154625
O83425,I,0.020832320675253868, 0.04074027492768235
O83425,A,0.02517726458609104, 0.037467654587494
O83425,G,0.033179618418216705, 0.03402508319252067
O83425,M,0.01138162799179554, 0.028921015974548128
O83425,I,0.019961338490247726, 0.0258943655838569
O83425,L,0.049950726330280304, 0.02931399643421173
O83425,T,0.03513547033071518, 0.028340007075005107
O83425,I,0.0160649586468935, 0.02703975203136603
O83425,G,0.02136596478521824, 0.036817725747823715
O83425,M,0.05160899832844734, 0.036866614802016154
O83425,A,0.01641136035323143, 0.034807323995563716
O83425,V,0.02147732302546501, 0.03222501764280929
O83425,D,0.0993833914399147, 0.03220048308786419
O83425,A,0.02040133997797966, 0.03171255863789055
O83425,N,0.031417109072208405, 0.0314572723582387
O83425,V,0.011894713155925274, 0.03948564092732138
O83425,V,0.01584414765238762, 0.04969489874525203
O83425,V,0.016974644735455513, 0.04021859334574805
O83425,F,0.04931142181158066, 0.048634113950861826
O83425,E,0.08866667747497559, 0.05289576657944255
O83425,R,0.11336064338684082, 0.05658795984668864
O83425,I,0.014096642844378948, 0.060526454717748694
O83425,R,0.0961410254240036, 0.06652260313017501
O83425,E,0.06977198272943497, 0.07084589855124553
O83425,E,0.04512445256114006, 0.0646321623482638
O83425,L,0.0512906014919281, 0.060010765886141196
O83425,A,0.07093998044729233, 0.06504473297132386
O83425,L,0.08822108060121536, 0.06597570205728213
O83425,G,0.032743051648139954, 0.06518111502130826
O83425,K,0.07176807522773743, 0.06687883536020915
O83425,S,0.05940234661102295, 0.06221238047712379
O83425,R,0.10451974719762802, 0.055987539804644056
O83425,G,0.06262069940567017, 0.057084442426760994
O83425,A,0.060403935611248016, 0.05920546129345894
O83425,A,0.00929250754415989, 0.05305587707294358
O83425,V,0.014916414394974709, 0.048101979618271194
O83425,C,0.09809320420026779, 0.042934671665231385
O83425,S,0.05183222144842148, 0.046557267299956746
O83425,G,0.016421817243099213, 0.04156684109734164
O83425,F,0.014817269518971443, 0.04318451343311204
O83425,E,0.058013975620269775, 0.04832292327450381
O83425,R,0.0952240601181984, 0.03978740444613828
O83425,A,0.015490099787712097, 0.03493257953474919
O83425,F,0.023851558566093445, 0.03415187355130911
O83425,W,0.06116210296750069, 0.03929200696034564
O83425,A,0.02127353474497795, 0.0348841046086616
O83425,I,0.008138797245919704, 0.027733263766600028
O83425,M,0.009395463392138481, 0.026886569646497566
O83425,D,0.06107847020030022, 0.02720641541398234
O83425,S,0.01834285445511341, 0.02399280656956964
O83425,N,0.03086649253964424, 0.022736171156995826
O83425,V,0.00786985270678997, 0.023030027850634523
O83425,T,0.026730170473456383, 0.023889341184662446
O83425,T,0.03223962336778641, 0.018828058511846595
O83425,F,0.009963816031813622, 0.01891182642430067
O83425,I,0.010783507488667965, 0.017369520022637315
O83425,A,0.017129283398389816, 0.019343449941111937
O83425,A,0.015526926144957542, 0.02235338867952426
O83425,L,0.01909676566720009, 0.026576415014763672
O83425,F,0.016985734924674034, 0.031330973427328795
O83425,L,0.02563522197306156, 0.03385456589361032
O83425,S,0.05381961911916733, 0.037833341086904206
O83425,V,0.0702468603849411, 0.04250320957766639
O83425,L,0.05275484174489975, 0.05832040268513891
O83425,G,0.033495839685201645, 0.0595964425139957
O83425,T,0.05293826013803482, 0.06528236199584272
O83425,G,0.05755574256181717, 0.06346946354541513
O83425,P,0.16145150363445282, 0.05777937360107899
O83425,I,0.02847009338438511, 0.05314195290621784
O83425,K,0.07680849730968475, 0.05347906891256571
O83425,G,0.03750353306531906, 0.05156891679184304
O83425,F,0.019036050885915756, 0.049750391497380204
O83425,A,0.011018055491149426, 0.03469292167574167
O83425,Y,0.03652988374233246, 0.03235083311382267
O83425,S,0.03574689105153084, 0.02793950742731492
O83425,L,0.04118901491165161, 0.026215708400640223
O83425,A,0.02593427523970604, 0.0255258706294828
O83425,I,0.007391296327114105, 0.025206761952075694
O83425,G,0.03710656613111496, 0.027551656692392297
O83425,V,0.02198934182524681, 0.025146342607008085
O83425,V,0.012827510945498943, 0.021713594078189798
O83425,S,0.008146077394485474, 0.020607652246124215
O83425,S,0.057633936405181885, 0.02294284488177962
O83425,V,0.014099064283072948, 0.020473164713217154
O83425,F,0.010294278152287006, 0.02016471481571595
O83425,T,0.0159807987511158, 0.019741454679105017
O83425,A,0.028408030048012733, 0.02085743596156438
O83425,L,0.014879444614052773, 0.022612999710771773
O83425,F,0.019213292747735977, 0.023650553387900192
O83425,V,0.009018169716000557, 0.023475022572610114
O83425,S,0.01818990893661976, 0.023328003163139027
O83425,R,0.0734340101480484, 0.024941931582159467
O83425,L,0.023437047377228737, 0.027738371036118932
O83425,M,0.008714500814676285, 0.030024772509932518
O83425,F,0.014657624065876007, 0.03440617728564474
O83425,D,0.0429333858191967, 0.03964989818632603
O83425,Y,0.04004739969968796, 0.03750749118626118
O83425,G,0.03979090601205826, 0.04272455059819751
O83425,T,0.048450812697410583, 0.05297063663601875
O83425,E,0.06538339704275131, 0.0632433754702409
O83425,V,0.05415234714746475, 0.06922911438677046
O83425,L,0.07039058208465576, 0.07394513570600086
O83425,H,0.10092927515506744, 0.07508148004611333
O83425,K,0.10711227357387543, 0.0816652278105418
O83425,K,0.09680503606796265, 0.08388806382815044
O83425,T,0.08249159157276154, 0.08564736528529061
O83425,V,0.050018005073070526, 0.08757001161575317
O83425,R,0.1077045425772667, 0.08913472212023205
O83425,I,0.0853889212012291, 0.08583108998007244
O83425,G,0.06998606026172638, 0.0818970733218723
O83425,W,0.08769439905881882, 0.08625079111920463
O83425,R,0.11501166969537735, 0.08688086147109668
O83425,I,0.07737958431243896, 0.0749136900736226
O83425,A,0.061398886144161224, 0.06542603216237491
O83425,R,0.1216750517487526, 0.05764980324440532
O83425,V,0.05568863824009895, 0.047905981126758784
O83426,M,0.05321846529841423, 0.041958489558762975
O83426,R,0.13731199502944946, 0.0530895394169622
O83426,Q,0.10533261299133301, 0.0571708424637715
O83426,V,0.05742616206407547, 0.06299548699624008
O83426,V,0.024337170645594597, 0.06865527253184053
O83426,R,0.10017944872379303, 0.06601346222062905
O83426,F,0.03673172742128372, 0.05726539364291562
O83426,S,0.052421800792217255, 0.05063134328358703
O83426,L,0.05093806982040405, 0.04759763222601679
O83426,L,0.02944217249751091, 0.04632266900605626
O83426,F,0.058579377830028534, 0.03650168805486626
O83426,L,0.04562615975737572, 0.03389040639417039
O83426,P,0.03012276254594326, 0.02868052085654603
O83426,C,0.012862501665949821, 0.024645369396441512
O83426,A,0.011790620163083076, 0.022266738220221467
O83426,I,0.013230192475020885, 0.01683175429287884
O83426,L,0.0055328309535980225, 0.012464490926100148
O83426,S,0.014621706679463387, 0.010381237086322572
O83426,V,0.008034491911530495, 0.010244637934697999
O83426,V,0.009664522483944893, 0.01047076429757807
O83426,L,0.006320789456367493, 0.011078932943443457
O83426,I,0.01137347798794508, 0.011783356364402506
O83426,G,0.011633109301328659, 0.01255332606120242
O83426,A,0.013825757429003716, 0.019557586043245263
O83426,G,0.018703710287809372, 0.024993175951143105
O83426,V,0.011872641742229462, 0.027359751467075612
O83426,L,0.021551433950662613, 0.033193538379338056
O83426,R,0.07107283174991608, 0.045568032604124814
O83426,W,0.05858483165502548, 0.0503672059211466
O83426,A,0.027619969099760056, 0.0546380372511016
O83426,L,0.06387756019830704, 0.059941590660148196
O83426,W,0.12300355732440948, 0.06521461283167203
O83426,G,0.05701831728219986, 0.06323302826947635
O83426,M,0.05714119225740433, 0.06574356514546606
O83426,S,0.059604622423648834, 0.07404226726955837
O83426,F,0.06900863349437714, 0.07326662788788478
O83426,G,0.05323857069015503, 0.07919109943840238
O83426,I,0.0811796635389328, 0.08319681386152904
O83426,D,0.10230828821659088, 0.08332237891025013
O83426,F,0.05689680576324463, 0.08253377882970704
O83426,Q,0.176323801279068, 0.0848206343750159
O83426,S,0.09306974709033966, 0.0814597863290045
O83426,G,0.05827127769589424, 0.0876750722527504
O83426,L,0.052507221698760986, 0.07891571211318175
O83426,I,0.08959033340215683, 0.08702516907619105
O83426,E,0.022990938276052475, 0.07093114343782266
O83426,R,0.13711723685264587, 0.06895666755735874
O83426,L,0.02347404696047306, 0.07148185186088085
O83426,R,0.12988191843032837, 0.07797838312884171
O83426,I,0.03147757053375244, 0.07690773800843292
O83426,A,0.0752994641661644, 0.08371724126239617
O83426,P,0.08099793642759323, 0.0780176944616768
O83426,P,0.11097600311040878, 0.08069492876529694
O83426,A,0.07995452731847763, 0.07517468267016941
O83426,F,0.0842764675617218, 0.08457222084204356
O83426,S,0.08582131564617157, 0.08580508083105087
O83426,L,0.0475691556930542, 0.08714983612298965
O83426,V,0.0801997035741806, 0.08688719570636749
O83426,Y,0.11605541408061981, 0.08932181944449742
O83426,T,0.08639520406723022, 0.09403310302231047
O83426,G,0.09310073405504227, 0.09180199603239696
O83426,T,0.10861223936080933, 0.09966259035799238
O83426,Q,0.10186614096164703, 0.10017476313643986
O83426,S,0.12667801976203918, 0.10188825925191243
O83426,M,0.06574135273694992, 0.10645645691288842
O83426,Q,0.11831450462341309, 0.11558429482910368
O83426,F,0.08480925858020782, 0.12164300762944752
O83426,F,0.13147687911987305, 0.12527027974526087
O83426,Q,0.1275089830160141, 0.13061066882477868
O83426,D,0.17525127530097961, 0.12848961187733543
O83426,E,0.1631406545639038, 0.12511234482129416
O83426,Q,0.13451159000396729, 0.12235953327682283
O83426,K,0.17474152147769928, 0.11695729692776997
O83426,V,0.04665184020996094, 0.10992485367589527
O83426,V,0.08791910111904144, 0.10141037652889888
O83426,F,0.06003395467996597, 0.09259576929940118
O83426,T,0.08285675197839737, 0.09056039485666487
O83426,V,0.0642169937491417, 0.08330326527357101
O83426,S,0.09862098097801208, 0.09024935050143136
O83426,S,0.08380918949842453, 0.09481173008680344
O83426,P,0.11619322001934052, 0.10043705503145854
O83426,G,0.10942735522985458, 0.10613704638348685
O83426,V,0.10916660726070404, 0.11711463001039293
O83426,L,0.12898051738739014, 0.11591133309735192
O83426,G,0.11066187918186188, 0.12029382006989585
O83426,E,0.13415667414665222, 0.11502269407113393
O83426,R,0.1630152463912964, 0.11017696393860711
O83426,Y,0.087791308760643, 0.11216494937737782
O83426,E,0.12325157225131989, 0.10779383613003625
O83426,F,0.06875308603048325, 0.10851881404717763
O83426,L,0.06581578403711319, 0.1147326992617713
O83426,Y,0.1270584762096405, 0.10891254411803351
O83426,T,0.08964049816131592, 0.11155210435390472
O83426,E,0.11718668043613434, 0.1052790234486262
O83426,Y,0.1900816410779953, 0.11424453639321858
O83426,P,0.11063385009765625, 0.11436179445849524
O83426,T,0.11154735088348389, 0.11086132046249178
O83426,L,0.06679384410381317, 0.11066429813702901
O83426,R,0.14944270253181458, 0.11453619764910804
O83426,A,0.06687110662460327, 0.10741574731138018
O83426,F,0.09555421024560928, 0.10890962266259724
O83426,S,0.08786729723215103, 0.11393939372566012
O83426,E,0.15203377604484558, 0.123372297320101
O83426,G,0.12599758803844452, 0.1165359773569637
O83426,A,0.12407872825860977, 0.12237064705954658
O83426,K,0.1568152904510498, 0.12616628325647777
O83426,K,0.15168997645378113, 0.1224007478190793
O83426,V,0.0879158228635788, 0.11774759118755658
O83426,E,0.11938313394784927, 0.11125455424189568
O83426,H,0.1297149360179901, 0.10757010223137008
O83426,L,0.05397747829556465, 0.09844161031974687
O83426,S,0.1101553663611412, 0.0959933412571748
O83426,V,0.06756025552749634, 0.09559030789468023
O83426,T,0.0909186601638794, 0.09416339670618375
O83426,L,0.07465886324644089, 0.09706657007336617
O83426,H,0.12965555489063263, 0.10228531145387226
O83426,A,0.08428852260112762, 0.09784519837962256
O83426,P,0.10654093325138092, 0.10624729428026411
O83426,E,0.15584349632263184, 0.10580565283695857
O83426,T,0.10094615072011948, 0.12024205260806614
O83426,V,0.07019434869289398, 0.11566384881734848
O83426,Y,0.14317911863327026, 0.11895912471744749
O83426,M,0.08694388717412949, 0.12151261253489389
O83426,R,0.204586461186409, 0.11940015107393265
O83426,D,0.08845172077417374, 0.12092294626765782
O83426,T,0.11394600570201874, 0.12623089883062574
O83426,F,0.12952232360839844, 0.13679535521401298
O83426,S,0.1368313431739807, 0.14191819644636577
O83426,G,0.11465130746364594, 0.13497106482585272
O83426,A,0.11796592175960541, 0.13789025611347622
O83426,E,0.2382592260837555, 0.1347681408127149
O83426,G,0.13304945826530457, 0.13085010068284142
O83426,S,0.14206227660179138, 0.12651319801807404
O83426,T,0.11472444236278534, 0.12226483722527821
O83426,L,0.08584696799516678, 0.11987611403067906
O83426,S,0.09425996243953705, 0.10112314505709542
O83426,S,0.09779921919107437, 0.09301417569319408
O83426,A,0.07641606032848358, 0.0829512154062589
O83426,S,0.09646741300821304, 0.07413986283871862
O83426,C,0.06948250532150269, 0.07299612338344257
O83426,F,0.06006873399019241, 0.06725546717643738
O83426,V,0.05149563401937485, 0.06501584913995531
O83426,H,0.03542226925492287, 0.0729060090250439
O83426,Y,0.07555331289768219, 0.0805098091562589
O83426,F,0.0425940565764904, 0.07995090633630753
O83426,S,0.07764265686273575, 0.09345509939723545
O83426,E,0.147427499294281, 0.09576313694318135
O83426,D,0.16490161418914795, 0.0992300191687213
O83426,V,0.06445237994194031, 0.09914089449577862
O83426,R,0.1816064715385437, 0.1008616867992613
O83426,A,0.07226797193288803, 0.10386171854204601
O83426,P,0.06662420928478241, 0.09790150821208954
O83426,G,0.07475119084119797, 0.08100120195498069
O83426,V,0.058081187307834625, 0.08190289605408907
O83426,E,0.10464294254779816, 0.07443316498150428
O83426,E,0.0937856063246727, 0.07231567520648241
O83426,L,0.012798857875168324, 0.06669182816727294
O83426,R,0.07256762683391571, 0.07709863937149446
O83426,R,0.11437889188528061, 0.08622939460393456
O83426,V,0.05321056395769119, 0.07931922821121083
O83426,L,0.016009585931897163, 0.07758161622203058
O83426,K,0.1684124916791916, 0.08599654812779692
O83426,D,0.14025798439979553, 0.07997378375795153
O83426,V,0.04245144501328468, 0.07825569891267353
O83426,P,0.07814709842205048, 0.0748259373423126
O83426,S,0.08853324502706528, 0.0838051690823502
O83426,A,0.018362747505307198, 0.07567470893263817
O83426,V,0.09891612827777863, 0.07065743911597464
O83426,V,0.022342709824442863, 0.07578080644210179
O83426,Q,0.09682267159223557, 0.07853075448009703
O83426,Q,0.0952383503317833, 0.08998777137862311
O83426,V,0.09510255604982376, 0.10021026577386591
O83426,G,0.08856175094842911, 0.10278613679111004
O83426,V,0.10289663076400757, 0.10774638338221444
O83426,R,0.19164639711380005, 0.10633290807406108
O83426,A,0.11036519706249237, 0.09926464988125695
O83426,E,0.12209896743297577, 0.10123467693726222
O83426,H,0.06698492914438248, 0.09324867319729593
O83426,T,0.08410139381885529, 0.09732787269685003
O83426,F,0.03162402659654617, 0.08077262300584051
O83426,Q,0.11283279955387115, 0.07556205284264353
O83426,V,0.01668771728873253, 0.06959244733055432
O83426,R,0.1396094262599945, 0.07945104812582333
O83426,V,0.042649149894714355, 0.07886525202128622
O83426,A,0.06347006559371948, 0.08169637827409638
O83426,A,0.06837251782417297, 0.08268988836142752
O83426,E,0.1557123363018036, 0.09406415124734242
O83426,T,0.07882922887802124, 0.09449372192223866
O83426,A,0.057104162871837616, 0.10342643161614735
O83426,F,0.12177439033985138, 0.10842250204748577
O83426,P,0.1190560832619667, 0.11463495343923569
O83426,S,0.14347556233406067, 0.11672527011897829
O83426,S,0.12304353713989258, 0.13295453041791916
O83426,L,0.10843469947576523, 0.14940342803796133
O83426,L,0.12428458034992218, 0.15372044841448465
O83426,P,0.174525186419487, 0.16006425271431604
O83426,E,0.22489257156848907, 0.1655925206012196
O83426,Q,0.2051442414522171, 0.16312826755974028
O83426,G,0.1606275737285614, 0.1670857932832506
O83426,G,0.17615032196044922, 0.16714845183822843
O83426,T,0.19322997331619263, 0.16768799639410442
O83426,A,0.10086525976657867, 0.16230460587475035
O83426,L,0.1440524309873581, 0.1612199933992492
O83426,A,0.12484850734472275, 0.15639162560304007
O83426,Q,0.1793810874223709, 0.15799308816591898
O83426,S,0.17644205689430237, 0.16125460300180647
O83426,D,0.1953827291727066, 0.1617722147040897
O83426,A,0.11717226356267929, 0.16007322900825077
O83426,P,0.19056348502635956, 0.1591577207048734
O83426,D,0.22258360683918, 0.15355022003253302
O83426,L,0.10552376508712769, 0.14860228614674675
O83426,V,0.12876155972480774, 0.13721554643578
O83426,T,0.11660893261432648, 0.13429210666153166
O83426,P,0.12891358137130737, 0.11918719775146908
O83426,Q,0.13191065192222595, 0.10232838326030308
O83426,G,0.09290207177400589, 0.09856935838858287
O83426,A,0.09086130559444427, 0.09114697616961268
O83426,V,0.054619304835796356, 0.08058495571215947
O83426,E,0.07085427641868591, 0.07449633048640357
O83426,S,0.07169254124164581, 0.06720765431722005
O83426,V,0.061960119754076004, 0.062523629102442
O83426,V,0.021550748497247696, 0.05389533874889215
O83426,Y,0.07411595433950424, 0.06133111669785447
O83426,A,0.06631256639957428, 0.07187754433188173
O83426,A,0.05074584484100342, 0.07337961780528228
O83426,L,0.013206692412495613, 0.07445443814827336
O83426,V,0.12154130637645721, 0.08453459561698967
O83426,R,0.16577212512493134, 0.09173878303004636
O83426,A,0.08521120250225067, 0.09497306682169437
O83426,Y,0.07163350284099579, 0.09754717122349474
O83426,G,0.11227216571569443, 0.09903830310536756
O83426,A,0.13895364105701447, 0.09569194602469604
O83426,D,0.09542112052440643, 0.08721999265253544
O83426,H,0.07391278445720673, 0.08769166159133117
O83426,V,0.02662687934935093, 0.08905644321607219
O83426,V,0.09142409265041351, 0.09129226062860754
O83426,R,0.08952454477548599, 0.09407434550424416
O83426,L,0.0894562229514122, 0.1013656442777978
O83426,A,0.08391653746366501, 0.1004303182578749
O83426,M,0.13239452242851257, 0.10540110369523366
O83426,D,0.16399240493774414, 0.10442548907465404
O83426,F,0.16104280948638916, 0.11798536115222508
O83426,V,0.0654948502779007, 0.1200335861908065
O83426,G,0.07136394828557968, 0.11356151662766933
O83426,S,0.08264356106519699, 0.10666792405148347
O83426,R,0.21156339347362518, 0.1000922154635191
O83426,F,0.10789024829864502, 0.08708438049587938
O83426,S,0.025667911395430565, 0.08449077295760314
O83426,H,0.07035218924283981, 0.08624986248711745
O83426,L,0.10481102764606476, 0.08464697437981765
O83426,L,0.04397229477763176, 0.06273423321545124
O83426,V,0.04215238243341446, 0.05331211744083299
O83426,R,0.0871957540512085, 0.05464201648202208
O83426,Q,0.06821756809949875, 0.0489325744824277
O83426,A,0.014348722994327545, 0.03952296388645967
O83426,L,0.023091206327080727, 0.036597979358500905
O83426,L,0.037637002766132355, 0.03379569140573343
O83426,L,0.01896721124649048, 0.02583986810512013
O83426,V,0.020124532282352448, 0.020670736208558083
O83426,L,0.017647434026002884, 0.020757146179676056
O83426,G,0.016931790858507156, 0.019358805070320766
O83426,A,0.01559334434568882, 0.019115716218948364
O83426,L,0.02169538103044033, 0.01862201291239924
O83426,V,0.015126412734389305, 0.017577018588781357
O83426,L,0.01050613634288311, 0.01922120526432991
O83426,I,0.035449203103780746, 0.019193172454833984
O83426,F,0.014523881487548351, 0.01930092213054498
O83426,L,0.010719583369791508, 0.01959779817197058
O83426,Y,0.032445114105939865, 0.029176286318235926
O83426,V,0.016679495573043823, 0.03326751415928205
O83426,A,0.016563091427087784, 0.04092954761452145
O83426,L,0.02436726540327072, 0.04368992532706923
O83426,R,0.10133280605077744, 0.04890581137604184
O83426,F,0.0473271869122982, 0.048550357214278646
O83426,R,0.10440750420093536, 0.048312843984199896
O83426,W,0.03936728090047836, 0.04810463161104255
O83426,F,0.05766255781054497, 0.046509707553519145
O83426,F,0.029246026650071144, 0.037060727261834674
O83426,A,0.014541876502335072, 0.03310595452785492
O83426,L,0.014689180068671703, 0.02228433359414339
O83426,G,0.010012948885560036, 0.019947464784814253
O83426,A,0.016291983425617218, 0.016255763359367847
O83426,I,0.011734232306480408, 0.013774381329615911
O83426,V,0.007012915797531605, 0.015858545381989744
O83426,A,0.018335461616516113, 0.01975520369079378
O83426,L,0.02443724498152733, 0.019692724363671407
O83426,V,0.006913588382303715, 0.01962518857585059
O83426,H,0.03329935297369957, 0.019520323102672894
O83426,D,0.04975910484790802, 0.020204484255777463
O83426,A,0.009450634941458702, 0.019315153153406248
O83426,C,0.015684161335229874, 0.01858340638379256
O83426,I,0.010790443047881126, 0.02036255318671465
O83426,M,0.013170366175472736, 0.019494525777796905
O83426,V,0.010331481695175171, 0.01716497881958882
O83426,S,0.01785152405500412, 0.019631148522926703
O83426,F,0.022925909608602524, 0.021947009592420526
O83426,M,0.025487106293439865, 0.028296130502389535
O83426,V,0.028793182224035263, 0.0344149482746919
O83426,W,0.031646162271499634, 0.044100982033544116
O83426,F,0.036526910960674286, 0.045113480339447655
O83426,G,0.06793253123760223, 0.05110898779498206
O83426,L,0.068239726126194, 0.05728032978044616
O83426,E,0.09750578552484512, 0.06083092921310001
O83426,F,0.026964008808135986, 0.0618955720629957
O83426,N,0.07688547670841217, 0.060584425926208496
O83426,S,0.08102918416261673, 0.05709534138441086
O83426,A,0.06074857711791992, 0.05307375639677048
O83426,S,0.04122794792056084, 0.042820134200155735
O83426,I,0.024726595729589462, 0.042090373010271125
O83426,A,0.03653077036142349, 0.03716763574630022
O83426,A,0.03204546123743057, 0.03071202865491311
O83426,I,0.005223185755312443, 0.02659148464186324
O83426,L,0.0203961580991745, 0.026247649867501523
O83426,T,0.032580841332674026, 0.037943137913114496
O83426,I,0.022928720340132713, 0.038795441285603575
O83426,I,0.023663681000471115, 0.04150966710100571
O83426,G,0.03813343495130539, 0.04975210606224007
O83426,Y,0.1299859881401062, 0.056854122007886566
O83426,S,0.044201500713825226, 0.05888136993679735
O83426,I,0.056473493576049805, 0.059059996985726886
O83426,N,0.07940513640642166, 0.059146632336907916
O83426,D,0.08431430160999298, 0.057099771996339165
O83426,T,0.050826072692871094, 0.04746268524063958
O83426,V,0.024536363780498505, 0.05501473695039749
O83426,V,0.024443399161100388, 0.0593166665898429
O83426,V,0.0197116918861866, 0.051694503157503076
O83426,F,0.04325220733880997, 0.05408616022517284
O83426,D,0.11216996610164642, 0.0565306336308519
O83426,R,0.0951908603310585, 0.06148986673603455
O83426,V,0.010805665515363216, 0.06686264969822434
O83426,R,0.10583921521902084, 0.07609399646106693
O83426,Q,0.0728263333439827, 0.0800881881473793
O83426,T,0.06916946172714233, 0.07836858255581723
O83426,I,0.07279844582080841, 0.08183292620297936
O83426,L,0.10279381275177002, 0.09297922667529848
O83426,L,0.07919993251562119, 0.08772217937641674
O83426,D,0.09669351577758789, 0.08678749410642518
O83426,P,0.12636995315551758, 0.08748253641857041
O83426,I,0.11112236976623535, 0.08785458695557383
O83426,A,0.05852578952908516, 0.08567258343100548
O83426,S,0.06441416591405869, 0.08001641804973285
O83426,V,0.07542484253644943, 0.0704024816966719
O83426,T,0.07614690065383911, 0.05967693548235628
O83426,T,0.08315578103065491, 0.05886606892777814
O83426,V,0.02829444408416748, 0.05433660062650839
O83426,L,0.010168088600039482, 0.04947953381472164
O83426,D,0.02984003722667694, 0.04432730687161287
O83426,R,0.10382457077503204, 0.0423061473088132
O83426,S,0.01776057481765747, 0.035783082246780396
O83426,Q,0.020700564607977867, 0.034117350458270974
O83426,T,0.029054800048470497, 0.0375721145214306
O83426,D,0.05795646458864212, 0.04676961371054252
O83426,M,0.024448195472359657, 0.04004095256742504
O83426,L,0.013302857987582684, 0.03919636799643437
O83426,T,0.041260965168476105, 0.03877885463751025
O83426,R,0.11261752992868423, 0.040571429352793426
O83426,T,0.043266620486974716, 0.04008040132208003
O83426,V,0.010159313678741455, 0.039903821941051215
O83426,V,0.01694294437766075, 0.040841378478540316
O83426,T,0.045187972486019135, 0.03999103667835394
O83426,T,0.05353721231222153, 0.029475891962647438
O83426,V,0.022858981043100357, 0.025742554312778845
O83426,T,0.02174086682498455, 0.026843782410853438
O83426,T,0.03360788896679878, 0.02661385014653206
O83426,L,0.01798122748732567, 0.022940937843587663
O83426,L,0.009666581638157368, 0.01970660127699375
O83426,A,0.02007036656141281, 0.019999742094013426
O83426,A,0.01487355399876833, 0.023205857103069622
O83426,L,0.012131761759519577, 0.023178718363245327
O83426,M,0.02442818321287632, 0.024903611797425482
O83426,L,0.025497248396277428, 0.0269731811972128
O83426,Y,0.050595901906490326, 0.03975836177253061
O83426,V,0.03336364030838013, 0.04294527839455339
O83426,F,0.03350526839494705, 0.049394353189402156
O83426,T,0.028292706236243248, 0.05123939240972201
O83426,E,0.13513699173927307, 0.06276353759070237
O83426,G,0.04355580359697342, 0.06569114472303125
O83426,G,0.07017343491315842, 0.06402391464345986
O83426,S,0.041033536195755005, 0.06252775237792069
O83426,R,0.1292145550251007, 0.06253928732540873
O83426,D,0.07694436609745026, 0.050403002442585096
O83426,F,0.018358569592237473, 0.04780376681851016
O83426,S,0.020039808005094528, 0.04163543145275778
O83426,L,0.028396520763635635, 0.038157654719220266
O83426,A,0.025910427793860435, 0.02885177152024375
O83426,L,0.020162682980298996, 0.024763461616304185
O83426,M,0.014658416621387005, 0.02402675048344665
O83426,V,0.00973354559391737, 0.023355358901123207
O83426,G,0.04546160623431206, 0.025918847053415246
O83426,M,0.04014957696199417, 0.024700338434841897
O83426,V,0.011728169396519661, 0.02429648633632395
O83426,S,0.013997283764183521, 0.025928545432786148
O83426,G,0.05146791413426399, 0.02973414771258831
O83426,V,0.014943850226700306, 0.026058326578802533
O83426,Y,0.016528014093637466, 0.023584860894415114
O83426,S,0.029346948489546776, 0.023586430483394198
O83426,T,0.04398396611213684, 0.023371880770557456
O83426,I,0.012379216030240059, 0.019942705726457968
O83426,Y,0.0178883858025074, 0.021378822417722806
O83426,I,0.011742295697331429, 0.02124429877019591
O83426,A,0.01206633634865284, 0.020040579036706023
O83426,G,0.020605338737368584, 0.01930408997254239
O83426,G,0.027868900448083878, 0.02450251631024811
O83426,C,0.015317301265895367, 0.026678458373579714
O83426,I,0.018513470888137817, 0.03154005017131567
O83426,A,0.037355564534664154, 0.04480823098371426
O83426,L,0.05916505306959152, 0.05077448394149542
O83426,I,0.03747186437249184, 0.05950076991899146
O83426,S,0.05549662187695503, 0.0681551198164622
O83426,R,0.13147996366024017, 0.07472682661480373
O83426,G,0.07430161535739899, 0.08263517667849858
O83426,K,0.10640547424554825, 0.0919983039299647
O83426,S,0.09320645034313202, 0.09753392678168085
O83426,G,0.07765883207321167, 0.10101708935366736
O83426,G,0.10853071510791779, 0.09642855160766178
O83426,Q,0.14343319833278656, 0.09489422250125143
O83426,L,0.08729247003793716, 0.08307139202952385
O83426,L,0.08684508502483368, 0.07271511976917584
O83426,G,0.09018312394618988, 0.0640863606499301
O83426,L,0.06049265339970589, 0.05202739230460591
O83444,M,0.05465955659747124, 0.04672126265035735
O83444,I,0.12936019897460938, 0.05545043655567699
O83444,V,0.11172546446323395, 0.06360328735576735
O83444,P,0.08581395447254181, 0.06457966586781873
O83444,M,0.0389321893453598, 0.06970932810670799
O83444,K,0.07856256514787674, 0.06441146968346503
O83444,K,0.0733756572008133, 0.05250871952416168
O83444,V,0.008787406608462334, 0.04148956300276849
O83444,T,0.04616696015000343, 0.039893117992000446
O83444,L,0.00697883078828454, 0.04339768070106705
O83444,L,0.02223544754087925, 0.05054445228435927
O83444,V,0.01255305577069521, 0.053582912466178335
O83444,L,0.07144594937562943, 0.06665581066368355
O83444,G,0.07047325372695923, 0.08149096923362878
O83444,S,0.1428835093975067, 0.09908878958473603
O83444,E,0.1007217988371849, 0.09934563365661436
O83444,Q,0.12644349038600922, 0.10233747669392163
O83444,E,0.1796833872795105, 0.11116370517346594
O83444,R,0.16535921394824982, 0.10963448716534509
O83444,S,0.024547044187784195, 0.09469767121805085
O83444,L,0.03947964310646057, 0.09430638245410389
O83444,Q,0.15088200569152832, 0.08819541624850696
O83444,A,0.056710291653871536, 0.07303552453716596
O83444,L,0.008452165871858597, 0.05763290449976921
O83444,R,0.09720019996166229, 0.056676340392894216
O83444,S,0.0714447945356369, 0.055027035168475576
O83444,F,0.043244361877441406, 0.045826567336916924
O83444,G,0.026735633611679077, 0.042676469311118126
O83444,A,0.015937967225909233, 0.05332630562285582
O83444,V,0.02463589608669281, 0.0529042799025774
O83444,H,0.06807779520750046, 0.05817575856215424
O83444,V,0.028359409421682358, 0.06835676998727852
O83444,Q,0.10430069267749786, 0.07686255975729889
O83444,L,0.0934019684791565, 0.08748635608288977
O83444,R,0.11888810247182846, 0.09470847207638952
O83444,E,0.13487346470355988, 0.1019238717854023
O83444,C,0.10328774154186249, 0.11648991290065977
O83444,A,0.11155213415622711, 0.11341571890645558
O83444,S,0.08963494002819061, 0.11459044035938051
O83444,E,0.13301639258861542, 0.11858125196562873
O83444,Q,0.15945377945899963, 0.11496648440758388
O83444,L,0.07663294672966003, 0.11815739919741948
O83444,A,0.10397446155548096, 0.11552683429585563
O83444,E,0.15480540692806244, 0.11250442680385378
O83444,L,0.10234055668115616, 0.11023432430293825
O83444,H,0.132005974650383, 0.10325064841243956
O83444,A,0.0878770500421524, 0.10852772080236012
O83444,L,0.06243327260017395, 0.09956654471655686
O83444,D,0.11258547008037567, 0.09370274241599771
O83444,A,0.09660069644451141, 0.10463409105108844
O83444,R,0.12412659823894501, 0.09186895646982723
O83444,C,0.023323876783251762, 0.08993754825658268
O83444,V,0.10203118622303009, 0.0978393376701408
O83444,Q,0.20072269439697266, 0.09438589008318053
O83444,A,0.017119763419032097, 0.08667658786806795
O83444,I,0.07049437612295151, 0.08586369723909432
O83444,A,0.13354937732219696, 0.10135362173120181
O83444,L,0.0815044417977333, 0.09914266359474924
O83444,V,0.027216976508498192, 0.09972353072630034
O83444,T,0.11681058257818222, 0.12022415610651176
O83444,D,0.16273319721221924, 0.13640734780993727
O83444,A,0.08213256299495697, 0.14315055703951252
O83444,Q,0.20595049858093262, 0.15161208456589115
O83444,T,0.20162539184093475, 0.17194601313935387
O83444,K,0.21614310145378113, 0.19152169591850704
O83444,N,0.19423826038837433, 0.19211999244160122
O83444,V,0.157658189535141, 0.20735734701156616
O83444,T,0.21022233366966248, 0.20732225477695465
O83444,R,0.2929917275905609, 0.19889451397789848
O83444,G,0.16811786592006683, 0.1966787642902798
O83444,E,0.21926875412464142, 0.18877360390292275
O83444,E,0.20563466846942902, 0.18372668574253717
O83444,C,0.12577572464942932, 0.17324008378717634
O83444,R,0.196201354265213, 0.15754932827419704
O83444,V,0.12309181690216064, 0.15259579734669793
O83444,A,0.11223592609167099, 0.1431973601380984
O83444,G,0.11584291607141495, 0.13770583189196056
O83444,Q,0.15177492797374725, 0.129738992287053
O83444,V,0.12353608757257462, 0.12078427440590328
O83444,V,0.1346828192472458, 0.12591886520385742
O83444,E,0.15621091425418854, 0.11999601622422536
O83444,A,0.05407416820526123, 0.11108737190564473
O83444,A,0.11560889333486557, 0.10743180910746257
O83444,E,0.16930313408374786, 0.10863270113865535
O83444,A,0.05893028527498245, 0.09758704942133692
O83444,V,0.0356651172041893, 0.08754508073131244
O83444,E,0.11887486279010773, 0.0996187532113658
O83444,Q,0.13434411585330963, 0.09116968305574523
O83444,I,0.03527195379137993, 0.08748574182391167
O83444,V,0.0658331960439682, 0.09145510320862134
O83444,R,0.16273722052574158, 0.09902935930424267
O83444,T,0.039567261934280396, 0.09521730202767584
O83444,H,0.1361476629972458, 0.09439245321684414
O83444,S,0.09465453773736954, 0.11285004847579533
O83444,D,0.10383342206478119, 0.10947392301426993
O83444,R,0.08456634730100632, 0.0989887159731653
O83444,V,0.12692047655582428, 0.11494923051860598
O83444,E,0.2013903111219406, 0.11280519598060185
O83444,L,0.035448066890239716, 0.107295799586508
O83444,A,0.06837035715579987, 0.1067709078391393
O83444,Q,0.18321189284324646, 0.11570790658394496
O83444,R,0.11685135215520859, 0.1053772701157464
O83444,I,0.045069970190525055, 0.09566218902667363
O83444,A,0.09910939633846283, 0.10615504781405131
O83444,Q,0.1649993360042572, 0.1075790673494339
O83444,C,0.0339447483420372, 0.09068907424807549
O83444,I,0.1139545813202858, 0.09819229319691658
O83444,A,0.1298837959766388, 0.11273602934347259
O83444,H,0.08118653297424316, 0.10639934158987469
O83444,L,0.031201954931020737, 0.10205609020259646
O83444,E,0.18438032269477844, 0.11718271010451847
O83444,R,0.1759635955095291, 0.11412722617387772
O83444,C,0.04207920655608177, 0.10521177616384295
O83444,E,0.12591007351875305, 0.10726429604821736
O83444,P,0.17008432745933533, 0.10865434797273742
O83444,W,0.08645522594451904, 0.09829385206103325
O83444,G,0.049644745886325836, 0.09049127540654606
O83444,D,0.09965921193361282, 0.0953951809141371
O83444,F,0.043712422251701355, 0.08827846124768257
O83444,D,0.09113585948944092, 0.07197920357187589
O83444,P,0.10574040561914444, 0.0827754293051031
O83444,A,0.08621435612440109, 0.08566877618432045
O83444,D,0.06185959652066231, 0.0780213460740116
O83444,V,0.023391008377075195, 0.08068660750157303
O83444,R,0.18362125754356384, 0.09087369694477981
O83444,A,0.07568486779928207, 0.10132345660693115
O83444,L,0.030832340940833092, 0.10190711770620611
O83444,A,0.06769977509975433, 0.10214062345524628
O83444,Q,0.182819664478302, 0.10905811169909106
O83444,R,0.19978824257850647, 0.09312845663064057
O83444,G,0.09146730601787567, 0.0901590438766612
O83444,I,0.06396114826202393, 0.0906204962068134
O83444,H,0.08564840257167816, 0.08552938161624803
O83444,L,0.04025436192750931, 0.07364898961451319
O83444,I,0.04896015301346779, 0.05578275273243586
O83444,P,0.034985411912202835, 0.06515484634372923
O83444,V,0.02187974378466606, 0.08273431244823667
O83444,E,0.07589613646268845, 0.09907208962572946
O83444,L,0.03899211063981056, 0.10739178955554962
O83444,S,0.175816148519516, 0.11205508270197445
O83444,E,0.22217634320259094, 0.13241169601678848
O83444,R,0.23268839716911316, 0.14483038377430704
O83444,S,0.11513166129589081, 0.14159385984142622
O83444,Y,0.0909297913312912, 0.14399800822138786
O83444,R,0.21819493174552917, 0.14289490340484512
O83444,C,0.13364793360233307, 0.1294523970120483
O83444,L,0.04676742106676102, 0.107204373098082
O83444,P,0.06062944605946541, 0.10896975836820072
O83444,D,0.1658882051706314, 0.11076927971508768
O83444,E,0.10119378566741943, 0.09700115728709433
O83444,L,0.032456181943416595, 0.09738448800312148
O83444,Q,0.13102012872695923, 0.10315865071283446
O83444,T,0.10712548345327377, 0.11247238930728701
O83444,L,0.09428182989358902, 0.12385689467191696
O83444,C,0.13709791004657745, 0.1375996412502395
O83444,L,0.09873488545417786, 0.15367480450206333
O83444,A,0.14445309340953827, 0.15336254404650795
O83444,R,0.268348753452301, 0.1596122475134002
O83444,R,0.22487850487232208, 0.15935326284832424
O83444,G,0.17713265120983124, 0.15466323494911194
O83444,G,0.12820978462696075, 0.14727596483296818
O83444,L,0.16337281465530396, 0.13332488843136364
O83444,V,0.09195096790790558, 0.10613055465122063
O83444,R,0.09488765895366669, 0.08474569953978062
O83444,C,0.03224945440888405, 0.07405355676180786
O83444,V,0.01889340579509735, 0.07686123520963722
O83444,L,0.02359974943101406, 0.07643863165544139
O83444,V,0.03241480886936188, 0.08987045060429308
O83444,A,0.08090336620807648, 0.10192251308924621
O83444,D,0.15347889065742493, 0.12016859050426218
O83444,K,0.1595693826675415, 0.1382084677202834
O83444,P,0.2128373384475708, 0.15502671731842887
O83444,G,0.20335622131824493, 0.1719798876179589
O83444,L,0.1964641511440277, 0.17104136612680224
O83444,P,0.18125230073928833, 0.16393545435534584
O83444,P,0.17496399581432343, 0.16270668473508623
O83444,S,0.18499334156513214, 0.16086860166655648
O83444,L,0.07245667278766632, 0.1414391551580694
O83444,P,0.08952568471431732, 0.14217720967200068
O83444,A,0.14851045608520508, 0.1334151853289869
O83444,D,0.19629459083080292, 0.12309551528758472
O83444,A,0.028491202741861343, 0.12735977893074354
O83444,R,0.20310664176940918, 0.12888350958625475
O83444,A,0.10239408165216446, 0.13368034073048168
O83444,L,0.0820869654417038, 0.1390472770565086
O83444,E,0.2233717143535614, 0.13129616984062725
O83444,L,0.0861702486872673, 0.14547244873311785
O83444,P,0.13269716501235962, 0.13890193733904097
O83444,D,0.19681288301944733, 0.14093070146110323
O83444,V,0.1265346258878708, 0.14685700751013225
O83444,S,0.15607771277427673, 0.12582964284552467
O83444,P,0.14397203922271729, 0.13092369503445095
O83444,A,0.12065295875072479, 0.12712234755357107
O83444,D,0.1354237198829651, 0.1261711666981379
O83444,L,0.0341254323720932, 0.11973328805632061
O83444,F,0.13201671838760376, 0.11860235283772151
O83444,V,0.09848503768444061, 0.11660683237844044
O83444,R,0.188252255320549, 0.10749254996577899
O83444,L,0.06859371811151505, 0.11152298624316852
O83444,R,0.14589929580688477, 0.12142354291346338
O83444,Q,0.12601235508918762, 0.12106230399674839
O83444,L,0.038624417036771774, 0.1175197780960136
O83444,R,0.17169764637947083, 0.1052904919617706
O83444,E,0.12323044240474701, 0.11200891807675362
O83444,E,0.12876556813716888, 0.1023013438615534
O83444,C,0.06660230457782745, 0.1007223737736543
O83444,A,0.07818868011236191, 0.11109202272362179
O83444,T,0.1290595531463623, 0.1053401960266961
O83444,L,0.058531127870082855, 0.09620118927624491
O83444,T,0.1118016242980957, 0.09453483877910508
O83444,Q,0.1319512575864792, 0.09829695398608844
O83444,R,0.11993120610713959, 0.09900859950317277
O83444,L,0.040979381650686264, 0.09607218578457832
O83444,L,0.11376841366291046, 0.10716534281770389
O83444,A,0.10046134144067764, 0.10889419540762901
O83444,Y,0.08459348976612091, 0.10493163805868891
O83444,S,0.1026318296790123, 0.10589778795838356
O83444,E,0.1583695411682129, 0.113604836165905
O83444,Y,0.12736129760742188, 0.10555295646190643
O83444,Q,0.09628824144601822, 0.11245375292168723
O83444,G,0.12862655520439148, 0.11368344393041399
O83444,A,0.11034281551837921, 0.10940877844889958
O83444,I,0.04130149632692337, 0.10312102072768742
O83444,R,0.16256850957870483, 0.10747271941767798
O83444,A,0.09566070884466171, 0.11150020609299342
O83444,L,0.06415984034538269, 0.10478883898920482
O83444,R,0.10177972167730331, 0.10299171838495466
O83444,Q,0.16652658581733704, 0.11055541700787014
O83444,K,0.13253562152385712, 0.10684600141313341
O83444,I,0.06822425127029419, 0.10481199456585778
O83444,A,0.09416873008012772, 0.10844921072324117
O83444,A,0.10937478393316269, 0.10611891663736767
O83444,D,0.12918376922607422, 0.09468959934181637
O83444,I,0.07735464721918106, 0.0977553923924764
O83444,E,0.09689478576183319, 0.09860050678253174
O83444,F,0.08080707490444183, 0.10120985325839785
O83444,E,0.06366273015737534, 0.09616530934969585
O83444,R,0.16012775897979736, 0.09565600256125133
O83444,V,0.07583028078079224, 0.09838276935948266
O83444,H,0.11765284836292267, 0.09766614271534814
O83444,L,0.06397388875484467, 0.10746366447872585
O83444,S,0.12460000813007355, 0.11424988673792945
O83444,M,0.10189554840326309, 0.11414751079347399
O83444,V,0.0904451459646225, 0.11946627994378407
O83444,S,0.1689847707748413, 0.12226352426740858
O83444,V,0.12473873049020767, 0.1298259910609987
O83444,D,0.15920637547969818, 0.13486802909109327
O83444,V,0.12369920313358307, 0.14622420817613602
O83444,S,0.1428280472755432, 0.1573571620715989
O83444,Q,0.13203608989715576, 0.15212689919604194
O83444,W,0.16997835040092468, 0.15015384389294517
O83444,R,0.20410116016864777, 0.15083632700973088
O83444,E,0.19064173102378845, 0.14714925736188889
O83444,T,0.1219124048948288, 0.14520980500512654
O83444,G,0.10698123276233673, 0.15057233224312463
O83444,E,0.16534872353076935, 0.13563011255529192
O83444,T,0.09051557630300522, 0.11500051534838146
O83444,L,0.125372976064682, 0.09731159110864003
O83444,R,0.1802988350391388, 0.08470873658855756
O83444,I,0.035498373210430145, 0.07784787937998772
O83444,A,0.018434785306453705, 0.06116008489496178
O83444,H,0.03144141286611557, 0.054998216322726674
O83444,V,0.008486714214086533, 0.042006628380881414
O83444,S,0.04523351788520813, 0.027403592235512204
O83444,G,0.015158573165535927, 0.031129062175750732
O83444,Y,0.03505875915288925, 0.041912398404545255
O83444,L,0.008448684588074684, 0.0486575820379787
O83444,P,0.04887150973081589, 0.0536211050219006
O83444,V,0.0690276026725769, 0.07022229664855534
O83444,S,0.1154848113656044, 0.07576008865402804
O83444,R,0.0921480655670166, 0.07368016677598159
O83444,V,0.05315842106938362, 0.07917600166466501
O83444,R,0.1946442425251007, 0.08954309796293576
O83444,A,0.06499870121479034, 0.08658665377232763
O83444,F,0.016339462250471115, 0.0746885138667292
O83444,S,0.05791119858622551, 0.08982463160322772
O83444,E,0.14217537641525269, 0.09636938095920616
O83444,C,0.04241960495710373, 0.08111795058680905
O83444,A,0.008401552215218544, 0.08192574584649669
O83444,R,0.22837312519550323, 0.08557100821700361
O83444,K,0.11206116527318954, 0.08133876530660523
O83444,E,0.057381369173526764, 0.07513893768191338
O83444,A,0.07226885855197906, 0.08236447018053797
O83444,W,0.04914682358503342, 0.09011129890051153
O83444,A,0.019821012392640114, 0.07303593659566508
O83444,Y,0.08637692779302597, 0.07359604806535774
O83444,C,0.10744939744472504, 0.07429790020816857
O83444,C,0.07812301069498062, 0.07336569680935806
O83444,V,0.07469486445188522, 0.08845570124685764
O83444,D,0.11710216850042343, 0.1070248865418964
O83444,P,0.06369803845882416, 0.1053165884481536
O83444,M,0.06387902796268463, 0.1062360339694553
O83444,P,0.1849568635225296, 0.10575531671444575
O83444,E,0.1869436800479889, 0.10710705982314216
O83444,D,0.07100224494934082, 0.10231416589683956
O83444,P,0.11572440713644028, 0.11330700251791212
O83444,V,0.07379655539989471, 0.11348392897182041
O83444,P,0.0868605524301529, 0.11251822445127699
O83444,T,0.0739661231637001, 0.10435839576853646
O83444,Q,0.16263356804847717, 0.1063790876004431
O83444,L,0.06547136604785919, 0.10659139934513304
O83444,R,0.17626552283763885, 0.10529344777266185
O83444,N,0.11350522190332413, 0.10030641986264123
O83444,N,0.08918847143650055, 0.10142278257343504
O83444,R,0.11763521283864975, 0.08694140074981584
O83444,W,0.06211499124765396, 0.08129080954111284
O83444,V,0.041977301239967346, 0.06957466972784863
O83444,N,0.08401338756084442, 0.0699606958983673
O83444,L,0.03230113163590431, 0.061983837746083736
O83444,I,0.014616045169532299, 0.05199518892914057
O83444,S,0.07082026451826096, 0.06085801962763071
O83444,P,0.1169794574379921, 0.06317695488946305
O83444,L,0.017396748065948486, 0.061035032177137
O83444,M,0.027737373486161232, 0.06778179574757814
O83444,N,0.14188046753406525, 0.07271538198822075
O83444,F,0.06284771859645844, 0.06759271522363026
O83444,L,0.06473608314990997, 0.05980205163359642
O83444,G,0.09302200376987457, 0.06183376121852133
O83444,T,0.059018321335315704, 0.06553689121372169
O83444,V,0.024716263636946678, 0.05892020691600111
O83444,P,0.046863485127687454, 0.05685843009915617
O83444,G,0.035682134330272675, 0.05308455746206972
O83444,Y,0.061065543442964554, 0.04579027721451388
O83444,W,0.08233030885457993, 0.04031529246519009
O83444,E,0.04429172724485397, 0.039899222242335476
O83444,V,0.030771229416131973, 0.03575259271181292
O83444,D,0.027373481541872025, 0.03315914712018437
O83444,I,0.009743458591401577, 0.029353762045502663
O83444,S,0.02097163163125515, 0.022214706366260845
O83444,G,0.009543819352984428, 0.01845008579807149
O83444,F,0.012341124005615711, 0.018061144173973136
O83444,F,0.0268170777708292, 0.018254564764599007
O83444,L,0.01807880774140358, 0.018676373176276684
O83444,L,0.010410142131149769, 0.017658014160891373
O83444,F,0.027270754799246788, 0.018923437947200403
O83444,F,0.029114266857504845, 0.01958467500905196
O83444,G,0.013539734296500683, 0.018339746528201632
O83444,V,0.011806400492787361, 0.018546058899826474
O83444,F,0.0209326334297657, 0.02107606569512023
O83444,F,0.0182922575622797, 0.021492052926785417
O83444,S,0.01561272144317627, 0.022734907662702933
O83444,I,0.019935619086027145, 0.026893833859099284
O83444,I,0.033180203288793564, 0.02647170289936993
O83444,F,0.031014639884233475, 0.025766311834255855
O83444,A,0.04029995948076248, 0.03260184017320474
O83444,D,0.05097007006406784, 0.03271360012392203
O83444,A,0.008007221855223179, 0.032151203602552414
O83444,G,0.014584113843739033, 0.030228070500824187
O83444,Y,0.07981201261281967, 0.028868510491318174
O83444,G,0.01661856099963188, 0.02559245564043522
O83444,A,0.0148740503937006, 0.02124340118219455
O83444,V,0.015872005373239517, 0.0222403717537721
O83444,L,0.018778599798679352, 0.022660981346335676
O83444,T,0.010815465822815895, 0.01548807674811946
O83444,L,0.011828579939901829, 0.016823200301991567
O83444,V,0.01697995699942112, 0.018427308648824692
O83444,S,0.018369600176811218, 0.019313917598790593
O83444,L,0.01525587122887373, 0.02031268158720599
O83444,G,0.028634672984480858, 0.023250318235821195
O83444,G,0.029311025515198708, 0.026991262514558103
O83444,I,0.023851485922932625, 0.03550601678176059
O83444,V,0.027767475694417953, 0.04690397623926401
O83444,L,0.03725419566035271, 0.05405319213039345
O83444,S,0.04549707844853401, 0.0654080899225341
O83444,K,0.09361274540424347, 0.07157474818329017
O83444,R,0.12095123529434204, 0.07837477202216785
O83444,K,0.0795988142490387, 0.08090562125047047
O83444,H,0.13082875311374664, 0.08260319009423256
O83444,A,0.08481094986200333, 0.08656619903114107
O83444,V,0.08505170047283173, 0.07873150002625254
O83444,V,0.05054511874914169, 0.06848171311948034
O83444,S,0.052532315254211426, 0.06492079007956716
O83444,P,0.0811641588807106, 0.05372470161981053
O83444,A,0.02310045436024666, 0.04626317384342352
O83444,W,0.028703153133392334, 0.038225531888504825
O83444,C,0.0475505068898201, 0.035116338584986
O83444,L,0.03006395697593689, 0.03138782632433706
O83444,G,0.017657199874520302, 0.02389247787909375
O83444,L,0.012712922878563404, 0.023104238116906747
O83444,Y,0.022562379017472267, 0.021039297804236412
O83444,L,0.01897570490837097, 0.01727692462089989
O83444,G,0.013706022873520851, 0.015065377681619592
O83444,T,0.01600629650056362, 0.014167795578638712
O83444,L,0.010118690319359303, 0.019069633032712672
O83444,T,0.013689148239791393, 0.019181040529575612
O83444,M,0.010160034522414207, 0.01897420682426956
O83444,V,0.009578960947692394, 0.019125618144041963
O83444,W,0.056829459965229034, 0.020466694918771584
O83444,G,0.02356504648923874, 0.025472275498840544
O83444,A,0.017114201560616493, 0.03042205185112026
O83444,L,0.015068724751472473, 0.033685242446760334
O83444,V,0.028075987473130226, 0.035257399496104985
O83444,C,0.055168915539979935, 0.036123189247316785
O83444,N,0.05823713541030884, 0.04089532668391863
O83444,W,0.039528749883174896, 0.04819728537566132
O83444,F,0.023728374391794205, 0.061528041337927185
O83444,G,0.06462156772613525, 0.07859700752629174
O83444,V,0.0665142834186554, 0.09034690053926574
O83444,P,0.08283182978630066, 0.09125491273072031
O83444,V,0.13504552841186523, 0.0958591496778859
O83444,Q,0.18169668316841125, 0.11145170943604575
O83444,Y,0.1609179526567459, 0.11499368813302782
O83444,V,0.06640924513339996, 0.11020474094483587
O83444,P,0.08096688240766525, 0.10895137613018353
O83444,A,0.16406141221523285, 0.10924719232651922
O83444,S,0.09649937599897385, 0.09189725377493435
O83444,L,0.023413758724927902, 0.07799085767732726
O83444,A,0.07155154645442963, 0.07829388769136535
O83444,R,0.1377078741788864, 0.08264704586731063
O83444,I,0.02554723620414734, 0.07660927168197101
O83444,A,0.035760387778282166, 0.07641557479898135
O83444,V,0.06913651525974274, 0.08885086907280816
O83444,W,0.12014530599117279, 0.09411267108387417
O83444,E,0.10972144454717636, 0.09828514026270972
O83444,I,0.0947561040520668, 0.11194152964486016
O83444,S,0.1353314071893692, 0.12904177771674263
O83444,G,0.11890776455402374, 0.141843737827407
O83444,F,0.17526009678840637, 0.14425831039746603
O83444,A,0.14845474064350128, 0.14883342468076283
O83444,D,0.1896626204252243, 0.15833411779668596
O83444,A,0.18435415625572205, 0.1578468680381775
O83444,A,0.1418764591217041, 0.1557596665289667
O83444,Q,0.15089747309684753, 0.14435252795616785
O83444,R,0.18026234209537506, 0.13106992261277306
O83444,N,0.13094615936279297, 0.11466984202464421
O83444,K,0.10012295097112656, 0.10380620343817605
O83444,N,0.07259584963321686, 0.09002330319748984
O83444,Q,0.028911292552947998, 0.07474512606859207
O83444,M,0.04206189513206482, 0.05809742398560047
O83444,H,0.08658140897750854, 0.047058137961559825
O83444,V,0.01783035695552826, 0.03786774662633737
O83444,C,0.013393878936767578, 0.031745109914077654
O83444,F,0.03043302334845066, 0.031247646651334234
O83444,F,0.031592585146427155, 0.028444952848884795
O83444,L,0.01740942895412445, 0.02242316636774275
O83444,G,0.01749211922287941, 0.023075009799665876
O83444,L,0.024434123188257217, 0.023739789923032124
O83444,L,0.016837650910019875, 0.02235709751645724
O83444,H,0.03238533064723015, 0.02305202806989352
O83444,L,0.02369694784283638, 0.025639441692166857
O83444,C,0.019376900047063828, 0.025066778167254396
O83444,L,0.017988791689276695, 0.02600953531348043
O83444,G,0.03784696012735367, 0.02905923200564252
O83444,H,0.0406961515545845, 0.027390945599310927
O83444,L,0.01233814749866724, 0.03159927193903261
O83444,I,0.032918937504291534, 0.0446360499287645
O83444,V,0.044284921139478683, 0.05226890753126807
O83444,V,0.01737075299024582, 0.056831257314317755
O83444,R,0.0615718849003315, 0.06872315466817883
O83444,R,0.13670790195465088, 0.08022934777869119
O83444,T,0.08668451011180878, 0.08396368887689379
O83444,F,0.07890810817480087, 0.09353574489553769
O83444,R,0.1477232277393341, 0.09626908062232865
O83444,S,0.1158938854932785, 0.09114551161312395
O83444,L,0.06652800738811493, 0.08008445995963281
O83444,R,0.13043342530727386, 0.08029504979236259
O83444,V,0.04197077453136444, 0.07342584979616934
O83444,L,0.015459763817489147, 0.06001112454881271
O83444,A,0.03715843707323074, 0.05290267171545161
O83444,E,0.08857981860637665, 0.04732393814871708
O83444,F,0.017085308209061623, 0.033754216920998364
O83444,G,0.026990700513124466, 0.032662751567032605
O83444,S,0.05191780999302864, 0.0351300449627969
O83444,L,0.016319405287504196, 0.03390081526918544
O83444,L,0.008305934257805347, 0.0258109491939346
O83444,M,0.03214758634567261, 0.029117027401096292
O83444,L,0.03766540437936783, 0.03210937511175871
O83444,G,0.026095369830727577, 0.030539241826368704
O83444,G,0.01577102392911911, 0.03240905733158191
O83444,M,0.046840012073516846, 0.03768599178228113
O83444,Y,0.05392182990908623, 0.04201601921684212
O83444,V,0.037786610424518585, 0.05125219188630581
O83444,V,0.033147744834423065, 0.05632811991704835
O83444,V,0.05579834431409836, 0.06235081826647123
O83444,L,0.0711178332567215, 0.06704156969984372
O83444,N,0.12079095840454102, 0.0735028733809789
O83444,L,0.07177872210741043, 0.09758827504184511
O83444,I,0.06997530907392502, 0.11835623615317875
O83444,V,0.08905677497386932, 0.1434724455078443
O83444,D,0.11207356303930283, 0.1567191340857082
O83444,K,0.25455522537231445, 0.15747159636682934
O83444,E,0.22005939483642578, 0.1544019484685527
O83444,R,0.28184422850608826, 0.15509115035335222
O83444,Y,0.19033803045749664, 0.15652898657653067
O83444,P,0.12756311893463135, 0.15189979184004995
O83444,L,0.04415189102292061, 0.1269719046023157
O83444,T,0.07617812603712082, 0.11068478971719742
O83444,G,0.10199730098247528, 0.08806196103493373
O83444,M,0.07041081041097641, 0.06974682956933975
O83444,I,0.03020424023270607, 0.05755856757362684
O83444,V,0.07347536087036133, 0.05579260364174843
O83444,G,0.07823877036571503, 0.048964686795241304
O83444,S,0.02550184726715088, 0.03940274204230971
O83444,I,0.017868760973215103, 0.03528752767791351
O83444,I,0.02825821563601494, 0.03376319518105851
O83444,A,0.01472687441855669, 0.027256900548107095
O83444,G,0.015939798206090927, 0.02682807244774368
O83444,F,0.0333738811314106, 0.03077628867079814
O83444,V,0.016485247761011124, 0.03360605105343792
O83444,L,0.014918709173798561, 0.03525821647296349
O83444,N,0.0743793174624443, 0.04369698361390167
O83444,F,0.06103579327464104, 0.05347837031715446
O83444,I,0.043336622416973114, 0.07220719899568293
O83444,F,0.04312770441174507, 0.09664284293022421
O83444,V,0.09067577868700027, 0.11780082517200047
O83444,N,0.10397227853536606, 0.12378218356106016
O83444,Y,0.2019333392381668, 0.12616860080096456
O83444,R,0.23640604317188263, 0.13583000459604794
O83444,V,0.20534054934978485, 0.15461983035008112
O83444,S,0.12821154296398163, 0.1555682039923138
O83444,V,0.08251354843378067, 0.14724799638821018
O83444,R,0.1302892565727234, 0.1326264033301009
O83444,Q,0.21223613619804382, 0.12727415789332655
O83444,S,0.09921114146709442, 0.11197074316442013
O83444,V,0.029090410098433495, 0.09929601475596428
O83444,A,0.07033900171518326, 0.10648875807722409
O83444,D,0.1882358342409134, 0.10591049037045902
O83444,S,0.06760981678962708, 0.08454799776275952
O83444,M,0.01413898728787899, 0.07891333020395702
O83444,K,0.14724823832511902, 0.09441218131946193
O83444,N,0.12508484721183777, 0.09236114823983775
O83444,V,0.01997370272874832, 0.0734045064697663
O83444,I,0.04849913343787193, 0.07293844781816006
O83444,N,0.1685800701379776, 0.08055921726756626
O83444,A,0.051879703998565674, 0.06625051858524482
O83444,L,0.01762605831027031, 0.05654859232405821
O83444,L,0.0634152889251709, 0.06726053046683471
O83444,G,0.08272591233253479, 0.06595536549058226
O83444,I,0.018469950184226036, 0.049660407627622284
O83444,V,0.03776751086115837, 0.05100163548356957
O83444,N,0.11638114601373672, 0.05741114769544867
O83444,V,0.036752648651599884, 0.052670895846353635
O83444,F,0.02192544937133789, 0.04661025313867463
O83444,A,0.06395075470209122, 0.05451932859917482
O83444,D,0.07531166821718216, 0.05788791614274184
O83444,V,0.02075302228331566, 0.04831232316792011
O83444,M,0.02818012796342373, 0.05136074643168184
O83444,S,0.08965162932872772, 0.05251677520573139
O83444,Y,0.06808479875326157, 0.05160186212095949
O83444,I,0.030200809240341187, 0.046330769235889115
O83444,R,0.06418845802545547, 0.05021644487149186
O83444,L,0.032329708337783813, 0.05288701173332003
O83444,W,0.055716536939144135, 0.048612018012338214
O83444,A,0.027871832251548767, 0.04333330069979032
O83444,V,0.05572410300374031, 0.047092066456874214
O83444,G,0.05221522971987724, 0.0486495118174288
O83444,L,0.051176685839891434, 0.05136900684899754
O83444,A,0.020576342940330505, 0.04718119651079178
O83444,G,0.06402970105409622, 0.046767655553089246
O83444,G,0.07820546627044678, 0.05194687077568637
O83444,A,0.056805163621902466, 0.05001020493606726
O83444,I,0.018026243895292282, 0.04637176853915056
O83444,S,0.02414996363222599, 0.04980536074274116
O83444,A,0.10233704000711441, 0.05509930704202917
O83444,T,0.03478523716330528, 0.04905367870297697
O83444,V,0.018430758267641068, 0.04423693764126963
O83444,N,0.05147867277264595, 0.05551868501222796
O83444,E,0.1116752177476883, 0.06216449342254135
O83444,M,0.023794811218976974, 0.05719966327564584
O83444,T,0.013454494066536427, 0.06230849865823984
O83444,H,0.11956197023391724, 0.07692309851861662
O83444,P,0.08396223932504654, 0.08691435648749272
O83444,L,0.05765356868505478, 0.0849167862907052
O83444,F,0.0807647556066513, 0.08929208883394797
O83444,A,0.1499621570110321, 0.09469159444173177
O83444,N,0.14139999449253082, 0.08642736656798257
O83444,F,0.09369708597660065, 0.08094287622306082
O83444,L,0.06317253410816193, 0.08050239789817068
O83444,A,0.062050044536590576, 0.07440427276823255
O83444,F,0.04518391937017441, 0.06034109969105986
O83444,L,0.03460182622075081, 0.05023576091561052
O83444,G,0.05368926376104355, 0.04465398833983474
O83444,I,0.025881629437208176, 0.0408367897487349
O83444,V,0.023393599316477776, 0.03605361841619015
O83444,L,0.05045194551348686, 0.036657042594419584
O83444,L,0.04346113279461861, 0.0427948081245025
O83444,L,0.02881774678826332, 0.038690324044889875
O83444,F,0.01900150254368782, 0.03865360965331396
O83444,G,0.05061473697423935, 0.04297720164888435
O83444,H,0.08984171599149704, 0.04080726682311959
O83444,G,0.016748907044529915, 0.03747812368803554
O83444,L,0.025551199913024902, 0.03849599344862832
O83444,N,0.06230592727661133, 0.04518506055076917
O83444,Y,0.030922532081604004, 0.042397838499810964
O83444,V,0.01349884457886219, 0.034463239626752004
O83444,M,0.03797857463359833, 0.0381315311210023
O83444,S,0.07920310646295547, 0.04081500507891178
O83444,I,0.025529738515615463, 0.03574145150681337
O83444,L,0.018430326133966446, 0.03470595822566085
O83444,S,0.04976353049278259, 0.04597654566168785
O83444,V,0.049702465534210205, 0.04443859702183141
O83444,I,0.0166439451277256, 0.03820674100683795
O83444,V,0.021603092551231384, 0.04214819996721215
O83444,H,0.11493413150310516, 0.04328009465502368
O83444,G,0.024137036874890327, 0.04198188314007388
O83444,V,0.023116402328014374, 0.03873911686241627
O83444,R,0.06100286915898323, 0.03963441174063417
O83444,L,0.02861737832427025, 0.04306902757121457
O83444,N,0.038079626858234406, 0.03311786614358425
O83444,T,0.020517569035291672, 0.03245504034890069
O83444,L,0.024701599031686783, 0.03717003514369329
O83444,E,0.052514635026454926, 0.03505405452516344
O83444,F,0.025373678654432297, 0.037890522844261594
O83444,S,0.018171604722738266, 0.04083388712671068
O83444,N,0.06555135548114777, 0.04870807669228978
O83444,H,0.041959043592214584, 0.05943877581093046
O83444,V,0.05414559319615364, 0.06444354520903693
O83444,G,0.06456990540027618, 0.08149074390530586
O83444,L,0.09138527512550354, 0.09003417111105388
O83444,M,0.12127789109945297, 0.0962201025750902
O83444,W,0.09755755960941315, 0.10537487806545363
O83444,T,0.17879846692085266, 0.10551705294185215
O83444,G,0.09506244957447052, 0.10728171881702211
O83444,I,0.12122473865747452, 0.10298114683892992
O83444,R,0.12435202300548553, 0.09291404506398572
O83444,Y,0.055425167083740234, 0.09230649409194787
O83444,T,0.08045189827680588, 0.07991630935834514
O83444,P,0.0526801273226738, 0.08272883233924706
O83444,F,0.030673975124955177, 0.06925941693286101
O83444,R,0.09208960086107254, 0.055442525487807065
O83444,E,0.06728680431842804, 0.049284173589613706
O83444,R,0.12037515640258789, 0.04034507378107972
O83498,M,0.0960766077041626, 0.08605751891930898
O83498,S,0.11911837756633759, 0.09913660337527593
O83498,R,0.19964388012886047, 0.11568986790047751
O83498,K,0.1802089363336563, 0.13293102963103187
O83498,N,0.17946986854076385, 0.1495270240637991
O83498,A,0.11771176010370255, 0.14808417277203667
O83498,N,0.14897938072681427, 0.1481926432914204
O83498,Q,0.15517045557498932, 0.13237869118650755
O83498,K,0.1493639498949051, 0.12049379323919614
O83498,I,0.08309094607830048, 0.10404078000121647
O83498,V,0.12009461224079132, 0.09952122800880009
O83498,W,0.0573183111846447, 0.08685064398580128
O83498,P,0.0732448548078537, 0.07453066110610962
O83498,L,0.03139274939894676, 0.06202491207255258
O83498,T,0.07703579217195511, 0.056568332844310336
O83498,T,0.03494412451982498, 0.0453791506588459
O83498,K,0.044290609657764435, 0.04101724301775297
O83498,L,0.03681220859289169, 0.03533985403676828
O83498,I,0.03398173302412033, 0.03327127328763405
O83498,G,0.019391972571611404, 0.026191296987235546
O83498,I,0.018061142414808273, 0.02459128273444043
O83498,I,0.02214835397899151, 0.02243723151170545
O83498,S,0.012775522656738758, 0.019933161429233022
O83498,T,0.01331600546836853, 0.018055002929435834
O83498,V,0.02054399624466896, 0.018743029485146206
O83498,V,0.024904148653149605, 0.019243899939788714
O83498,V,0.01427557785063982, 0.01847654167148802
O83498,L,0.017078306525945663, 0.0185931044527226
O83498,A,0.025584211573004723, 0.0209874983669983
O83498,T,0.022568976506590843, 0.02138108066800568
O83498,I,0.015242129564285278, 0.021681352518498898
O83498,A,0.013824587687849998, 0.02339389133784506
O83498,V,0.03486555069684982, 0.026039542423354253
O83498,T,0.02408623695373535, 0.027777137234807014
O83498,A,0.027606595307588577, 0.03720980261762937
O83498,M,0.029688427224755287, 0.04882730916142464
O83498,A,0.04088916629552841, 0.05891531022886435
O83498,S,0.04122256487607956, 0.06295518142481644
O83498,W,0.10746296495199203, 0.07343387169142564
O83498,F,0.11979968845844269, 0.08160399169557625
O83498,F,0.10461659729480743, 0.08591126071082221
O83498,A,0.0712243914604187, 0.09743446691168679
O83498,S,0.11839444935321808, 0.10500552422470516
O83498,S,0.101137675344944, 0.10692733940151003
O83498,L,0.068453848361969, 0.09997094588147269
O83498,H,0.14459802210330963, 0.0985566559765074
O83498,S,0.10936208069324493, 0.1059779425462087
O83498,N,0.12475930154323578, 0.10589284698168437
O83498,A,0.05719214677810669, 0.0996366035607126
O83498,E,0.09188798815011978, 0.09880143528183301
O83498,L,0.1380159705877304, 0.0913657583296299
O83498,N,0.11762858927249908, 0.08849969464871618
O83498,N,0.04483148455619812, 0.07615362914899985
O83498,L,0.06093733385205269, 0.08495771036379868
O83498,A,0.0776769295334816, 0.08753656492465073
O83498,A,0.08356750756502151, 0.07956345027519597
O83498,A,0.013644712045788765, 0.06949141807854176
O83498,E,0.13642887771129608, 0.07391488655573791
O83498,N,0.11509767919778824, 0.0788203715864155
O83498,F,0.06625793874263763, 0.07242247069047557
O83498,A,0.02698029950261116, 0.0716081578284502
O83498,A,0.08464270085096359, 0.07753426333268483
O83498,Q,0.10508669912815094, 0.07634039885467953
O83498,I,0.0200958214700222, 0.06641586166289118
O83498,K,0.07623869180679321, 0.07081264878312747
O83498,G,0.06697966158390045, 0.0762018942170673
O83498,E,0.12568409740924835, 0.07258492377069262
O83498,F,0.02577684447169304, 0.06536014295286602
O83498,E,0.10582902282476425, 0.07166781980130407
O83498,A,0.07548350840806961, 0.07017592713236809
O83498,I,0.05208996683359146, 0.06409941427409649
O83498,A,0.04006367176771164, 0.059198225330975324
O83498,T,0.07686491310596466, 0.06399614964094427
O83498,S,0.06281165778636932, 0.057792437780234546
O83498,A,0.012291045859456062, 0.05476487117509047
O83498,K,0.08157339692115784, 0.05992693557507462
O83498,S,0.06895816326141357, 0.06255927537050512
O83498,F,0.04999561607837677, 0.06006943289604452
O83498,V,0.04823540896177292, 0.06310061137709352
O83498,S,0.09854854643344879, 0.07815951274500953
O83498,L,0.06375472992658615, 0.08141535354985131
O83498,G,0.054456330835819244, 0.08580529110299216
O83498,L,0.0900922641158104, 0.0894670652018653
O83498,R,0.14782115817070007, 0.10749938173426522
O83498,S,0.11087596416473389, 0.11068460096915562
O83498,G,0.10846760123968124, 0.11987764139970143
O83498,A,0.08295158296823502, 0.1254498850968149
O83498,R,0.2105262577533722, 0.128649755484528
O83498,M,0.12721551954746246, 0.12395451300674015
O83498,H,0.1464920938014984, 0.12037564317385356
O83498,S,0.1046065241098404, 0.11461183635724916
O83498,R,0.11889109760522842, 0.10978146352701718
O83498,S,0.10556397587060928, 0.10075684347086483
O83498,A,0.07866613566875458, 0.0973185362915198
O83498,L,0.05659333989024162, 0.08794252822796504
O83498,S,0.039478227496147156, 0.08547367735041513
O83498,K,0.1293046772480011, 0.08696687552664015
O83498,D,0.09627075493335724, 0.08719829883840349
O83498,F,0.06210802122950554, 0.09118617326021194
O83498,F,0.08238686621189117, 0.09756374152170287
O83498,S,0.13232988119125366, 0.11324945381946033
O83498,F,0.10764678567647934, 0.10503966112931569
O83498,Y,0.11455700546503067, 0.10052801254722807
O83498,P,0.11399145424365997, 0.10171435980333222
O83498,R,0.18064963817596436, 0.09738202061918047
O83498,I,0.055416543036699295, 0.08906303925646676
O83498,G,0.055665917694568634, 0.08252081316378382
O83498,Y,0.0727851465344429, 0.07729189553194576
O83498,I,0.043395813554525375, 0.07052842155098915
O83498,G,0.05745904892683029, 0.06028793793585566
O83498,V,0.04876675084233284, 0.06153334594435162
O83498,G,0.06749674677848816, 0.06798032257292005
O83498,G,0.05312018841505051, 0.06976323988702562
O83498,V,0.08848528563976288, 0.08387549759613143
O83498,A,0.066625215113163, 0.0948777509232362
O83498,E,0.11368870735168457, 0.10013523449500401
O83498,L,0.08883140236139297, 0.11002357718017367
O83498,W,0.17040613293647766, 0.12321463227272034
O83498,N,0.15647932887077332, 0.1292459252807829
O83498,G,0.0960841029882431, 0.1504339219795333
O83498,D,0.15649183094501495, 0.15933087219794592
O83498,F,0.17183968424797058, 0.16699913144111633
O83498,F,0.14276692271232605, 0.1652258468998803
O83498,K,0.2573171854019165, 0.1620304418934716
O83498,K,0.19376125931739807, 0.1731269641055001
O83498,N,0.15784573554992676, 0.16850761572519937
O83498,Q,0.1544465720653534, 0.16267488069004482
O83498,L,0.1277206838130951, 0.15741917490959167
O83498,R,0.19595280289649963, 0.13186046688093078
O83498,V,0.11491769552230835, 0.12629834355579483
O83498,A,0.11934506893157959, 0.13182050693366262
O83498,D,0.09546557068824768, 0.12421777389115757
O83498,A,0.027288813143968582, 0.11494243724478616
O83498,R,0.14370214939117432, 0.1051570980085267
O83498,R,0.207545205950737, 0.10437003357542886
O83498,F,0.08602197468280792, 0.10087396701176961
O83498,L,0.044242653995752335, 0.10162875966893302
O83498,A,0.10788474977016449, 0.11545143731766278
O83498,D,0.1078341156244278, 0.10813925291101138
O83498,N,0.08788046985864639, 0.08946167967385715
O83498,A,0.10225870460271835, 0.09075441501206821
O83498,Q,0.15169291198253632, 0.09712444328599507
O83498,V,0.0778924897313118, 0.08936852382289039
O83498,I,0.03944704681634903, 0.09070028695795271
O83498,S,0.09765659272670746, 0.0918441042304039
O83498,T,0.1015729084610939, 0.09055729293160969
O83498,L,0.03808147460222244, 0.0849671686689059
O83498,Q,0.11981998383998871, 0.08389354745546977
O83498,T,0.09817482531070709, 0.0859370148844189
O83498,A,0.0906774029135704, 0.07943453556961483
O83498,P,0.10138179361820221, 0.07662131388982137
O83498,A,0.06822989881038666, 0.08013859308428234
O83498,T,0.05783825367689133, 0.07551236285103692
O83498,L,0.039134278893470764, 0.08181407219833797
O83498,N,0.07625391334295273, 0.09430628601047727
O83498,A,0.06973698735237122, 0.09698458595408334
O83498,A,0.07818391174077988, 0.11485565453767776
O83498,P,0.15489020943641663, 0.12071515371402104
O83498,W,0.2031073272228241, 0.13269456972678503
O83498,F,0.12548649311065674, 0.1305530145764351
O83498,K,0.2290695160627365, 0.12487249986992942
O83498,A,0.11057374626398087, 0.11842241241700119
O83498,Q,0.14694902300834656, 0.10235441538194816
O83498,I,0.056979916989803314, 0.08332514907750818
O83498,I,0.01861235499382019, 0.07187282625171873
O83498,A,0.02013312466442585, 0.05327576895554861
O83498,I,0.010278236120939255, 0.04891268991761737
O83498,V,0.03184393048286438, 0.05418026695648829
O83498,A,0.022415587678551674, 0.05649921463595496
O83498,P,0.06169600039720535, 0.07915185391902924
O83498,F,0.07130603492259979, 0.09267637609607643
O83498,E,0.19435721635818481, 0.11105144375728236
O83498,V,0.07785044610500336, 0.12107510885430707
O83498,D,0.22248610854148865, 0.12795873400237825
O83498,G,0.14185382425785065, 0.12815498643451267
O83498,A,0.1756538450717926, 0.12131170607689354
O83498,T,0.12205691635608673, 0.10218154194040431
O83498,R,0.08436821401119232, 0.09474785284449656
O83498,N,0.0634622722864151, 0.07418158226129082
O83498,V,0.009716511704027653, 0.06176881895711025
O83498,V,0.022185739129781723, 0.05305818706336948
O83498,V,0.010947244241833687, 0.044036093167960644
O83498,I,0.03738967329263687, 0.04614385662393437
O83498,F,0.030138954520225525, 0.04729574784222576
O83498,S,0.09725815802812576, 0.04834547038707468
O83498,A,0.04085807129740715, 0.054343573128183685
O83498,D,0.1033380851149559, 0.06725715597470601
O83498,V,0.0738292932510376, 0.0675706813732783
O83498,V,0.019164014607667923, 0.06757424730393621
O83498,Q,0.07616866379976273, 0.07330726790759298
O83498,H,0.12716948986053467, 0.07776149610678355
O83498,L,0.040211401879787445, 0.07334988398684396
O83498,L,0.030171047896146774, 0.07432865351438522
O83498,E,0.14885534346103668, 0.08866570103499624
O83498,S,0.08094612509012222, 0.09155173889464802
O83498,G,0.06363357603549957, 0.08328946431477864
O83498,A,0.082638218998909, 0.08581113401386473
O83498,S,0.14819744229316711, 0.08527596584624714
O83498,S,0.10214300453662872, 0.07393455670939551
O83498,G,0.05280901864171028, 0.06600508797499868
O83498,T,0.0629064291715622, 0.061026898523171745
O83498,M,0.0253545343875885, 0.06250528908438152
O83498,Y,0.046782661229372025, 0.0558416239089436
O83498,A,0.009580906480550766, 0.05358465347025129
O83498,V,0.018829870969057083, 0.05240365117788315
O83498,T,0.09594373404979706, 0.05850173615747028
O83498,W,0.08822445571422577, 0.06037952792313364
O83498,A,0.08183027058839798, 0.05815673743685087
O83498,G,0.04217999801039696, 0.0652390213476287
O83498,N,0.11778919398784637, 0.0723763071000576
O83498,S,0.04225466027855873, 0.0795512625740634
O83498,L,0.026777546852827072, 0.09528740371267001
O83498,Y,0.07332146167755127, 0.11532135514749421
O83498,H,0.0830654427409172, 0.13249437428183025
O83498,P,0.1605183333158493, 0.13773242715332243
O83498,E,0.22984972596168518, 0.1525147809750504
O83498,Y,0.2621358335018158, 0.17544629590378868
O83498,S,0.1967371702194214, 0.18519939068290922
O83498,L,0.16493166983127594, 0.19833260112338597
O83498,N,0.1752958446741104, 0.19818395872910818
O83498,Y,0.23316118121147156, 0.182891137070126
O83498,S,0.16109931468963623, 0.16231852769851685
O83498,N,0.20126433670520782, 0.15763692723380196
O83498,I,0.15918055176734924, 0.16178830133544075
O83498,N,0.09221433103084564, 0.1552128427558475
O83498,L,0.07698234915733337, 0.14747118287616306
O83498,Q,0.1546027660369873, 0.1378595365418328
O83498,D,0.20229403674602509, 0.11897794115874502
O83498,S,0.1161167174577713, 0.1201607986456818
O83498,P,0.16348624229431152, 0.1222062421341737
O83498,V,0.07459449768066406, 0.11623958953552777
O83498,V,0.03132997825741768, 0.11012790145145522
O83498,R,0.16982626914978027, 0.10360278561711311
O83498,D,0.1106233224272728, 0.10034571381078826
O83498,L,0.023282475769519806, 0.09576838008231586
O83498,R,0.09959757328033447, 0.10143888120849927
O83498,E,0.1435679942369461, 0.11125768803887898
O83498,S,0.08680307120084763, 0.09861093593968286
O83498,T,0.12229023873806, 0.09429985698726442
O83498,Q,0.1256290078163147, 0.10055008944537905
O83498,L,0.11969923973083496, 0.09777322328752941
O83498,T,0.05600550025701523, 0.09825285689698325
O83498,K,0.0718236118555069, 0.10060035520129734
O83498,Q,0.07953456789255142, 0.10863398181067573
O83498,I,0.0746057778596878, 0.1037093127767245
O83498,S,0.14788469672203064, 0.11441753887467915
O83498,F,0.10793055593967438, 0.12533942858378092
O83498,I,0.19459287822246552, 0.13938696516884697
O83498,G,0.08130698651075363, 0.1464779501159986
O83498,T,0.21607327461242676, 0.17170030292537478
O83498,D,0.15430250763893127, 0.16827725287940767
O83498,N,0.19825144112110138, 0.1617132532927725
O83498,K,0.1433534324169159, 0.14198483547402752
O83498,R,0.3016069531440735, 0.13398746059586605
O83498,Y,0.11707724630832672, 0.11375562091254526
O83498,F,0.048854559659957886, 0.09909169738077456
O83498,G,0.01703711785376072, 0.08619416205005513
O83498,A,0.009330612607300282, 0.07369149776382579
O83498,F,0.03398671746253967, 0.04990089488112264
O83498,A,0.02232719585299492, 0.046708301227125854
O83498,K,0.08217362314462662, 0.04934587050229311
O83498,Q,0.030829453840851784, 0.06345865492605501
O83498,T,0.08749152719974518, 0.06451675813231203
O83498,F,0.08834390342235565, 0.06245969556685951
O83498,G,0.07259268313646317, 0.06097615841362211
O83498,K,0.1440521776676178, 0.05381786926752991
O83498,F,0.01885354146361351, 0.05337091059320503
O83498,A,0.015473154373466969, 0.05064313051601251
O83498,I,0.008975361473858356, 0.04609616452621089
O83498,V,0.01774902082979679, 0.04594662061168088
O83498,L,0.026806825771927834, 0.04029172762400574
O83498,E,0.06294150650501251, 0.04738554751707448
O83498,T,0.04742120951414108, 0.05604765077845918
O83498,P,0.07124678790569305, 0.060299526900053024
O83498,M,0.09315814077854156, 0.07039642271896203
O83498,S,0.08269792050123215, 0.07486490574147966
O83498,V,0.09343208372592926, 0.07784032987223731
O83498,V,0.04724224656820297, 0.07730919950538212
O83498,Y,0.10862108319997787, 0.07833891030814913
O83498,Q,0.06702317297458649, 0.08407366027434666
O83498,A,0.08972032368183136, 0.08292481303215027
O83498,V,0.042641036212444305, 0.07693266206317478
O83498,Y,0.08051418513059616, 0.0758808660838339
O83498,Y,0.14477089047431946, 0.0721759299437205
O83498,A,0.07235829532146454, 0.07195625536971623
O83498,I,0.03950272500514984, 0.06388794382413228
O83498,I,0.03777608275413513, 0.0618319817715221
O83498,L,0.07527665793895721, 0.05670580516258875
O83498,D,0.06504610180854797, 0.044230358882082835
O83498,G,0.017105519771575928, 0.037527515863378845
O83498,I,0.024137377738952637, 0.034845160527361765
O83498,L,0.034378595650196075, 0.03296238680680593
O83498,T,0.03249187394976616, 0.026398897171020508
O83498,G,0.012032708153128624, 0.020959247110618487
O83498,M,0.015361526980996132, 0.020691648436089356
O83498,V,0.020831119269132614, 0.021374345757067204
O83498,L,0.016205251216888428, 0.018995328495899837
O83498,L,0.01608925126492977, 0.01792932239671548
O83498,A,0.01469713170081377, 0.018293194679750338
O83498,S,0.030281653627753258, 0.018351716713772878
O83498,I,0.01296744029968977, 0.023468807339668274
O83498,L,0.022897819057106972, 0.027536932792928483
O83498,L,0.015307558700442314, 0.0329543784674671
O83498,V,0.01588822528719902, 0.033192857168614864
O83498,W,0.06688493490219116, 0.042275382516284786
O83498,F,0.052818380296230316, 0.04741495620045397
O83498,I,0.06484626233577728, 0.050202250480651855
O83498,A,0.016843440011143684, 0.0548006161633465
O83498,Q,0.11202438175678253, 0.06895878766145971
O83498,S,0.05922360345721245, 0.07466800779932076
O83498,I,0.04798346757888794, 0.07155202391246955
O83498,T,0.05669284984469414, 0.07760227202541298
O83498,R,0.1433117687702179, 0.08796589945753415
O83498,P,0.11826791614294052, 0.07713017633391751
O83498,I,0.024774525314569473, 0.07838927850955063
O83498,L,0.11929849535226822, 0.08482502794100179
O83498,T,0.11011608690023422, 0.0825995026777188
O83498,L,0.01450287364423275, 0.06838934909966257
O83498,V,0.07055552303791046, 0.07061892789271143
O83498,G,0.1059052124619484, 0.07832971132463878
O83498,A,0.03666312247514725, 0.0666714555894335
O83498,T,0.01542038656771183, 0.06197842345055607
O83498,H,0.13833412528038025, 0.0757915989185373
O83498,A,0.09417157620191574, 0.0770305601052112
O83498,I,0.014374193735420704, 0.08269405354642206
O83498,S,0.06787879765033722, 0.09480384892473619
O83498,S,0.13882145285606384, 0.10813487207310067
O83498,G,0.08170617371797562, 0.10858463713278373
O83498,Q,0.15687665343284607, 0.12057028597013818
O83498,F,0.14565128087997437, 0.1281544855899281
O83498,L,0.13539959490299225, 0.14368231346209845
O83498,L,0.14238201081752777, 0.1362410162885984
O83498,D,0.20204241573810577, 0.13841803703043196
O83498,I,0.08263199031352997, 0.126678300400575
O83498,K,0.2076292484998703, 0.1250975819097625
O83498,P,0.0718497782945633, 0.1168533745739195
O83498,S,0.10129936039447784, 0.11038285659419166
O83498,S,0.05121902376413345, 0.09036831371486187
O83498,K,0.13142481446266174, 0.0887045543640852
O83498,D,0.061201728880405426, 0.07981856312188837
O83498,E,0.08414734899997711, 0.07690835143956873
O83498,I,0.021911529824137688, 0.06930935776068105
O83498,G,0.06765815615653992, 0.0743132032867935
O83498,L,0.12765532732009888, 0.06945469044148922
O83498,L,0.04565787315368652, 0.06533972401585844
O83498,T,0.03290841728448868, 0.06448171681000127
O83498,E,0.09625363349914551, 0.07155146035883161
O83498,T,0.08769819885492325, 0.07098810291952556
O83498,F,0.024167031049728394, 0.0615957375201914
O83498,V,0.07642528414726257, 0.07872661244538096
O83498,S,0.08553922176361084, 0.08078515653808911
O83498,M,0.06258793920278549, 0.07377398055460718
O83498,G,0.043124038726091385, 0.07442461575071017
O83498,R,0.19983574748039246, 0.08029253491097027
O83498,G,0.05143531411886215, 0.0961719656156169
O83498,L,0.033153049647808075, 0.10054789524939325
O83498,A,0.09355391561985016, 0.11501532917221387
O83498,E,0.07697830349206924, 0.11260935291647911
O83498,R,0.21934016048908234, 0.09718341463141972
O83498,E,0.12492258846759796, 0.10305969334310955
O83498,R,0.19279484450817108, 0.10383126222425038
O83498,M,0.02147025242447853, 0.09733331162068579
O83498,K,0.061002302914857864, 0.09408254424730937
O83498,E,0.10432182252407074, 0.08006875299745136
O83498,A,0.04009716957807541, 0.07550315724478827
O83498,F,0.035072360187768936, 0.056816772661275335
O83498,G,0.04772139713168144, 0.06068096206419998
O83498,K,0.09321603924036026, 0.06561696550084485
O83498,F,0.08383222669363022, 0.05998291758199533
O83498,V,0.024617383256554604, 0.05674163603948222
O83498,N,0.056247957050800323, 0.05478247648311986
O83498,R,0.10542633384466171, 0.05725470371544361
O83498,D,0.05361539125442505, 0.06061935114363829
O83498,I,0.010925635695457458, 0.05514619561533133
O83498,A,0.01743992418050766, 0.05840009036991331
O83498,E,0.06997144222259521, 0.06427349150180817
O83498,K,0.1234978660941124, 0.06334384365214242
O83498,A,0.03457382693886757, 0.07334836075703303
O83498,M,0.053902436047792435, 0.07780667146046956
O83498,K,0.109108567237854, 0.0924610983994272
O83498,G,0.09705950319766998, 0.10402434319257736
O83498,E,0.14365604519844055, 0.11512196063995361
O83498,L,0.05105043202638626, 0.12201179688175519
O83498,A,0.1493297666311264, 0.13898310479190615
O83498,L,0.17404064536094666, 0.15704907394117779
O83498,G,0.22337642312049866, 0.16405660493506324
O83498,G,0.09658235311508179, 0.16134573602014118
O83498,E,0.206644207239151, 0.1572208151014315
O83498,R,0.27170228958129883, 0.142823557369411
O83498,K,0.16012728214263916, 0.1274393034271068
O83498,T,0.11925822496414185, 0.1052069878205657
O83498,A,0.013926143757998943, 0.10624862120797236
O83498,T,0.019754447042942047, 0.08952967149929868
O83498,I,0.03558235988020897, 0.07316726104666789
O83498,F,0.023285582661628723, 0.05820021809389194
O83498,F,0.10595705360174179, 0.056989139463338584
O83498,S,0.0561736598610878, 0.0673157920440038
O83498,D,0.12444059550762177, 0.07145973998639318
O83498,V,0.025423895567655563, 0.08399179908964369
O83498,R,0.10835851728916168, 0.10110589530732897
O83498,S,0.1068660169839859, 0.09724808567100102
O83498,F,0.05704997852444649, 0.09683855540222591
O83498,T,0.1483708918094635, 0.09410177005661859
O83498,E,0.1773124486207962, 0.11000167868203586
O83498,M,0.07123676687479019, 0.10701738918821017
O83498,S,0.05248788744211197, 0.11310494732525614
O83498,E,0.09980952739715576, 0.11346217037902938
O83498,K,0.16852307319641113, 0.11802634969353676
O83498,L,0.08149991184473038, 0.11605577543377876
O83498,P,0.1616540402173996, 0.11151703364319271
O83498,P,0.060264986008405685, 0.11235825303528044
O83498,E,0.1894485056400299, 0.11924424850278431
O83498,D,0.15957728028297424, 0.10688584918777148
O83498,V,0.030388090759515762, 0.10162877374225193
O83498,V,0.06005886197090149, 0.09395909971661037
O83498,E,0.16178348660469055, 0.0996553140381972
O83498,F,0.0572974793612957, 0.08315654844045639
O83498,L,0.0341862328350544, 0.07033855178289944
O83498,N,0.09262697398662567, 0.07778023017777337
O83498,E,0.11153091490268707, 0.07982182254393895
O83498,Y,0.040959615260362625, 0.06319921049806806
O83498,M,0.044215310364961624, 0.06055031261510319
O83498,S,0.0973631963133812, 0.06718249287870195
O83498,C,0.07843319326639175, 0.0595120946980185
O83498,M,0.01217997819185257, 0.04986401212712129
O83498,V,0.033457398414611816, 0.06421276533769237
O83498,D,0.09387585520744324, 0.07656986907952362
O83498,C,0.023593390360474586, 0.07080280139214462
O83498,I,0.024698171764612198, 0.06620349838501877
O83498,E,0.17009839415550232, 0.06646757293492556
O83498,Q,0.15542924404144287, 0.07053764133403699
O83498,T,0.04545958712697029, 0.06417207306043969
O83498,G,0.037039466202259064, 0.07396321774770816
O83498,G,0.014556649141013622, 0.08393206685367557
O83498,V,0.07008801400661469, 0.07610933803435829
O83498,V,0.036585740745067596, 0.0796401748019788
O83498,D,0.11171369254589081, 0.08198178342233102
O83498,K,0.11441781371831894, 0.08890834067844683
O83498,F,0.09969383478164673, 0.09709938118855159
O83498,I,0.18720677495002747, 0.09140031412243843
O83498,G,0.06653406471014023, 0.09687485173344612
O83498,D,0.09937848150730133, 0.08562309512247641
O83498,A,0.08827601373195648, 0.07904713487045632
O83498,I,0.018796410411596298, 0.07511687661624616
O83498,M,0.08585657924413681, 0.062491454701456756
O83498,A,0.010447883047163486, 0.06333113430688779
O83498,I,0.05523417145013809, 0.05751321350948678
O83498,W,0.06432151049375534, 0.055986063037481576
O83498,G,0.07357797771692276, 0.059913949109613895
O83498,A,0.07409118115901947, 0.06906219168255727
O83498,P,0.04701719433069229, 0.08694630778498119
O83498,V,0.0745316594839096, 0.09485433167881435
O83498,S,0.0541473850607872, 0.0960781251390775
O83498,L,0.16819076240062714, 0.10617807507514954
O83498,G,0.17140492796897888, 0.11294738286071354
O83498,S,0.12640638649463654, 0.1137377880513668
O83498,A,0.07533565163612366, 0.10681539815333155
O83498,R,0.16447752714157104, 0.10766232055094507
O83498,L,0.13501495122909546, 0.10016425492035018
O83498,D,0.05413084104657173, 0.08195158063123624
O83498,A,0.012230150401592255, 0.06928904851277669
O83498,L,0.06176968663930893, 0.06718961397806804
O83498,Q,0.10070817172527313, 0.051981786265969276
O83498,S,0.007490859366953373, 0.03848571495877372
O83498,M,0.012443597428500652, 0.03595896686116854
O83498,K,0.05644074082374573, 0.040484213166766696
O83498,A,0.027607077732682228, 0.03494530978302161
O83498,V,0.013550309464335442, 0.02954778882364432
O83498,F,0.03139010816812515, 0.03887152475201421
O83498,L,0.05295736715197563, 0.044167630995313324
O83498,M,0.011919556185603142, 0.04036899304224385
O83498,R,0.05213048309087753, 0.04932348719901509
O83498,E,0.09140448272228241, 0.06330923549830914
O83498,S,0.06010855361819267, 0.06412110705342558
O83498,L,0.022252999246120453, 0.06623402920862038
O83498,I,0.10819752514362335, 0.07850511165128814
O83498,Q,0.13942204415798187, 0.09044650238421229
O83498,L,0.038696952164173126, 0.0882111427684625
O83498,N,0.07197366654872894, 0.09439115474621455
O83498,E,0.12235929816961288, 0.10688956413004133
O83498,K,0.15960299968719482, 0.10553000867366791
O83498,R,0.07128624618053436, 0.10925853914684719
O83498,V,0.11572866141796112, 0.13195805996656418
O83498,A,0.13473868370056152, 0.14621930734978783
O83498,C,0.09596152603626251, 0.1584926661517885
O83498,S,0.17297881841659546, 0.14314760453999043
O83498,K,0.24299263954162598, 0.14978242272304165
O83498,P,0.2003248929977417, 0.1399220031582647
O83498,R,0.23281952738761902, 0.13062573038041592
O83498,I,0.021497445181012154, 0.12122283751765887
O83498,G,0.1309996098279953, 0.10438135017951329
O83498,I,0.026984885334968567, 0.07863281998369429
O83498,G,0.05107222869992256, 0.06352896326118046
O83498,C,0.011335490271449089, 0.04023842472169134
O83498,G,0.021405432373285294, 0.04065193711883492
O83498,V,0.011255867779254913, 0.03625575349562698
O83498,N,0.06439018249511719, 0.03567119729187754
O83498,T,0.023204680532217026, 0.035895224660634995
O83498,G,0.025219056755304337, 0.03931327722966671
O83498,S,0.09143395721912384, 0.0407143539438645
O83498,C,0.021723879501223564, 0.049732964692844286
O83498,V,0.0530884750187397, 0.048154465647207365
O83498,A,0.04209796339273453, 0.05274258823030525
O83498,G,0.034015122801065445, 0.05516496983667215
O83498,Q,0.09242336452007294, 0.06364366929564211
O83498,I,0.05018369108438492, 0.07322248940666516
O83498,G,0.06449778378009796, 0.09277501950661342
O83498,S,0.04702049121260643, 0.10105723556545046
O83498,S,0.16774225234985352, 0.1123824090593391
O83498,K,0.10793326050043106, 0.11063021048903465
O83498,R,0.22906124591827393, 0.1111121384633912
O83498,M,0.11663790792226791, 0.10662365704774857
O83498,E,0.13594168424606323, 0.10991215167774095
O83498,Y,0.07665357738733292, 0.09987596546610196
O83498,T,0.054521042853593826, 0.09761843043896887
O83498,V,0.02410145103931427, 0.07453238467375438
O83498,I,0.07661694288253784, 0.06622345000505447
O83498,G,0.07741657644510269, 0.062286265194416046
O83498,D,0.08761544525623322, 0.05657948450081878
O83498,A,0.02128683403134346, 0.051953081145054765
O83498,V,0.04185749590396881, 0.05883507151156664
O83498,N,0.10050702095031738, 0.06678103790101078
O83498,T,0.025292551144957542, 0.059654619130823344
O83498,A,0.012883412651717663, 0.060883409447140165
O83498,S,0.08603936433792114, 0.07065078574750158
O83498,R,0.1481306403875351, 0.06969934494958983
O83498,I,0.013278807513415813, 0.06352210458781984
O83498,E,0.09867455810308456, 0.08077865528563659
O83498,A,0.10919322073459625, 0.10270808461225694
O83498,L,0.03329452872276306, 0.10785679343259996
O83498,N,0.044911857694387436, 0.09738253046654993
O83498,K,0.18060150742530823, 0.09950430608457989
O83498,P,0.21024827659130096, 0.09962570087777244
O83498,F,0.1323777437210083, 0.08943671691748831
O83498,G,0.05386227369308472, 0.08722219109121296
O83498,T,0.0323747880756855, 0.08305430246724023
O83498,D,0.09976711124181747, 0.06831325714786847
O83498,F,0.01749236509203911, 0.0545018393960264
O83498,L,0.013363796286284924, 0.05005041385690371
O83498,I,0.007400860078632832, 0.045884647510117955
O83498,S,0.04793209955096245, 0.04845588964720567
O83498,E,0.08594551682472229, 0.05010225189228853
O83498,N,0.09231491386890411, 0.055910178563661046
O83498,T,0.0163703765720129, 0.05622257675147719
O83498,Y,0.055515967309474945, 0.07042109800709619
O83498,E,0.11458437144756317, 0.07947992492053244
O83498,L,0.06976370513439178, 0.07863357787330945
O83498,V,0.01617537997663021, 0.06940176700138384
O83498,K,0.1351875513792038, 0.07785932026389572
O83498,D,0.12946154177188873, 0.07480588565684027
O83498,M,0.07832839339971542, 0.06927161177413331
O83498,L,0.009228616021573544, 0.07784770853403541
O83498,I,0.0924883559346199, 0.08100966436581479
O83498,V,0.028035055845975876, 0.081955853332248
O83498,E,0.06477590650320053, 0.08046046882453892
O83498,K,0.14694857597351074, 0.07874660266356336
O83498,M,0.04463298246264458, 0.09491413914495045
O83498,P,0.14370325207710266, 0.08780413866043091
O83498,P,0.11600308120250702, 0.10997091109553973
O83498,I,0.06290359795093536, 0.11172586803634961
O83498,T,0.1547364443540573, 0.10969117739134365
O83498,V,0.028498351573944092, 0.126489680674341
O83498,K,0.22753600776195526, 0.1318651388088862
O83498,G,0.0805705189704895, 0.13191796590884527
O83498,K,0.12863636016845703, 0.1297160709897677
O83498,R,0.19581951200962067, 0.12205696851015091
O83498,E,0.19208237528800964, 0.12026862603508764
O83498,P,0.11647852510213852, 0.09998999753346045
O83498,L,0.043086543679237366, 0.09307146248304182
O83498,N,0.0858045220375061, 0.08009813384463389
O83498,V,0.012403269298374653, 0.07209846201456255
O83498,Y,0.04502835124731064, 0.06304077628172106
O83498,A,0.018303703516721725, 0.05451089092012909
O83498,A,0.011876402422785759, 0.06875872394690911
O83498,I,0.12382246553897858, 0.06987663389494021
O83498,N,0.11056320369243622, 0.08626083760625786
O83498,L,0.039709556847810745, 0.10038260598149565
O83498,K,0.17131704092025757, 0.11153249049352275
O83498,G,0.09586571156978607, 0.13166355217496553
O83498,H,0.15986110270023346, 0.14186435068647066
O83498,D,0.17212426662445068, 0.1467923286060492
O83498,G,0.11865266412496567, 0.15422642479340234
O83498,P,0.19305595755577087, 0.15442757887972725
O83498,Q,0.21562965214252472, 0.1613396695918507
O83498,T,0.1549150049686432, 0.15025422970453897
O83498,L,0.10661642253398895, 0.15020431247022417
O83498,D,0.1731274276971817, 0.15167700499296188
O83498,E,0.1580745279788971, 0.14578185064925087
O83498,L,0.06009214371442795, 0.12917946527401605
O83498,R,0.17167501151561737, 0.13226495269272062
O83498,A,0.1319068968296051, 0.13268577638599607
O83498,L,0.13999956846237183, 0.1317597652475039
O83498,L,0.06620818376541138, 0.13232165492243236
O83498,S,0.18268439173698425, 0.1458689123392105
O83498,I,0.11040383577346802, 0.14363467693328857
O83498,E,0.16479332745075226, 0.14208483116494286
O83498,K,0.16313153505325317, 0.14481696403688854
O83498,P,0.1820174604654312, 0.15421625557872984
O83498,G,0.15156689286231995, 0.15500063945849737
O83498,L,0.11795828491449356, 0.16209046294291815
O83498,S,0.16458876430988312, 0.16377045296960407
O83498,A,0.15080180764198303, 0.16018306463956833
O83498,D,0.18974384665489197, 0.16302669958935845
O83498,P,0.174212247133255, 0.17207136667437023
O83498,D,0.1799132376909256, 0.18156558937496609
O83498,F,0.13084504008293152, 0.18106327288680607
O83498,E,0.20761017501354218, 0.17660781575573814
O83498,E,0.23296889662742615, 0.17431802716520098
O83498,K,0.20340628921985626, 0.16756327036354277
O83498,K,0.16006791591644287, 0.16081381920311186
O83498,C,0.11070269346237183, 0.14627548141611946
O83498,E,0.16913574934005737, 0.12320768419239256
O83498,V,0.11341943591833115, 0.09732225123378965
O83498,I,0.11916817724704742, 0.0747215524315834
O83504,M,0.14966778457164764, 0.08325747400522232
O83504,S,0.15777114033699036, 0.09487100359466341
O83504,I,0.09312912076711655, 0.10782862040731642
O83504,R,0.19718244671821594, 0.11987091518110699
O83504,T,0.1515667736530304, 0.133855944706334
O83504,F,0.10452176630496979, 0.1286664398180114
O83504,S,0.1166185513138771, 0.12522817568646538
O83504,F,0.10838065296411514, 0.1291934864388572
O83504,T,0.12586526572704315, 0.12425444026788075
O83504,P,0.10296224057674408, 0.11362710553738806
O83504,S,0.12682676315307617, 0.1153124798503187
O83504,V,0.12881691753864288, 0.11518020638161236
O83504,R,0.1527310311794281, 0.10857045816050635
O83504,L,0.055920761078596115, 0.09736117079026169
O83504,R,0.11969013512134552, 0.09068981827133232
O83504,R,0.11542809009552002, 0.0836810686935981
O83504,I,0.04889291897416115, 0.07274114982121521
O83504,V,0.024981679394841194, 0.0584818749792046
O83504,L,0.0429200679063797, 0.05426097454296218
O83504,W,0.06374801695346832, 0.04354590053359667
O83504,G,0.03035764768719673, 0.033120000527964696
O83504,S,0.024397557601332664, 0.029239257901079126
O83504,L,0.017932657152414322, 0.029220712785091665
O83504,F,0.02325446903705597, 0.026627017909453973
O83504,C,0.02159499004483223, 0.021561268406609695
O83504,A,0.01396623533219099, 0.020873067590097587
O83504,G,0.024814773350954056, 0.020005761852694884
O83504,V,0.019576814025640488, 0.020616710289484926
O83504,L,0.018156271427869797, 0.021321727894246578
O83504,C,0.02416384033858776, 0.021866008535855345
O83504,L,0.016591805964708328, 0.024582561519410875
O83504,L,0.023431193083524704, 0.025597906361023586
O83504,C,0.02959962747991085, 0.02890351042151451
O83504,L,0.026493515819311142, 0.03268867482741674
O83504,C,0.03841521218419075, 0.03444416220817301
O83504,L,0.033952876925468445, 0.03758985445731216
O83504,L,0.04932725057005882, 0.04128872002992365
O83504,V,0.05222275108098984, 0.04665643721818924
O83504,G,0.03996322676539421, 0.05196032135023011
O83504,L,0.04490303620696068, 0.06119614094495773
O83504,A,0.05672098323702812, 0.06716657347149319
O83504,P,0.07790908217430115, 0.07550910239418347
O83504,V,0.07422847300767899, 0.0824730789495839
O83504,R,0.12153758853673935, 0.10015521281295353
O83504,P,0.08768676966428757, 0.11865088881717788
O83504,F,0.12441001087427139, 0.13022078822056452
O83504,V,0.11489854007959366, 0.14191512515147528
O83504,K,0.19910243153572083, 0.14698317646980286
O83504,K,0.21136412024497986, 0.14227708097961214
O83504,E,0.16085007786750793, 0.14391504559251997
O83504,H,0.18315811455249786, 0.1337120524711079
O83504,M,0.11984093487262726, 0.14097770551840463
O83504,F,0.07918272912502289, 0.1311447239584393
O83504,T,0.10242845118045807, 0.11628722565041648
O83504,V,0.032583072781562805, 0.11284133543570836
O83504,Q,0.18028941750526428, 0.10848718467685911
O83504,S,0.11060559749603271, 0.10030926764011383
O83504,G,0.0776466354727745, 0.11102612151039971
O83504,V,0.1298370659351349, 0.11531386938360003
O83504,G,0.14397075772285461, 0.11643565363354152
O83504,A,0.04623968154191971, 0.09860724334915479
O83504,R,0.17563441395759583, 0.10280643362138006
O83504,K,0.14101818203926086, 0.10280087714393933
O83504,V,0.04267913103103638, 0.0899660527292225
O83504,I,0.019833724945783615, 0.08666954417195585
O83504,H,0.14839830994606018, 0.1012573331180546
O83504,E,0.07759662717580795, 0.08934680600133207
O83504,L,0.014323646202683449, 0.09023760404023859
O83504,R,0.11430218070745468, 0.09141441745062669
O83504,N,0.17752978205680847, 0.09122558558980624
O83504,A,0.06843966990709305, 0.08559717858831088
O83504,R,0.14903536438941956, 0.08140515577461985
O83504,L,0.053270451724529266, 0.09054009968207942
O83504,I,0.018134238198399544, 0.08780863819022973
O83504,R,0.09774264693260193, 0.07101483477486505
O83504,S,0.039868421852588654, 0.06440309135036336
O83504,E,0.09653814136981964, 0.06281934957951307
O83504,W,0.0897190272808075, 0.059386835847463876
O83504,A,0.026385551318526268, 0.06404947934465276
O83504,A,0.008933979086577892, 0.05583375599235296
O83504,R,0.13478168845176697, 0.06171712351755963
O83504,L,0.022377828136086464, 0.05688913777056667
O83504,Y,0.06009802967309952, 0.05898229726072815
O83504,V,0.023801136761903763, 0.06993421053306924
O83504,F,0.0928187295794487, 0.08155121095478535
O83504,A,0.05308626964688301, 0.08661039691004488
O83504,R,0.10855746269226074, 0.0914701380663448
O83504,A,0.1249527707695961, 0.11323858135276371
O83504,L,0.11348698288202286, 0.12062376861770947
O83504,N,0.18031436204910278, 0.11899297808607419
O83504,F,0.06611549854278564, 0.11949361736575763
O83504,K,0.25601401925086975, 0.11543856602576044
O83504,A,0.09026782214641571, 0.10761025134060118
O83504,G,0.07814161479473114, 0.09698726671437423
O83504,S,0.05759202316403389, 0.08332226073576345
O83504,Y,0.07206200063228607, 0.08687893114984035
O83504,A,0.054497938603162766, 0.06561215697891182
O83504,V,0.017880121245980263, 0.06076451577246189
O83504,S,0.05732930824160576, 0.06006945938699775
O83504,P,0.09812553226947784, 0.057853186089131564
O83504,A,0.06461305171251297, 0.05992601046131717
O83504,M,0.04663905128836632, 0.06806067894730303
O83504,S,0.0718861073255539, 0.06697563992606269
O83504,A,0.03764556348323822, 0.06275216676294804
O83504,V,0.09071741998195648, 0.06415557136966123
O83504,R,0.12770995497703552, 0.06412358685500091
O83504,I,0.0081147700548172, 0.060966933973961406
O83504,L,0.019318049773573875, 0.06631858501997259
O83504,T,0.11075617372989655, 0.0770905450400379
O83504,M,0.06432519108057022, 0.07693572031954925
O83504,L,0.018229175359010696, 0.07787245367136267
O83504,D,0.12005096673965454, 0.088864265423682
O83504,D,0.134593203663826, 0.10047405088941257
O83504,V,0.0893239974975586, 0.10981964361336496
O83504,E,0.13614055514335632, 0.11953624130951034
O83504,Q,0.10704107582569122, 0.1305499424537023
O83504,Q,0.12380611896514893, 0.13204303880532584
O83504,R,0.19486650824546814, 0.11895439815190104
O83504,F,0.1517745703458786, 0.1149125455154313
O83504,I,0.11735248565673828, 0.10378574083248775
O83504,K,0.13348883390426636, 0.1072401429216067
O83504,V,0.016795437783002853, 0.10028619940082233
O83504,T,0.05294732376933098, 0.0834014688928922
O83504,V,0.03599931299686432, 0.07405843999650744
O83504,P,0.13813069462776184, 0.07108309533860949
O83504,E,0.06122062727808952, 0.060878640247715846
O83504,G,0.04290393367409706, 0.0766640483505196
O83504,L,0.06768731027841568, 0.08392519007126491
O83504,T,0.09057438373565674, 0.08412897379861937
O83504,V,0.0416487380862236, 0.07181953142086665
O83504,K,0.1588641107082367, 0.07607617436183824
O83504,K,0.11829759925603867, 0.08319985038704342
O83504,I,0.03783336654305458, 0.07689207357664903
O83504,A,0.02734571322798729, 0.07810917641553614
O83504,A,0.0995304137468338, 0.0954502545711067
O83504,L,0.10701701790094376, 0.08585608895454142
O83504,L,0.010917318984866142, 0.08804744461344348
O83504,Q,0.10152830928564072, 0.09074714386628734
O83504,D,0.19771844148635864, 0.09024085249337885
O83504,A,0.07251662015914917, 0.08901422201759285
O83504,T,0.13801980018615723, 0.09037264995276928
O83504,V,0.06213065981864929, 0.10447717706362407
O83504,V,0.022789090871810913, 0.10277951922681597
O83504,S,0.08849073946475983, 0.08290630206465721
O83504,A,0.11924286931753159, 0.08376626297831535
O83504,A,0.1378580629825592, 0.08878670094741715
O83504,A,0.08624938875436783, 0.08514977350003189
O83504,F,0.018859487026929855, 0.08568563250203927
O83504,V,0.08025626838207245, 0.08483349552585019
O83504,E,0.18320374190807343, 0.07922970441480477
O83504,A,0.02939831279218197, 0.072652789660626
O83504,C,0.02761182188987732, 0.0744519740757015
O83504,T,0.08082150667905807, 0.07849186762339538
O83504,S,0.06880874931812286, 0.07854650190307035
O83504,A,0.0786658301949501, 0.07579819961554474
O83504,A,0.10244204849004745, 0.09686655178666115
O83504,L,0.05521852895617485, 0.10019837650987837
O83504,R,0.08074797689914703, 0.10513709071609709
O83504,T,0.15846902132034302, 0.1017747393084897
O83504,R,0.21901348233222961, 0.10896210993329684
O83504,Y,0.05759824439883232, 0.10337036475539207
O83504,K,0.12526993453502655, 0.10862995270225737
O83504,I,0.038547586649656296, 0.10743199040492375
O83504,P,0.14335216581821442, 0.09292827960517672
O83504,A,0.05211634188890457, 0.07593076593346065
O83504,P,0.1025548204779625, 0.07142900427182515
O83504,S,0.06996631622314453, 0.05995589060087999
O83504,V,0.02793562412261963, 0.056691301676134266
O83504,E,0.06603585928678513, 0.047647957483099565
O83504,G,0.017082389444112778, 0.04896906463222371
O83504,F,0.022011911496520042, 0.04603881006025606
O83504,L,0.009166286326944828, 0.04207965058998929
O83504,Y,0.0619620680809021, 0.04229691676381561
O83504,P,0.06400630623102188, 0.045216377100182906
O83504,D,0.0761825293302536, 0.04789462695933051
O83504,T,0.03433388099074364, 0.05650552310463455
O83504,Y,0.02989101968705654, 0.07587332050833437
O83504,F,0.09231100231409073, 0.08904233429994848
O83504,F,0.04118663817644119, 0.09115472373863061
O83504,S,0.09950997680425644, 0.10283149385617839
O83504,Y,0.18347646296024323, 0.10393895602060689
O83504,Q,0.18048319220542908, 0.1118920784857538
O83504,E,0.08301781117916107, 0.11728787422180176
O83504,R,0.1812734603881836, 0.11349927965137693
O83504,A,0.04430104047060013, 0.1039568709416522
O83504,A,0.10146912187337875, 0.09108807663950655
O83504,N,0.14087316393852234, 0.07679358724918631
O83504,V,0.007089287042617798, 0.06845793086621496
O83504,V,0.013628298416733742, 0.05190343658129374
O83504,G,0.06765731424093246, 0.06346757958332698
O83504,T,0.051832787692546844, 0.058467733363310494
O83504,M,0.007996903732419014, 0.04624923111663924
O83504,I,0.03228301182389259, 0.0530402267144786
O83504,E,0.14837832748889923, 0.06500044071839915
O83504,N,0.05647050589323044, 0.06673200035260783
O83504,F,0.030906643718481064, 0.064580246185263
O83504,L,0.068208247423172, 0.07796205166313383
O83504,A,0.12127022445201874, 0.09059908530778354
O83504,K,0.08324135094881058, 0.07975852944784695
O83504,T,0.03246700018644333, 0.08337276553114255
O83504,S,0.12843315303325653, 0.09503354711665048
O83504,Q,0.14601631462574005, 0.09729086276557711
O83504,L,0.05081332474946976, 0.09605414337582058
O83504,P,0.08899863064289093, 0.10110433979166879
O83504,S,0.13585367798805237, 0.11452533304691315
O83504,F,0.08852408826351166, 0.11399753143390019
O83504,P,0.11013974994421005, 0.1124284060464965
O83504,G,0.1286931186914444, 0.11702938874562581
O83504,D,0.15325593948364258, 0.11500433252917396
O83504,P,0.12368293851613998, 0.11048482524024116
O83504,V,0.13189418613910675, 0.12133726643191443
O83504,A,0.0922221690416336, 0.1143197367588679
O83504,R,0.07077312469482422, 0.10100970769094096
O83504,F,0.09517811238765717, 0.08935381492806806
O83504,K,0.18619605898857117, 0.07707950296915239
O83504,T,0.04698198288679123, 0.06409464052153958
O83504,V,0.008902857080101967, 0.056627264660265714
O83504,I,0.04835290461778641, 0.05177724837428994
O83504,L,0.013214130885899067, 0.04224419976688094
O83504,A,0.015030424110591412, 0.03541019527862469
O83504,S,0.025015786290168762, 0.05187229367180003
O83504,I,0.02712297812104225, 0.06707075848761532
O83504,V,0.009380674920976162, 0.08227734298755725
O83504,E,0.12469001859426498, 0.10304116188651985
O83504,R,0.19514086842536926, 0.11467605860282977
O83504,E,0.14568904042243958, 0.12750296822438636
O83504,Y,0.1852121651172638, 0.13744068880461985
O83504,R,0.2000885009765625, 0.14665853480497995
O83504,V,0.11974449455738068, 0.13598668947815895
O83504,A,0.14045797288417816, 0.12361513367957538
O83504,S,0.11656246334314346, 0.11861262263523208
O83504,E,0.09234128892421722, 0.09997763112187386
O83504,A,0.0286434106528759, 0.07912933557397789
O83504,A,0.08379686623811722, 0.0734284824381272
O83504,R,0.10066644102334976, 0.06089891100095378
O83504,I,0.017497241497039795, 0.0514388396922085
O83504,A,0.012453841045498848, 0.047765518435173564
O83504,G,0.06843681633472443, 0.054328702183233366
O83504,V,0.027691829949617386, 0.06120297788745827
O83504,F,0.03142182156443596, 0.0547570228162739
O83504,Y,0.059281397610902786, 0.06718257959518167
O83504,N,0.08771206438541412, 0.08172803165184127
O83504,R,0.14566534757614136, 0.0989122593568431
O83504,M,0.04265284538269043, 0.11973391473293304
O83504,K,0.12932725250720978, 0.13478244385785526
O83504,V,0.14336290955543518, 0.13545904556910196
O83504,N,0.2230948656797409, 0.13995709187454647
O83504,M,0.21508672833442688, 0.12797188510497412
O83504,G,0.16685858368873596, 0.12978317671351963
O83504,L,0.06537081301212311, 0.11919680279162195
O83504,Q,0.12819448113441467, 0.10749997157189581
O83504,S,0.03779848664999008, 0.08470441587269306
O83504,C,0.05895446985960007, 0.07059111880759399
O83504,A,0.03404988721013069, 0.05903654649025864
O83504,T,0.03809142857789993, 0.059395330854588084
O83504,V,0.01793486438691616, 0.05911422872708903
O83504,E,0.08806705474853516, 0.06778641479710738
O83504,Y,0.0628674328327179, 0.08533173489073913
O83504,V,0.0685998722910881, 0.10585662701891528
O83504,I,0.12566456198692322, 0.13207853730354044
O83504,T,0.11584816128015518, 0.15428521235783896
O83504,E,0.21686235070228577, 0.17471040950881112
O83504,I,0.21877391636371613, 0.1949940969546636
O83504,E,0.27408862113952637, 0.2198820999926991
O83504,G,0.21779493987560272, 0.23226969357993868
O83504,K,0.27189382910728455, 0.24594739079475403
O83504,A,0.24542061984539032, 0.2557735542456309
O83504,H,0.2925918996334076, 0.2436533338493771
O83504,P,0.23715290427207947, 0.24315811859236824
O83504,E,0.23894743621349335, 0.2438021567132738
O83504,R,0.3052978217601776, 0.23588903745015463
O83504,L,0.10969193279743195, 0.2280519256989161
O83504,F,0.26963168382644653, 0.20418430782026714
O83504,F,0.22359128296375275, 0.196290270321899
O83504,K,0.20067575573921204, 0.1794348599182235
O83504,D,0.17488661408424377, 0.1628455263045099
O83504,L,0.07778333872556686, 0.16346842464473513
O83504,E,0.16610656678676605, 0.15398728764719433
O83504,I,0.08724874258041382, 0.14054707603322136
O83504,D,0.15599381923675537, 0.12653005205922657
O83504,S,0.11529801785945892, 0.11235847406917149
O83504,P,0.1843014508485794, 0.11325983951489131
O83504,F,0.10262937843799591, 0.11199403885338041
O83504,N,0.07452253997325897, 0.11900495241085689
O83504,T,0.047342412173748016, 0.12754311081435946
O83504,Y,0.08589562773704529, 0.12110879768927892
O83504,K,0.15471436083316803, 0.11169014788336223
O83504,C,0.15034696459770203, 0.11729085031482908
O83504,A,0.2328372448682785, 0.12646428826782438
O83504,G,0.05738919973373413, 0.13183652112881342
O83504,L,0.09953360259532928, 0.1317819067173534
O83504,P,0.1530357003211975, 0.11912296050124699
O83504,P,0.15708348155021667, 0.11181512061092588
O83504,A,0.09569250792264938, 0.09529899391863081
O83504,P,0.08540409803390503, 0.09583370304769939
O83504,I,0.0407838448882103, 0.08872511155075496
O83504,S,0.08457640558481216, 0.0806505133708318
O83504,N,0.08419210463762283, 0.07825388511021932
O83504,P,0.06220158189535141, 0.07033438690834576
O83504,G,0.03555627912282944, 0.06306808069348335
O83504,L,0.08036431670188904, 0.0760428404642476
O83504,T,0.13551382720470428, 0.0702606849372387
O83504,A,0.024417024105787277, 0.06288008909258577
O83504,L,0.020007342100143433, 0.06271799508896139
O83504,N,0.1575566828250885, 0.07502140787740548
O83504,A,0.032537005841732025, 0.07840570993721485
O83504,A,0.017766742035746574, 0.08412486501038074
O83504,L,0.060742735862731934, 0.10328781832423475
O83504,H,0.1462869942188263, 0.1093763533151812
O83504,P,0.11082303524017334, 0.11779205728736189
O83504,E,0.18698622286319733, 0.13990461971196863
O83504,V,0.19688360393047333, 0.1526453047990799
O83504,H,0.0748041570186615, 0.15026814490556717
O83504,D,0.23329801857471466, 0.14101386649741066
O83504,F,0.23155006766319275, 0.1498381437526809
O83504,F,0.13243290781974792, 0.146108934448825
O83504,Y,0.0393482968211174, 0.14322171360254288
O83504,F,0.06299848854541779, 0.1486235244406594
O83504,R,0.19024153053760529, 0.14741983347468907
O83504,L,0.15342333912849426, 0.1518963442908393
O83504,T,0.17089861631393433, 0.17284487022293937
O83504,D,0.12342045456171036, 0.18672521164019903
O83504,P,0.22246479988098145, 0.21536684781312943
O83504,Q,0.2718386650085449, 0.21908333980374867
O83504,R,0.3209696412086487, 0.2304611677924792
O83504,A,0.16427136957645416, 0.23369823147853216
O83504,R,0.3207732141017914, 0.25406736301051247
O83504,T,0.2236899584531784, 0.2609325531456206
O83504,R,0.2558237910270691, 0.26562850177288055
O83504,S,0.20003218948841095, 0.2585042036241955
O83504,P,0.3067426383495331, 0.2763468391365475
O83504,R,0.28425151109695435, 0.27375974257787067
O83504,R,0.3141022026538849, 0.27348275151517654
O83504,W,0.2568509578704834, 0.2761203795671463
O83504,T,0.32485508918762207, 0.28106294406784904
O83504,S,0.29748934507369995, 0.2759730749660068
O83504,M,0.22119703888893127, 0.2736321787039439
O83504,I,0.27956244349479675, 0.2652532143725289
O83504,K,0.24451526999473572, 0.2565561764770084
O83504,L,0.2609338164329529, 0.24115464091300964
O83504,G,0.26318344473838806, 0.20810026923815408
O83504,S,0.2386915236711502, 0.18352282047271729
O83504,C,0.17857761681079865, 0.1524603267510732
O83504,C,0.1862412691116333, 0.1252919634183248
O83511,M,0.06418540328741074, 0.07469407220681508
O83511,E,0.17078211903572083, 0.08565459979905023
O83511,K,0.18882544338703156, 0.10450003544489543
O83511,A,0.11668012291193008, 0.12790658407741123
O83511,F,0.13177356123924255, 0.13945700807703865
O83511,F,0.09864474833011627, 0.14444520738389757
O83511,F,0.1696089208126068, 0.13852832631932366
O83511,R,0.2106589376926422, 0.1266497994462649
O83511,I,0.10395381599664688, 0.11750204612811406
O83511,D,0.10907919704914093, 0.10744615561432308
O83511,S,0.11753018945455551, 0.1001725627316369
O83511,D,0.08191870152950287, 0.08385884058144358
O83511,L,0.03435034304857254, 0.06203411012474033
O83511,F,0.04127054661512375, 0.05260353545761771
O83511,T,0.03318241238594055, 0.04251021136426263
O83511,F,0.022785421460866928, 0.03092406824645069
O83511,I,0.01423636358231306, 0.02316475214643611
O83511,V,0.01907864399254322, 0.02054787054657936
O83511,F,0.018239280208945274, 0.017702705123358302
O83511,L,0.013254901394248009, 0.015610707716809379
O83511,L,0.012084856629371643, 0.014930586847994063
O83511,V,0.010798408649861813, 0.014961725514796045
O83511,S,0.015664057806134224, 0.015857355669140816
O83511,S,0.014354435727000237, 0.01852019503712654
O83511,G,0.016664333641529083, 0.0218037741465701
O83511,L,0.014516611583530903, 0.026156412437558174
O83511,L,0.027139315381646156, 0.03197846178793245
O83511,V,0.0422048345208168, 0.03765881982528501
O83511,F,0.042807113379240036, 0.04766025590813822
O83511,S,0.05125860124826431, 0.05172274003012313
O83511,G,0.06319685280323029, 0.05431683630579048
O83511,G,0.06678728014230728, 0.061037095056639776
O83511,E,0.10436736047267914, 0.0632485184404585
O83511,L,0.053226690739393234, 0.060312538511223264
O83511,I,0.03786347806453705, 0.0638911599914233
O83511,V,0.08762164413928986, 0.06484497007396486
O83511,S,0.062107644975185394, 0.060200247913599014
O83511,F,0.016383294016122818, 0.05087452775074376
O83511,R,0.08346619457006454, 0.051425345035062894
O83511,D,0.07178114354610443, 0.05157189423011409
O83511,V,0.024984780699014664, 0.04321491221586863
O83511,G,0.02043587900698185, 0.03905228690968619
O83511,F,0.05818404629826546, 0.041100389841530055
O83511,S,0.03918242081999779, 0.03952914848923683
O83511,V,0.012408806011080742, 0.033374087471101016
O83511,T,0.024644017219543457, 0.03904705929259459
O83511,S,0.03481622040271759, 0.044505275785923004
O83511,R,0.0693250223994255, 0.040237276090515986
O83511,V,0.016385594382882118, 0.03815066979991065
O83511,E,0.07604152709245682, 0.04212710861530569
O83511,K,0.06955982744693756, 0.04577430937853125
O83511,A,0.01977204903960228, 0.04363094953199228
O83511,A,0.02040296420454979, 0.04115422132114569
O83511,A,0.04819675534963608, 0.05010909794105424
O83511,S,0.057468824088573456, 0.05020637603269683
O83511,V,0.015525981783866882, 0.04460880346596241
O83511,S,0.04703446850180626, 0.050023347760240235
O83511,F,0.09697948396205902, 0.06090524233877659
O83511,F,0.07691702991724014, 0.06062891479167673
O83511,V,0.01918167434632778, 0.0578960252718793
O83511,T,0.06850294768810272, 0.06944446824491024
O83511,H,0.11834001541137695, 0.07678928495281273
O83511,T,0.04570980742573738, 0.06858774274587631
O83511,V,0.032872818410396576, 0.06932013233502705
O83511,K,0.11946196854114532, 0.07594978747268517
O83511,T,0.11313781887292862, 0.07322050651742353
O83511,L,0.02316560409963131, 0.06853470889230569
O83511,K,0.08350853621959686, 0.07251683187981446
O83511,T,0.07884857058525085, 0.07410911036034425
O83511,L,0.04393941909074783, 0.06819677332209216
O83511,S,0.07616783678531647, 0.06928039073116249
O83511,E,0.08154891431331635, 0.08341184341245228
O83511,V,0.04720332473516464, 0.07902483807669745
O83511,Q,0.06625093519687653, 0.07951283786031935
O83511,R,0.12289037555456161, 0.08345203846693039
O83511,R,0.15034867823123932, 0.0793384499847889
O83511,Y,0.0440254881978035, 0.08207642659544945
O83511,E,0.0832405686378479, 0.08708431530329916
O83511,V,0.07939222455024719, 0.0928825582895014
O83511,L,0.039145540446043015, 0.0836064579586188
O83511,R,0.10619070380926132, 0.07673410367634562
O83511,E,0.09227432310581207, 0.08422812860873011
O83511,Q,0.11843512207269669, 0.08444198179576132
O83511,L,0.039405472576618195, 0.08448408005966081
O83511,K,0.08849748969078064, 0.08996650907728407
O83511,D,0.11147171258926392, 0.08913328167464998
O83511,Y,0.08516524732112885, 0.0904704439971182
O83511,E,0.07977110892534256, 0.08241757957471742
O83511,F,0.0884874016046524, 0.08690200456314617
O83511,L,0.0986916571855545, 0.08366100283132659
O83511,Q,0.10430878400802612, 0.07952251906196277
O83511,G,0.045959342271089554, 0.07647610869672564
O83511,S,0.07976529747247696, 0.07147582247853279
O83511,R,0.05932847410440445, 0.07329151903589566
O83511,E,0.07422535866498947, 0.07464605528447363
O83511,S,0.057747554033994675, 0.07020971717105971
O83511,L,0.03476853296160698, 0.0684672732734018
O83511,R,0.10482867062091827, 0.06877604602939552
O83511,K,0.1108824834227562, 0.07124454341828823
O83511,E,0.06438174098730087, 0.06613388905922572
O83511,N,0.030277347192168236, 0.06804180600576931
O83511,Q,0.0825442522764206, 0.07040205804838075
O83511,R,0.08154495060443878, 0.06373728356427616
O83511,L,0.028229469433426857, 0.05795420457919439
O83511,R,0.07491880655288696, 0.06106735931502448
O83511,A,0.05601080134510994, 0.06258533046477371
O83511,M,0.04484570026397705, 0.059403056692745954
O83511,L,0.05883477255702019, 0.0632171140362819
O83511,G,0.09240013360977173, 0.07036883756518364
O83511,F,0.04393908753991127, 0.06889419671561983
O83511,S,0.053903788328170776, 0.07697208929393026
O83511,R,0.11587146669626236, 0.08144730536474122
O83511,E,0.09259498119354248, 0.08594974958234364
O83511,L,0.06164703890681267, 0.07950652142365773
O83511,S,0.12871183454990387, 0.07798401266336441
O83511,T,0.08512264490127563, 0.07550965456498994
O83511,R,0.0993567705154419, 0.06341037500856651
O83511,N,0.03441108018159866, 0.058645876900603376
O83511,I,0.030236508697271347, 0.054050447781466775
O83511,P,0.03163456544280052, 0.042969031621598534
O83511,A,0.0069779506884515285, 0.03799697192799714
O83511,E,0.04971449822187424, 0.039298117316017546
O83511,I,0.020288176834583282, 0.04184834219308363
O83511,I,0.028979089111089706, 0.04425998875457379
O83511,G,0.04037410765886307, 0.049677996740986906
O83511,F,0.11106707900762558, 0.056158912678559623
O83511,D,0.057363104075193405, 0.060451272461149425
O83511,P,0.05194132775068283, 0.06715356724129783
O83511,D,0.0803966373205185, 0.06901201316052014
O83511,N,0.06530619412660599, 0.06925703129834598
O83511,L,0.0883457362651825, 0.05826538490752379
O83511,Y,0.08060882985591888, 0.055835103202197284
O83511,S,0.045705102384090424, 0.050584567348576255
O83511,G,0.04257927089929581, 0.045436653670751385
O83511,I,0.012142261490225792, 0.04867965712522467
O83511,V,0.03549056872725487, 0.04194225313969784
O83511,V,0.004686505068093538, 0.036882523292054735
O83511,S,0.03406541422009468, 0.046004867646843195
O83511,R,0.09449322521686554, 0.052051577561845384
O83511,G,0.027709100395441055, 0.05535685731511977
O83511,A,0.03507126122713089, 0.052638650199191436
O83511,R,0.12780620157718658, 0.06501411005026764
O83511,H,0.09699966013431549, 0.07473111214737098
O83511,G,0.04188977926969528, 0.07308646105229855
O83511,V,0.01102670468389988, 0.07165842472265165
O83511,R,0.11606564372777939, 0.0719804951093263
O83511,K,0.12151843309402466, 0.05855263919673032
O83511,N,0.07969136536121368, 0.04934472720035248
O83511,M,0.014856773428618908, 0.04525180792229043
O83511,P,0.03796989470720291, 0.0504879184688131
O83511,V,0.006955498363822699, 0.04306882982038789
O83511,V,0.01412845216691494, 0.039806086466544204
O83511,A,0.005053505767136812, 0.041523504070937634
O83511,F,0.05815169960260391, 0.04850601570473777
O83511,Q,0.049293845891952515, 0.050650169452031456
O83511,S,0.09215374290943146, 0.053043259773403406
O83511,D,0.09514812380075455, 0.05323446774855256
O83511,T,0.07769937813282013, 0.05415364551461405
O83511,L,0.05726727843284607, 0.0498406577648388
O83511,G,0.028493311256170273, 0.05018435056424803
O83511,L,0.015849323943257332, 0.04156245291233063
O83511,V,0.013326105661690235, 0.038391673730479345
O83511,G,0.019334809854626656, 0.03644470953279071
O83511,K,0.05238708108663559, 0.032219847871197596
O83511,V,0.014556664042174816, 0.03177904627389378
O83511,V,0.06661111116409302, 0.04264100744492478
O83511,Q,0.060176700353622437, 0.047087064737247095
O83511,V,0.019243523478507996, 0.05032659601420164
O83511,S,0.024526096880435944, 0.0455647102660603
O83511,R,0.11360697448253632, 0.052550553965071835
O83511,T,0.053340621292591095, 0.045646857315053545
O83511,T,0.04849059134721756, 0.044311241815901466
O83511,S,0.009530109353363514, 0.046302669008986816
O83511,M,0.07742925733327866, 0.04518012231629756
O83511,I,0.004477841313928366, 0.040700103932370744
O83511,V,0.04815616086125374, 0.03908673865306708
O83511,P,0.03716636821627617, 0.05047685927194026
O83511,L,0.014423176646232605, 0.06093164341938165
O83511,Y,0.07328680902719498, 0.0571873740086125
O83511,H,0.038820333778858185, 0.07161815050575468
O83511,Y,0.1510016769170761, 0.06780064581996864
O83511,Q,0.103623166680336, 0.06907331715855333
O83511,F,0.043730832636356354, 0.06799287188591228
O83511,Y,0.134354829788208, 0.0688734129588637
O83511,V,0.01379861868917942, 0.06641446452380882
O83511,A,0.04862041026353836, 0.06112398440018296
O83511,G,0.0046991691924631596, 0.06439579759413998
O83511,K,0.08121167868375778, 0.06543115386739373
O83511,L,0.01668979786336422, 0.06234237743127677
O83511,E,0.10338735580444336, 0.06914689562593897
O83511,R,0.1330694854259491, 0.07601937491239773
O83511,A,0.05304903909564018, 0.07663578767743376
O83511,Q,0.10655584186315536, 0.07065585855808523
O83511,Y,0.07503928244113922, 0.06972833329604732
O83511,R,0.11047272384166718, 0.06264564498431152
O83511,G,0.0102468840777874, 0.04960233180059327
O83511,L,0.027392316609621048, 0.050220169954829745
O83511,I,0.008342070505023003, 0.044171565108829074
O83511,S,0.03964316099882126, 0.04243298744161924
O83511,G,0.01567966677248478, 0.040096147606770195
O83511,Q,0.05860958248376846, 0.048540072308646307
O83511,G,0.05211839824914932, 0.05293466026584307
O83511,G,0.05939208343625069, 0.056911967487798795
O83511,S,0.08944116532802582, 0.05388287744588322
O83511,D,0.0862422063946724, 0.05982649429804749
O83511,F,0.06694360822439194, 0.055544762768679194
O83511,P,0.04413783550262451, 0.06346382925079928
O83511,L,0.012381350621581078, 0.0749192935311132
O83511,L,0.0691722184419632, 0.0681325424876478
O83511,M,0.02007399871945381, 0.08193381999929746
O83511,R,0.12338999658823013, 0.09817065919438998
O83511,Y,0.16249126195907593, 0.10850062759386168
O83511,V,0.028360405936837196, 0.11826430157654816
O83511,K,0.21045370399951935, 0.13381017309923968
O83511,K,0.2130751609802246, 0.1424832809716463
O83511,H,0.13710755109786987, 0.14362482995622688
O83511,G,0.10025441646575928, 0.12775072579582533
O83511,Q,0.20908506214618683, 0.13798421228097546
O83511,G,0.09813196957111359, 0.13259463612404135
O83511,S,0.13366393744945526, 0.1175889325224691
O83511,I,0.01962432451546192, 0.11238340557449394
O83511,R,0.12046178430318832, 0.11017468261222045
O83511,V,0.16194751858711243, 0.08801070145434803
O83511,G,0.07802382856607437, 0.07954907644953993
O83511,D,0.09025780856609344, 0.06611661178370316
O83511,L,0.08037590980529785, 0.07216826702157657
O83511,V,0.009609231725335121, 0.06505553838279513
O83511,V,0.021977344527840614, 0.05879645380708906
O83511,T,0.012771755456924438, 0.061846394505765706
O83511,S,0.07408922165632248, 0.06834805094533497
O83511,G,0.05644722655415535, 0.068888820707798
O83511,E,0.1056157574057579, 0.07394555645684402
O83511,N,0.10547329485416412, 0.07800668560796314
O83511,Y,0.1487727165222168, 0.08642236557271746
O83511,P,0.08524283766746521, 0.08278049404422443
O83511,F,0.05511985346674919, 0.07968752127554682
O83511,P,0.05852750688791275, 0.07913721394207743
O83511,K,0.08851287513971329, 0.06908183669050534
O83511,D,0.04131237789988518, 0.05405775188571877
O83511,V,0.0286104716360569, 0.05222085677087307
O83511,P,0.10066299140453339, 0.04800362657341692
O83511,V,0.014974899590015411, 0.0529497599022256
O83511,G,0.013555953279137611, 0.05240466052459346
O83511,K,0.06871078163385391, 0.05847665895190504
O83511,V,0.01716478168964386, 0.06726329546007845
O83511,R,0.10304270684719086, 0.06627966980967256
O83511,D,0.08360698074102402, 0.07828554780118996
O83511,I,0.09596036374568939, 0.09228266610039605
O83511,K,0.10769020020961761, 0.10703096373213662
O83511,L,0.09181036055088043, 0.11887774947616789
O83511,H,0.12302780151367188, 0.12203258193201488
O83511,D,0.1395300179719925, 0.12476907091008292
O83511,H,0.20144546031951904, 0.1227577096886105
O83511,E,0.12378585338592529, 0.12380115025573307
O83511,T,0.13143619894981384, 0.11514335767262512
O83511,S,0.10823538154363632, 0.11068912574814425
O83511,L,0.07785811275243759, 0.09621726969877879
O83511,E,0.1170811653137207, 0.08314917981624603
O83511,L,0.013890227302908897, 0.07283232174813747
O83511,S,0.08293971419334412, 0.06470193279286225
O83511,L,0.009283313527703285, 0.055322504291931786
O83511,D,0.08383265137672424, 0.054538354691531926
O83511,P,0.030934130772948265, 0.04595345382889112
O83511,V,0.058262698352336884, 0.06046029656297631
O83511,L,0.023820525035262108, 0.06401802661518256
O83511,D,0.0708007663488388, 0.06551588657829496
O83511,L,0.03981705754995346, 0.06806990421480602
O83511,F,0.1444518119096756, 0.07235010816819137
O83511,R,0.11495928466320038, 0.06672470856250988
O83511,L,0.02276405319571495, 0.06597967595896786
O83511,E,0.10681881010532379, 0.058771767291343875
O83511,Y,0.06945596635341644, 0.05656622634786698
O83511,V,0.007634101901203394, 0.045492418886472784
O83511,F,0.017115231603384018, 0.039978875830355615
O83511,I,0.0059295883402228355, 0.042760298018240266
O83511,L,0.01996718905866146, 0.03596098550284902
O83511,D,0.04478754475712776, 0.034435408345113196
O83511,L,0.0653373971581459, 0.0437115469119615
O83511,S,0.04779685288667679, 0.055027740800546274
O83511,L,0.0456249974668026, 0.0628553018387821
O83511,S,0.05572577193379402, 0.07030366568101777
O83511,Q,0.09111934900283813, 0.07846646424796846
O83511,E,0.11896097660064697, 0.07799833433495627
O83511,G,0.07637763768434525, 0.07268757290310329
O83511,P,0.0870024636387825, 0.06761812874012524
O83511,H,0.11825273185968399, 0.06142637630303701
O83511,G,0.061124227941036224, 0.051302004191610545
O83529,M,0.11412398517131805, 0.0614761213461558
O83529,K,0.12983056902885437, 0.07078618970182207
O83529,S,0.12309952825307846, 0.0777589695321189
O83529,K,0.12152129411697388, 0.08172263080875079
O83529,S,0.06470971554517746, 0.08967054345541531
O83529,S,0.0837906152009964, 0.0835536668697993
O83529,L,0.06275501847267151, 0.07306694818867578
O83529,L,0.035672951489686966, 0.06160436508556207
O83529,K,0.07153121381998062, 0.051942083777652845
O83529,S,0.059072095900774, 0.048664442573984466
O83529,G,0.035450100898742676, 0.045500420240892306
O83529,L,0.019936280325055122, 0.04073446885579162
O83529,L,0.03456076234579086, 0.038695599883794785
O83529,L,0.03521094471216202, 0.03806719225313929
O83529,S,0.05531441420316696, 0.0330659503945046
O83529,L,0.019861456006765366, 0.029894399767120678
O83529,L,0.01732313074171543, 0.03210651419228978
O83529,T,0.06587554514408112, 0.04276032870014509
O83529,L,0.014060919173061848, 0.040128578742345176
O83529,V,0.006906145252287388, 0.03517929857803716
O83529,S,0.039845310151576996, 0.03803013078868389
O83529,R,0.13044509291648865, 0.04174604184097714
O83529,V,0.011525195091962814, 0.03570926458471351
O83529,L,0.010770892724394798, 0.04850492595384518
O83529,G,0.04551894590258598, 0.06929157301783562
O83529,L,0.05076633021235466, 0.069329132222467
O83529,A,0.011544549837708473, 0.057212501764297485
O83529,R,0.1292218714952469, 0.059650844583908715
O83529,E,0.1939859688282013, 0.06135940324101183
O83529,V,0.04018334299325943, 0.06440150882634851
O83529,V,0.021395418792963028, 0.06288266864915688
O83529,K,0.0334702804684639, 0.06358816805813047
O83529,S,0.02614792063832283, 0.05335585938559638
O83529,T,0.07289789617061615, 0.036256531046496496
O83529,L,0.037096768617630005, 0.038759182724687785
O83529,M,0.017894044518470764, 0.04428391613894039
O83529,G,0.03713109344244003, 0.046475600037309855
O83529,T,0.04009201377630234, 0.04616309516131878
O83529,S,0.06270720809698105, 0.04723901032573647
O83529,A,0.07111801952123642, 0.044284854291213885
O83529,T,0.05319543555378914, 0.043820703505641885
O83529,A,0.023335376754403114, 0.044376060677071415
O83529,D,0.08258113265037537, 0.04300291080855661
O83529,A,0.010509364306926727, 0.03701516075266732
O83529,F,0.013716687448322773, 0.034991065247191325
O83529,T,0.042129307985305786, 0.043361651400725044
O83529,V,0.027733664959669113, 0.04252287021113767
O83529,A,0.008817457593977451, 0.03683321281439728
O83529,F,0.05290115997195244, 0.04277150353623761
O83529,M,0.12853071093559265, 0.0452338263599409
O83529,I,0.015786346048116684, 0.04190831910818815
O83529,P,0.031374216079711914, 0.04568707932614618
O83529,N,0.06395398080348969, 0.06017771094209618
O83529,L,0.035877592861652374, 0.0563802584591839
O83529,F,0.01219974271953106, 0.04397982834941811
O83529,R,0.06174250692129135, 0.04477945611708694
O83529,R,0.13923314213752747, 0.049068849740756884
O83529,L,0.01872408762574196, 0.0480212178081274
O83529,F,0.0169268399477005, 0.046185206001003586
O83529,A,0.022982995957136154, 0.04605328312350644
O83529,E,0.0699787586927414, 0.04323308770027426
O83529,N,0.05452529340982437, 0.033603799218932785
O83529,A,0.019353486597537994, 0.033131492945055165
O83529,I,0.01101243682205677, 0.03235249831858608
O83529,S,0.03636074811220169, 0.032444336658550635
O83529,V,0.052569545805454254, 0.03297840834905704
O83529,A,0.014473331160843372, 0.030178559426632192
O83529,F,0.00991588830947876, 0.029427105974819925
O83529,I,0.023809541016817093, 0.03107221507363849
O83529,P,0.07478540390729904, 0.036244081126319036
O83529,V,0.029326653108000755, 0.03734487626287672
O83529,F,0.012590405531227589, 0.04275521749837531
O83529,T,0.025818418711423874, 0.05224049205167426
O83529,Q,0.0829075425863266, 0.06037527726342281
O83529,H,0.06247670203447342, 0.06482612745215495
O83529,Y,0.06316640228033066, 0.08053154508686727
O83529,S,0.09528335928916931, 0.09577494321597947
O83529,M,0.09702260792255402, 0.10486403935485417
O83529,P,0.11484305560588837, 0.11449943648444282
O83529,S,0.17067541182041168, 0.12108923494815826
O83529,S,0.1497809886932373, 0.1299678376979298
O83529,A,0.10762028396129608, 0.13028017928202948
O83529,Q,0.1696261167526245, 0.1310829354657067
O83529,V,0.12178488820791245, 0.12865041113562053
O83529,P,0.14307382702827454, 0.12337990353504817
O83529,C,0.09809443354606628, 0.11264548243747817
O83529,S,0.10424741357564926, 0.11084335752659374
O83529,S,0.09295033663511276, 0.09852068208985859
O83529,K,0.12324084341526031, 0.08828006063898404
O83529,T,0.053171198815107346, 0.0743554046170579
O83529,K,0.09140115976333618, 0.06722643454041746
O83529,E,0.05872203782200813, 0.057993370211786695
O83529,F,0.02961929515004158, 0.04933655634522438
O83529,L,0.017751922830939293, 0.03756516033576594
O83529,S,0.03393370285630226, 0.03331244798998038
O83529,A,0.021149834617972374, 0.024561133235692978
O83529,I,0.015039011836051941, 0.01941707047323386
O83529,F,0.017298279330134392, 0.017497713367144268
O83529,T,0.014896787703037262, 0.017302462003297277
O83529,L,0.012639326974749565, 0.014747117956479391
O83529,M,0.01242547295987606, 0.01387288048863411
O83529,S,0.012345081195235252, 0.013283844519820478
O83529,S,0.015994660556316376, 0.012784102000296116
O83529,V,0.010935606434941292, 0.012076430954039097
O83529,T,0.013281697407364845, 0.01204866057054864
O83529,A,0.00973768811672926, 0.011778763598865934
O83529,S,0.01280059665441513, 0.011761409127049975
O83529,I,0.00852774828672409, 0.011316658308108648
O83529,S,0.012389393523335457, 0.011478550732135773
O83529,L,0.009996400214731693, 0.011602157002521886
O83529,I,0.01218889094889164, 0.011883045236269632
O83529,G,0.011991903185844421, 0.011564211195541753
O83529,I,0.012392638251185417, 0.019639414528177843
O83529,L,0.014394153840839863, 0.025603019632399082
O83529,G,0.012265682220458984, 0.02634321836133798
O83529,A,0.009931090287864208, 0.02894804875055949
O83529,P,0.08120457828044891, 0.049139860603544444
O83529,Y,0.0660618394613266, 0.05342816126843294
O83529,I,0.01665818877518177, 0.062172666295535035
O83529,V,0.03563236445188522, 0.07891434938129452
O83529,R,0.19371820986270905, 0.10020672260887092
O83529,L,0.05098734423518181, 0.11088884849515226
O83529,F,0.09309469908475876, 0.12160225191877948
O83529,D,0.1629408299922943, 0.13172082892722553
O83529,T,0.20156244933605194, 0.1409953141378032
O83529,D,0.1773437112569809, 0.12652569802270996
O83529,Q,0.16248247027397156, 0.1258452840977245
O83529,S,0.10772538185119629, 0.1265048078364796
O83529,L,0.11910273134708405, 0.11020253805650605
O83529,T,0.06349166482686996, 0.08940717339929607
O83529,V,0.04486361891031265, 0.07532908653633462
O83529,S,0.09903041273355484, 0.05949750718557172
O83529,L,0.016220401972532272, 0.049510612773398556
O83529,T,0.014404167421162128, 0.038010907669862114
O83529,R,0.050640929490327835, 0.033152425868643656
O83529,L,0.019998256117105484, 0.034366898238658905
O83529,M,0.017843332141637802, 0.024656116755472288
O83529,F,0.015605385415256023, 0.024570297449827194
O83529,P,0.019765328615903854, 0.024726604111492634
O83529,Y,0.055793870240449905, 0.02107307408004999
O83529,L,0.011633379384875298, 0.02042645536777046
O83529,W,0.015448028221726418, 0.019411604437563155
O83529,M,0.015810927376151085, 0.019834850086934037
O83529,I,0.017759159207344055, 0.022186548863020208
O83529,S,0.014178687706589699, 0.017712668205300968
O83529,L,0.008709673769772053, 0.018124908726248477
O83529,A,0.019414596259593964, 0.021332249355812866
O83529,A,0.0409306176006794, 0.022328334239621956
O83529,F,0.015528944320976734, 0.0212559017042319
O83529,F,0.015343544073402882, 0.02050938881519768
O83529,Q,0.04431409388780594, 0.024599445362885792
O83529,G,0.024775691330432892, 0.02559569747083717
O83529,M,0.008107266388833523, 0.02712441629005803
O83529,L,0.0074600717052817345, 0.03642477353827821
O83529,H,0.04552018269896507, 0.04090152225560612
O83529,S,0.02838086523115635, 0.03843544444276227
O83529,I,0.054689086973667145, 0.03740458324965504
O83529,K,0.09923215955495834, 0.03846305670837561
O83529,V,0.055634282529354095, 0.0403182931865255
O83529,F,0.022119393572211266, 0.03739812504500151
O83529,V,0.015497940592467785, 0.035002484607199826
O83529,P,0.017633527517318726, 0.030621969348026648
O83529,S,0.024157200008630753, 0.026121551274425454
O83529,G,0.0192386694252491, 0.020719574867851205
O83529,C,0.006820101290941238, 0.018864798980454605
O83529,T,0.015264449641108513, 0.02025817024211089
O83529,P,0.05872839689254761, 0.023023392384250958
O83529,I,0.007016494870185852, 0.020877137987150088
O83529,F,0.005426410585641861, 0.019693313787380855
O83529,F,0.028038281947374344, 0.02274697067009078
O83529,N,0.04252052679657936, 0.02203478715899918
O83529,V,0.0048409104347229, 0.01693484125037988
O83529,S,0.008584251627326012, 0.01790925632748339
O83529,V,0.03430301323533058, 0.02037885184917185
O83529,I,0.008854798041284084, 0.021672206827335887
O83529,F,0.012828883714973927, 0.022476722589797445
O83529,S,0.01578623056411743, 0.028991286746329732
O83529,M,0.027652770280838013, 0.044305709501107536
O83529,Y,0.03967847675085068, 0.05668225925829676
O83529,F,0.04976116865873337, 0.0638621404973997
O83529,L,0.06347198784351349, 0.07969880849123001
O83529,N,0.14641405642032623, 0.08603210498889287
O83529,V,0.14569196105003357, 0.09346223043070899
O83529,S,0.0734737291932106, 0.09519347589876917
O83529,H,0.15535889565944672, 0.09333907688657443
O83529,M,0.07278589904308319, 0.09273208263847563
O83529,N,0.09452389925718307, 0.07983586233523157
O83529,V,0.05525968596339226, 0.06558954819209045
O83529,A,0.03307157754898071, 0.05873655051820808
O83529,I,0.05800903961062431, 0.04423315967950556
O83529,A,0.030348073691129684, 0.03755416421012746
O83529,A,0.017475133761763573, 0.03037188419451316
O83529,A,0.011796750128269196, 0.02547757151640124
O83529,I,0.02482837811112404, 0.022994659944540925
O83529,G,0.012674939818680286, 0.0190601312658853
O83529,V,0.029883379116654396, 0.018645470030605793
O83529,L,0.011210871860384941, 0.017611960880458355
O83529,I,0.010725373402237892, 0.017600732027656503
O83529,G,0.022598281502723694, 0.021940802430941
O83529,G,0.02661612257361412, 0.021345206381132204
O83529,C,0.00817355141043663, 0.018958329274836514
O83529,A,0.01169569045305252, 0.020274838173968926
O83529,Q,0.06388901174068451, 0.022958340485476784
O83529,A,0.007314575370401144, 0.02179692556253738
O83529,L,0.008401485159993172, 0.023937187623232603
O83529,F,0.023059451952576637, 0.03076916265611847
O83529,Q,0.03487689420580864, 0.03156040727885233
O83529,L,0.012145547196269035, 0.03420110414218572
O83529,I,0.04587848111987114, 0.04398693123625384
O83529,F,0.06966132670640945, 0.058154776278469295
O83529,V,0.018816892057657242, 0.06145924971335464
O83529,Y,0.08765528351068497, 0.06266714239286052
O83529,M,0.09538701921701431, 0.07236587463153733
O83529,H,0.13591209053993225, 0.07215102099710041
O83529,G,0.052799712866544724, 0.07115527904695934
O83529,F,0.04574792832136154, 0.07311018514964315
O83529,R,0.09943413734436035, 0.07209125947621134
O83529,F,0.04394479840993881, 0.06900218832823965
O83529,T,0.06069964915513992, 0.05692432137827078
O83529,L,0.03641104698181152, 0.057933353922433324
O83529,Q,0.07848495244979858, 0.06801223527226183
O83529,S,0.06758537888526917, 0.06053000667856799
O83529,P,0.02721128799021244, 0.06022675770024458
O83529,L,0.06188100576400757, 0.06314196458293332
O83529,K,0.13645786046981812, 0.06855795718729496
O83529,A,0.0320940800011158, 0.07711716099745697
O83529,M,0.04121555760502815, 0.08215436360074414
O83529,H,0.08693651109933853, 0.08118581875330871
O83529,D,0.08515498042106628, 0.0846227550258239
O83529,E,0.1555177867412567, 0.08607415296137333
O83529,G,0.11292020231485367, 0.08412671865274508
O83529,V,0.018494384363293648, 0.08109660456991857
O83529,R,0.09281343221664429, 0.07852993005265792
O83529,R,0.14952044188976288, 0.07673491382350524
O83529,I,0.014567171223461628, 0.06082214860038625
O83529,I,0.013944530859589577, 0.05049611100306114
O83529,A,0.06383644044399261, 0.057406307405067816
O83529,L,0.06899983435869217, 0.054498853265411325
O83529,L,0.012302899733185768, 0.040021426872246794
O83529,L,0.01998586393892765, 0.03976280821694268
O83529,P,0.08068615198135376, 0.04193635760909981
O83529,T,0.06664634495973587, 0.0488611308650838
O83529,T,0.01922360435128212, 0.0434542844692866
O83529,V,0.012239603325724602, 0.0443819390816821
O83529,G,0.033506475389003754, 0.06070653763082293
O83529,I,0.1261593997478485, 0.06491901642746395
O83529,A,0.020338216796517372, 0.05859304095307986
O83529,T,0.020651791244745255, 0.06282149669196871
O83529,Y,0.16690725088119507, 0.07483678083452913
O83529,L,0.11859846115112305, 0.07448602550559574
O83529,L,0.009712565690279007, 0.06196250435378817
O83529,N,0.05727970600128174, 0.06456221660806073
O83529,D,0.12037716060876846, 0.07096928916871548
O83529,L,0.030349677428603172, 0.05526496966679891
O83529,V,0.013447709381580353, 0.04455854888591501
O83529,C,0.043735627084970474, 0.044822043221857816
O83529,T,0.07831544429063797, 0.0496092631171147
O83529,A,0.02556837536394596, 0.0432204349587361
O83529,L,0.02224067412316799, 0.04387070073021783
O83529,A,0.01208401471376419, 0.05074393914805518
O83529,T,0.10036468505859375, 0.06153436957134141
O83529,S,0.06287770718336105, 0.057279167903794184
O83529,V,0.036202069371938705, 0.06013199873268604
O83529,E,0.07530685514211655, 0.06228124640054173
O83529,I,0.1408495008945465, 0.06540632123748462
O83529,G,0.040018629282712936, 0.057363524205154844
O83529,V,0.0512438528239727, 0.05410638699928919
O83529,A,0.04158390313386917, 0.06189842315183745
O83529,A,0.04020968824625015, 0.059133830583757825
O83529,S,0.02797951176762581, 0.045113481374250516
O83529,V,0.03356347233057022, 0.051672582204143204
O83529,Q,0.10633039474487305, 0.07251865975558758
O83529,Y,0.05042552202939987, 0.06955268844548199
O83529,S,0.014666358008980751, 0.06924274884578255
O83529,L,0.09905053675174713, 0.09176059512214528
O83529,R,0.23885855078697205, 0.09215584511144294
O83529,I,0.014890161342918873, 0.0840353745346268
O83529,Q,0.037420231848955154, 0.08832372507701318
O83529,E,0.23064012825489044, 0.09498376409626669
O83529,L,0.037120722234249115, 0.08624585935225089
O83529,L,0.03324615955352783, 0.06312372028413746
O83529,L,0.08902067691087723, 0.06594459609025055
O83529,G,0.07460670918226242, 0.07029886730015278
O83529,I,0.020409394055604935, 0.04867541934880945
O83529,F,0.03075929917395115, 0.04581022117700842
O83529,I,0.04027804359793663, 0.04540513766308626
O83529,V,0.07660867273807526, 0.040025886355174914
O83529,S,0.03602909669280052, 0.036252183839678764
O83529,L,0.01133393868803978, 0.03710322785708639
O83529,S,0.02960040792822838, 0.039453901971379914
O83529,S,0.04060741513967514, 0.04584368835720751
O83529,V,0.04064338654279709, 0.044338673560155764
O83529,V,0.028068790212273598, 0.04158090386125776
O83529,L,0.05191536620259285, 0.042206401005387306
O83529,P,0.09778612107038498, 0.048652284468213715
O83529,D,0.06306353956460953, 0.05533480871882704
O83529,L,0.011209169402718544, 0.05773483692771859
O83529,S,0.01696341298520565, 0.06305090131031142
O83529,F,0.08761335909366608, 0.07311680912971497
O83529,H,0.10075013339519501, 0.08171358787351185
O83529,V,0.062243640422821045, 0.0917756822374132
O83529,M,0.07591336965560913, 0.11057023766140144
O83529,R,0.14250853657722473, 0.12625842458671993
O83529,K,0.17515712976455688, 0.12521791954835257
O83529,D,0.15362238883972168, 0.11825092550781038
O83529,W,0.18036016821861267, 0.12178811265362634
O83529,Q,0.1581570953130722, 0.12378579792049196
O83529,S,0.07824881374835968, 0.11341679261790381
O83529,F,0.0380471870303154, 0.09606077459951241
O83529,E,0.09407832473516464, 0.08542375370032257
O83529,D,0.09389253705739975, 0.07561772420174545
O83529,L,0.04918748885393143, 0.05983555316925049
O83529,L,0.01895296759903431, 0.05295876868897014
O83529,I,0.05788920074701309, 0.05492295324802399
O83529,T,0.09210590273141861, 0.04727917495701048
O83529,A,0.016117556020617485, 0.03846331468472878
O83529,I,0.016357753425836563, 0.034071221119827695
O83529,K,0.0557248480618, 0.03340244210428662
O83529,I,0.02528432011604309, 0.028301883074972365
O83529,V,0.014549794606864452, 0.01943020408766137
O83529,M,0.009658646769821644, 0.018267759639355872
O83529,L,0.01293395645916462, 0.018505186463395756
O83529,I,0.011984169483184814, 0.013945538964536455
O83529,T,0.012260791845619678, 0.012796999990112252
O83529,I,0.005655555985867977, 0.01238825586107042
O83529,P,0.01849459484219551, 0.013032520500322184
O83529,A,0.014688020572066307, 0.013411129617856609
O83529,T,0.014947469346225262, 0.014032593928277493
O83529,F,0.010871097445487976, 0.015706401525272265
O83529,F,0.015457028523087502, 0.01792341625938813
O83529,V,0.01634143851697445, 0.018152284022006724
O83529,L,0.01757734827697277, 0.02933492770211564
O83529,F,0.027325060218572617, 0.035603229163421526
O83529,S,0.025608688592910767, 0.03544298166202174
O83529,S,0.020554404705762863, 0.03564444246391455
O83529,D,0.11533181369304657, 0.04411509301927355
O83529,R,0.07136218249797821, 0.04589363208247556
O83529,I,0.009428869932889938, 0.04619782521492905
O83529,I,0.017270175740122795, 0.04986178233391709
O83529,T,0.09257729351520538, 0.062183516513970166
O83529,L,0.03358419984579086, 0.05909731797873974
O83529,V,0.030062798410654068, 0.055917885361446276
O83529,Y,0.0585843026638031, 0.07463362502555053
O83529,K,0.13145001232624054, 0.08009905740618706
O83529,N,0.08755602687597275, 0.08707286210523711
O83529,A,0.042747288942337036, 0.10044223277105226
O83529,I,0.17787052690982819, 0.11568796469105615
O83529,F,0.06645906716585159, 0.11721871379348967
O83529,N,0.15534153580665588, 0.10584292022718324
O83529,E,0.15390853583812714, 0.10874608779946963
O83529,L,0.1672743856906891, 0.1143611069354746
O83529,S,0.0723610445857048, 0.09647416758040588
O83529,V,0.02906787022948265, 0.09223838709294796
O83529,R,0.11368453502655029, 0.07910428589416875
O83529,M,0.09328246116638184, 0.06464404136770302
O83529,T,0.016888072714209557, 0.04762787909971343
O83529,A,0.028337042778730392, 0.04479305073618889
O83529,T,0.037134625017642975, 0.045812284780873194
O83529,I,0.02376633509993553, 0.03901101193494267
O83529,F,0.014128925278782845, 0.0301967766135931
O83529,R,0.04684758931398392, 0.029683756538563304
O83529,W,0.03824097663164139, 0.02877240317563216
O83529,H,0.05247307941317558, 0.026367721044354968
O83529,S,0.013954343274235725, 0.02539250109758642
O83529,V,0.012270892038941383, 0.02564391183356444
O83529,G,0.020134862512350082, 0.02618484426703718
O83529,M,0.015492485836148262, 0.02314645776318179
O83529,L,0.014989355579018593, 0.01815886717910568
O83529,A,0.01639162190258503, 0.023576497048553493
O83529,I,0.05171598121523857, 0.036905874446448356
O83529,A,0.010895498096942902, 0.03635111621891459
O83529,L,0.007584764156490564, 0.03650123072374198
O83529,N,0.06271301209926605, 0.03971452436720332
O83529,R,0.13223528861999512, 0.04486970008454389
O83529,V,0.015142038464546204, 0.040365936803734966
O83529,L,0.016843516379594803, 0.04176492280223303
O83529,I,0.04390899837017059, 0.04464611131697893
O83529,S,0.06278820335865021, 0.039694173365003534
O83529,A,0.01118211168795824, 0.032088868216507964
O83529,F,0.023486372083425522, 0.03957384069346719
O83529,Y,0.033515460789203644, 0.04424208764814668
O83529,A,0.018145570531487465, 0.04296499935703145
O83529,Q,0.063787542283535, 0.0420592807026373
O83529,H,0.08250679075717926, 0.0439168204449945
O83529,N,0.058857738971710205, 0.044487055804994374
O83529,S,0.032415203750133514, 0.04278073397775491
O83529,F,0.05463673546910286, 0.04286770294937822
O83529,A,0.02789996936917305, 0.0372944762930274
O83529,P,0.02861849032342434, 0.030904358770284388
O83529,M,0.0181585643440485, 0.02552861389186647
O83529,I,0.018928291276097298, 0.022862947028544214
O83529,A,0.013628502376377583, 0.019640864183505375
O83529,G,0.02499573305249214, 0.018704307576020558
O83529,T,0.010476035065948963, 0.01655805276499854
O83529,I,0.008424201980233192, 0.015696206440528233
O83529,S,0.02563798986375332, 0.02001942963235908
O83529,F,0.019470959901809692, 0.021320802780489128
O83529,V,0.009302197024226189, 0.020133237147496805
O83529,T,0.010401947423815727, 0.020000917112661734
O83529,N,0.05783730000257492, 0.023177738508416548
O83529,I,0.025340860709547997, 0.026996178242067497
O83529,I,0.014307642355561256, 0.027769841564198334
O83529,L,0.0092851547524333, 0.028109272838466696
O83529,A,0.03701559454202652, 0.0432227509510186
O83529,T,0.06000394746661186, 0.05856781194193496
O83529,L,0.026433929800987244, 0.0667486067654358
O83529,L,0.012357078492641449, 0.06988897081464529
O83529,F,0.14642325043678284, 0.07904153110252486
O83529,I,0.19594284892082214, 0.08103587726751964
O83529,P,0.0989680141210556, 0.07962185185816553
O83529,L,0.042570918798446655, 0.07905435065428416
O83529,G,0.09165819734334946, 0.07917876769271162
O83529,G,0.054964710026979446, 0.0641003322477142
O83529,K,0.04727771878242493, 0.04408673414339622
O83529,G,0.021326418966054916, 0.035089052075313196
O83529,I,0.013476831838488579, 0.03756918395972914
O83529,A,0.010717331431806087, 0.028987390506598685
O83529,F,0.015820465981960297, 0.02332907894419299
O83529,S,0.01798887550830841, 0.019911729006303683
O83529,L,0.06489210575819016, 0.029187157543169126
O83529,S,0.014422056265175343, 0.028809741967254214
O83529,A,0.0040399059653282166, 0.028528488655057218
O83529,A,0.016521569341421127, 0.03928322127709786
O83529,S,0.10480527579784393, 0.03932953325824605
O83529,M,0.010080091655254364, 0.03311801629347934
O83529,V,0.00818605162203312, 0.03340320289134979
O83529,Q,0.11261305958032608, 0.03509483320845498
O83529,T,0.01840568333864212, 0.03532260884013441
O83529,V,0.008988453075289726, 0.027099570259451866
O83529,F,0.016988735646009445, 0.032871712206138506
O83529,L,0.019264578819274902, 0.034398058222399816
O83529,W,0.018571550026535988, 0.03313551015324063
O83529,M,0.03079792857170105, 0.0471631892853313
O83529,F,0.06202936917543411, 0.05682428367435932
O83529,L,0.021923165768384933, 0.06700983208914597
O83529,K,0.10125012695789337, 0.0839117258373234
O83529,R,0.1446547955274582, 0.08797582611441612
O83529,S,0.0959383025765419, 0.0930867629746596
O83529,W,0.10865867137908936, 0.09209988473190202
O83529,Q,0.1713816225528717, 0.10008893410364787
O83529,I,0.05514845252037048, 0.10063432653745015
O83529,T,0.07679636031389236, 0.08977280267410809
O83529,I,0.053147464990615845, 0.08508963303433524
O83529,P,0.0938246101140976, 0.08275583220852746
O83529,S,0.10615865886211395, 0.06946086179878977
O83529,L,0.04690108075737953, 0.06598027319543892
O83529,Y,0.05378977581858635, 0.059392973573671445
O83529,K,0.0876544639468193, 0.06175893027749327
O83529,T,0.05172688886523247, 0.05716983042657375
O83529,S,0.023823155090212822, 0.04721554575694932
O83529,L,0.017510663717985153, 0.044623193641503654
O83529,Y,0.07444107532501221, 0.044781542072693505
O83529,Y,0.05252271145582199, 0.037182481959462166
O83529,G,0.01657009683549404, 0.03275708109140396
O83529,V,0.02356991171836853, 0.03171243756595585
O83529,K,0.055214911699295044, 0.033069998750256166
O83529,I,0.019262922927737236, 0.026557616372075345
O83529,T,0.011898281052708626, 0.022103307251301076
O83529,L,0.014421363361179829, 0.021998807477454346
O83529,F,0.029728714376688004, 0.021420386826826468
O83529,S,0.01582963392138481, 0.017852105096810393
O83529,V,0.012433929368853569, 0.018013920531504683
O83529,I,0.01562959887087345, 0.01981958219160636
O83529,A,0.01836412586271763, 0.02204339454571406
O83529,L,0.02310037612915039, 0.02822270120183627
O83529,V,0.020719261839985847, 0.02922197576198313
O83529,P,0.028149235993623734, 0.030405320848027866
O83529,T,0.03443567454814911, 0.035592015418741435
O83529,W,0.08534247428178787, 0.04800693173375395
O83529,A,0.024823104962706566, 0.04972867895331648
O83529,S,0.023084035143256187, 0.05181945694817437
O83529,S,0.06230985000729561, 0.05736692208382818
O83529,F,0.1300983726978302, 0.07494757862554656
O83529,F,0.038596101105213165, 0.07262778654694557
O83529,T,0.039536263793706894, 0.07562671332723564
O83529,A,0.07807642221450806, 0.08889501293500264
O83529,Y,0.1926615834236145, 0.09675811520881122
O83529,F,0.06446434557437897, 0.09149803676538998
O83529,F,0.05181344598531723, 0.09961634087893698
O83529,P,0.14249873161315918, 0.10886380241976844
O83529,G,0.13307777047157288, 0.10831207119756275
O83529,S,0.08275766670703888, 0.09103676759534413
O83529,H,0.11166083812713623, 0.09038689898120032
O83529,K,0.12276341766119003, 0.09836917204989327
O83529,I,0.07311084121465683, 0.0850572811646594
O83529,I,0.03718385100364685, 0.07249907880193657
O83529,S,0.05861552804708481, 0.07460172122551335
O83529,H,0.12365390360355377, 0.0657001549584998
O83529,G,0.022691713646054268, 0.05352021505435308
O83529,V,0.02005394920706749, 0.04703508296774493
O83529,P,0.10168144851922989, 0.05322606840895282
O83529,L,0.03154674172401428, 0.04874703391558594
O83529,C,0.013143958523869514, 0.036290382448997766
O83529,V,0.014744652435183525, 0.03531494177877903
O83529,E,0.09290271997451782, 0.03696677895883719
O83529,A,0.018304217606782913, 0.0275190147674746
O83529,L,0.011544040404260159, 0.02551788619409005
O83529,I,0.013912747614085674, 0.02538658171478245
O83529,F,0.03492048382759094, 0.025586877949535847
O83529,S,0.016651570796966553, 0.01680128390176429
O83529,C,0.013536584563553333, 0.017411870571474235
O83529,T,0.011962218210101128, 0.018727034537328616
O83529,G,0.016547318547964096, 0.019340813470383484
O83529,C,0.013832373544573784, 0.020047050279875595
O83529,I,0.02379949763417244, 0.023766419022447534
O83529,L,0.023380516096949577, 0.02687336028450065
O83529,L,0.019436758011579514, 0.03738810991247495
O83529,L,0.04127661511301994, 0.042753920786910586
O83529,L,0.05012588948011398, 0.05113804857763979
O83529,S,0.0414990559220314, 0.05334029822713799
O83529,R,0.10659496486186981, 0.05220029089185926
O83529,D,0.06483961641788483, 0.0651988722383976
O83529,E,0.08928952366113663, 0.07306417243348227
O83529,F,0.04361974447965622, 0.07007847684952948
O83529,A,0.01312045007944107, 0.06856946854127778
O83529,Y,0.1364239901304245, 0.07468919994102584
O83529,K,0.11206431686878204, 0.07766394524110688
O83529,A,0.023254629224538803, 0.07226595530907313
O83529,L,0.027917981147766113, 0.08107436365551418
O83529,R,0.16167254745960236, 0.08778482592768139
O83529,S,0.0916123241186142, 0.08024108823802736
O83529,I,0.04070761427283287, 0.08238955256011751
O83529,R,0.12289541959762573, 0.07980570486850208
O83529,F,0.07351461052894592, 0.07670370696319474
O83529,C,0.06853035092353821, 0.05874009057879448
O83529,R,0.13140049576759338, 0.04856094345450401
O83544,M,0.158957377076149, 0.07764173381858402
O83544,F,0.07346393167972565, 0.0971346182955636
O83544,R,0.22774632275104523, 0.10378356526295344
O83544,S,0.09558498859405518, 0.11353823377026452
O83544,Q,0.14302298426628113, 0.11998895845479435
O83544,R,0.17543596029281616, 0.10405152249667379
O83544,M,0.059840522706508636, 0.10693755290574497
O83544,K,0.08779201656579971, 0.08235942313654555
O83544,F,0.05805652216076851, 0.07533183931890461
O83544,L,0.015520453453063965, 0.060738551119963326
O83544,E,0.09943820536136627, 0.05030024548371633
O83544,L,0.006543154828250408, 0.058970149192545146
O83544,V,0.03233673423528671, 0.07749863300058576
O83544,V,0.011683390475809574, 0.08463663069738282
O83544,L,0.08149120956659317, 0.08869303142031033
O83544,E,0.13786965608596802, 0.09446482732892036
O83544,R,0.2545483708381653, 0.11312820276038514
O83544,D,0.12229850143194199, 0.11195857812547022
O83544,V,0.05202805995941162, 0.1134846413301097
O83544,D,0.1513843685388565, 0.11932424828410149
O83544,R,0.1745135337114334, 0.11511758839090665
O83544,V,0.02181011252105236, 0.08832674732224809
O83544,L,0.025417959317564964, 0.08235875030772553
O83544,E,0.13404767215251923, 0.0897859592611591
O83544,Y,0.10000971704721451, 0.07969132614218527
O83544,L,0.013430801220238209, 0.06698993645194504
O83544,G,0.06858652830123901, 0.07255061126003663
O83544,K,0.11887294054031372, 0.07382931984547111
O83544,T,0.060532670468091965, 0.06757578926367892
O83544,A,0.06020102649927139, 0.06391779012564155
O83544,L,0.07185618579387665, 0.07769178143805927
O83544,V,0.03692633658647537, 0.08381936409407192
O83544,H,0.07776589691638947, 0.08246223752697308
O83544,L,0.06708772480487823, 0.08602162616120444
O83544,R,0.13739672303199768, 0.09082833429177602
O83544,L,0.12373477220535278, 0.09424586594104767
O83544,S,0.10665880143642426, 0.11522732592291302
O83544,A,0.09256716817617416, 0.12120977292458217
O83544,A,0.10346139967441559, 0.12790621899896198
O83544,A,0.10261397063732147, 0.12857306251923242
O83544,R,0.22575947642326355, 0.12815623647636837
O83544,G,0.13160791993141174, 0.13061966829829746
O83544,S,0.12735573947429657, 0.1311783351831966
O83544,S,0.14339831471443176, 0.1302419818109936
O83544,S,0.11998333781957626, 0.13355195191171434
O83544,H,0.128829687833786, 0.11799818029006322
O83544,C,0.09759517014026642, 0.12208783543772167
O83544,A,0.09503421932458878, 0.130233286983437
O83544,Q,0.13240370154380798, 0.12486604104439418
O83544,S,0.08577553182840347, 0.1220432354344262
O83544,K,0.16841481626033783, 0.12266348633501264
O83544,E,0.20066480338573456, 0.12433020439412859
O83544,Y,0.09509310126304626, 0.11711225720743339
O83544,V,0.0945780873298645, 0.12036384455859661
O83544,G,0.13441194593906403, 0.12958953177763355
O83544,R,0.11259563267230988, 0.11371755455103186
O83544,L,0.030072694644331932, 0.09706612697078122
O83544,E,0.16166798770427704, 0.10623563929564422
O83544,E,0.16880671679973602, 0.11507171164784166
O83544,A,0.02556702122092247, 0.10365302384727532
O83544,C,0.05080195516347885, 0.1052106869303518
O83544,K,0.17761871218681335, 0.11097900031341447
O83544,Y,0.17410273849964142, 0.10593675615059005
O83544,L,0.03164375573396683, 0.09820247400138113
O83544,G,0.12661460041999817, 0.11262341423167123
O83544,V,0.08198751509189606, 0.11928525070349376
O83544,S,0.11628779023885727, 0.1091279685497284
O83544,G,0.09919817745685577, 0.10442859431107838
O83544,E,0.15535548329353333, 0.11256572521395153
O83544,C,0.11075848340988159, 0.11859140213992861
O83544,A,0.08620317280292511, 0.13064227087630165
O83544,F,0.13180837035179138, 0.13816219402684105
O83544,S,0.10487793385982513, 0.1448682083023919
O83544,P,0.1808456927537918, 0.14178497758176592
O83544,G,0.19044533371925354, 0.1423159142335256
O83544,D,0.18396709859371185, 0.14884949723879495
O83544,S,0.15955230593681335, 0.1627674533261193
O83544,L,0.12760640680789948, 0.18034546739525265
O83544,P,0.11553691327571869, 0.17325853142473432
O83544,T,0.14500541985034943, 0.16474022799068028
O83544,E,0.25706997513771057, 0.15814549641476738
O83544,E,0.26308006048202515, 0.15730369173818165
O83544,D,0.11706326901912689, 0.14713943377137184
O83544,Y,0.11378060281276703, 0.15413111820816994
O83544,T,0.12461451441049576, 0.15878788837128216
O83544,L,0.1519760638475418, 0.14011644778980148
O83544,A,0.03612808510661125, 0.11901911720633507
O83544,Q,0.17846207320690155, 0.12174614063567585
O83544,Q,0.18691635131835938, 0.1264376040134165
O83544,I,0.08902700990438461, 0.1179922835694419
O83544,L,0.07320408523082733, 0.11877630982134077
O83544,A,0.14160647988319397, 0.12698963739805752
O83544,E,0.15600377321243286, 0.11571297835972574
O83544,V,0.04860663041472435, 0.111733704391453
O83544,D,0.15903230011463165, 0.11700791493058205
O83544,A,0.11004803329706192, 0.13095039005080858
O83544,L,0.07697214186191559, 0.13085637365778288
O83544,H,0.15110288560390472, 0.14217673614621162
O83544,A,0.13649490475654602, 0.16671838611364365
O83544,R,0.1986863613128662, 0.16783167670170465
O83544,E,0.14076033234596252, 0.18110108209980857
O83544,R,0.2578870356082916, 0.18857676121923658
O83544,E,0.26948148012161255, 0.19539403749836814
O83544,G,0.1690519154071808, 0.20494570997026232
O83544,D,0.22947268187999725, 0.19935765862464905
O83544,A,0.14425325393676758, 0.20900531278716195
O83544,P,0.21245837211608887, 0.21295658416218227
O83544,S,0.22245995700359344, 0.2102680587106281
O83544,V,0.1483938992023468, 0.21939442058404288
O83544,P,0.2275892198085785, 0.2193971806102329
O83544,R,0.29344847798347473, 0.23032662272453308
O83544,G,0.24528475105762482, 0.22870906856324938
O83544,K,0.2511891722679138, 0.22686047520902422
O83544,S,0.2294975221157074, 0.24400399294164446
O83544,S,0.24261823296546936, 0.24918179214000702
O83544,V,0.19790038466453552, 0.24330603745248583
O83544,A,0.20582261681556702, 0.2362776365545061
O83544,H,0.30268555879592896, 0.23996556798617044
O83544,D,0.27418941259384155, 0.24419071276982626
O83544,S,0.240566685795784, 0.25052794482972884
O83544,A,0.1820291429758072, 0.25928442345725167
O83544,N,0.28438055515289307, 0.2604124711619483
O83544,E,0.2675238251686096, 0.25364281237125397
O83544,E,0.2996533215045929, 0.2514011412858963
O83544,Q,0.2767086923122406, 0.2537773582670424
O83544,F,0.21597504615783691, 0.2556876689195633
O83544,Q,0.24175862967967987, 0.24779819614357418
O83544,G,0.25401437282562256, 0.23303220172723135
O83544,E,0.26195263862609863, 0.21830156445503235
O83544,K,0.19922193884849548, 0.2094728085729811
O83544,C,0.2133753001689911, 0.20983078082402548
O83544,A,0.13462987542152405, 0.20052124228742388
O83544,L,0.16707758605480194, 0.19834646417034996
O83544,G,0.1972498893737793, 0.18295402328173319
O83544,S,0.21919679641723633, 0.18054193920559353
O83544,M,0.1579727828502655, 0.17690643833743203
O83544,R,0.2344413697719574, 0.1666016032298406
O83544,G,0.12342067062854767, 0.16284527215692732
O83544,P,0.17751318216323853, 0.15044153398937649
O83544,A,0.18065579235553741, 0.131524920463562
O83544,L,0.041886359453201294, 0.12410554538170497
O83544,C,0.13327060639858246, 0.1148973595764902
O83544,A,0.08561624586582184, 0.11561923308504952
O83544,L,0.048947274684906006, 0.10282462504174975
O83544,L,0.0911984071135521, 0.09467584888140361
O83544,R,0.15156769752502441, 0.0985537353489134
O83544,R,0.12991753220558167, 0.0927851332558526
O83544,F,0.0623617097735405, 0.09855295055442387
O83544,A,0.10731680691242218, 0.10917885270383623
O83544,L,0.07678733766078949, 0.1058230743639999
O83544,Q,0.08135318756103516, 0.10072407581739956
O83544,E,0.13752660155296326, 0.10503081935975286
O83544,R,0.1445803940296173, 0.10423539620306757
O83544,V,0.0609964020550251, 0.11032348581486279
O83544,H,0.10567671060562134, 0.1170484179423915
O83544,R,0.16867822408676147, 0.1153356677128209
O83544,T,0.0552029013633728, 0.10469123265809482
O83544,R,0.1621096134185791, 0.10310569778084755
O83544,D,0.13731172680854797, 0.10994366142484877
O83544,A,0.06593843549489975, 0.10709889978170395
O83544,L,0.04172668606042862, 0.11072983096043269
O83544,E,0.13031058013439178, 0.12296765463219748
O83544,S,0.12253807485103607, 0.11140627952085601
O83544,T,0.08007385581731796, 0.10409320849511358
O83544,R,0.20135660469532013, 0.10269324854016304
O83544,H,0.16534331440925598, 0.09927831279734771
O83544,T,0.058057237416505814, 0.09279818605217668
O83544,Y,0.07149408757686615, 0.08118436982234319
O83544,R,0.05333879590034485, 0.07857253692216343
O83544,I,0.010992264375090599, 0.05783253846069177
O83544,A,0.07198943942785263, 0.047397011063165136
O83544,G,0.0180137287825346, 0.04926338605582714
O83544,W,0.05656735971570015, 0.06581723007063071
O83544,L,0.014696618542075157, 0.07750343593458335
O83544,P,0.07142356783151627, 0.07986898471911748
O83544,A,0.07485461235046387, 0.09776476522286733
O83544,H,0.22047868371009827, 0.11250586993992329
O83544,E,0.15851464867591858, 0.10884428107076222
O83544,A,0.03228220343589783, 0.11829526246421868
O83544,K,0.23305146396160126, 0.12629032072921595
O83544,D,0.1506836712360382, 0.12860786438816124
O83544,L,0.023613059893250465, 0.10597421187493536
O83544,V,0.09975545108318329, 0.10769890538520283
O83544,A,0.1433790922164917, 0.126276189668311
O83544,G,0.09571250528097153, 0.10960635335908996
O83544,L,0.016775811091065407, 0.0996033251285553
O83544,D,0.1740368902683258, 0.11756115882760948
O83544,N,0.19947776198387146, 0.12177674037714799
O83544,V,0.08302293717861176, 0.12599234676195514
O83544,T,0.06065641716122627, 0.12377317146294647
O83544,T,0.18523356318473816, 0.1285055283870962
O83544,G,0.13769568502902985, 0.11460292256540722
O83544,R,0.18131954967975616, 0.10923601438601811
O83544,M,0.07573992758989334, 0.10672827768656942
O83544,A,0.05936702340841293, 0.11315122495094936
O83544,V,0.048913437873125076, 0.11124439620309406
O83544,R,0.1511755883693695, 0.1069423250026173
O83544,L,0.06045330688357353, 0.1115588868657748
O83544,F,0.1184629425406456, 0.1214808573325475
O83544,E,0.16807210445404053, 0.12808353122737673
O83544,P,0.09897704422473907, 0.14403880511720976
O83544,Q,0.22286860644817352, 0.14469797785083452
O83544,E,0.16503766179084778, 0.15191451294554603
O83544,L,0.11879108846187592, 0.17152845197253758
O83544,S,0.19251090288162231, 0.17444599171479544
O83544,F,0.1571081429719925, 0.17639660090208054
O83544,I,0.12540212273597717, 0.17390362504455778
O83544,R,0.29498839378356934, 0.17334777530696657
O83544,D,0.19432996213436127, 0.18718271371391085
O83544,G,0.11653252691030502, 0.1735583022236824
O83544,S,0.20043182373046875, 0.17250368081861073
O83544,E,0.16003501415252686, 0.16422812143961588
O83544,H,0.2433055341243744, 0.14077845298581654
O83544,V,0.06989119946956635, 0.13055157330301073
O83544,P,0.14761655032634735, 0.13083796699841818
O83544,V,0.05092208832502365, 0.1280528340074751
O83544,C,0.08394137769937515, 0.11779453770981894
O83544,Y,0.10228804498910904, 0.10686494492822224
O83544,Q,0.11911007016897202, 0.10364580030242602
O83544,H,0.1753656268119812, 0.09048321325745848
O83544,G,0.06771034747362137, 0.10012681182059976
O83544,R,0.14493919909000397, 0.09555336646735668
O83544,F,0.040918897837400436, 0.08646280297802554
O83544,V,0.029153266921639442, 0.07958200842969948
O83544,R,0.1377144753932953, 0.07553551201191214
O83544,S,0.04278036952018738, 0.07009050974415408
O83544,Y,0.020472973585128784, 0.05624215408331818
O83544,E,0.0571829192340374, 0.06712028032375707
O83544,R,0.13894715905189514, 0.07347715273499489
O83544,M,0.018705327063798904, 0.0652169059548113
O83544,V,0.02030399814248085, 0.06727502908971575
O83544,S,0.1388220340013504, 0.07077788561582565
O83544,S,0.08636511862277985, 0.07058984289566676
O83544,Y,0.06337225437164307, 0.06109359777635998
O83544,G,0.061303477734327316, 0.06968225662906964
O83544,C,0.05199868232011795, 0.07204559610949622
O83544,P,0.055490534752607346, 0.06007020051280657
O83544,P,0.053480952978134155, 0.05174962803721428
O83544,Y,0.09600325673818588, 0.048910542080799736
O83544,G,0.04157405346632004, 0.04433745125101672
O83544,L,0.03104347363114357, 0.04066029873987039
O83544,V,0.011479966342449188, 0.03688097476131386
O83544,D,0.0378204807639122, 0.0321575922684537
O83544,P,0.020145660266280174, 0.0238828979846504
O83544,T,0.01890430971980095, 0.02037212500969569
O83544,P,0.021476618945598602, 0.018288023873335786
O83544,F,0.01097051054239273, 0.018466729049881298
O83544,V,0.021531008183956146, 0.01892936250401868
O83544,A,0.009977096691727638, 0.018752676124374073
O83544,F,0.012286563403904438, 0.01778835751530197
O83544,S,0.013088312931358814, 0.01721916813403368
O83544,Y,0.041984181851148605, 0.01800905716502004
O83544,A,0.01855548284947872, 0.016998704315887556
O83544,L,0.010225442238152027, 0.018123771167463727
O83544,L,0.016353914514183998, 0.023103135637938976
O83544,F,0.01807951182126999, 0.028388732216424413
O83544,G,0.012437832541763783, 0.0282162098834912
O83544,I,0.020102698355913162, 0.03437173325154516
O83544,M,0.057100843638181686, 0.035117734120123915
O83544,F,0.06065868213772774, 0.037324593816366464
O83544,G,0.04043148085474968, 0.041761298663914204
O83544,D,0.07395519316196442, 0.041862249167429075
O83544,L,0.016939450055360794, 0.04105679194132487
O83544,G,0.0362156517803669, 0.03759641986754206
O83544,Q,0.058009855449199677, 0.03468220680952072
O83544,G,0.013346387073397636, 0.03234636824991968
O83544,L,0.012853583320975304, 0.026445397900210485
O83544,L,0.025957494974136353, 0.026443895366456773
O83544,F,0.034430764615535736, 0.02593638665146298
O83544,F,0.0194089338183403, 0.022648663777444098
O83544,V,0.02084646001458168, 0.024255607277154922
O83544,L,0.016925927251577377, 0.025703379677401647
O83544,G,0.031648073345422745, 0.03455861575073666
O83544,L,0.028420349583029747, 0.03597696911957529
O83544,L,0.02780887857079506, 0.04447002667519781
O83544,L,0.02588353492319584, 0.05252614203426573
O83544,R,0.10565461963415146, 0.058956895023584366
O83544,T,0.04719594493508339, 0.07810746298895942
O83544,R,0.09584645181894302, 0.08339411786033048
O83544,R,0.09335149824619293, 0.08670679210788673
O83544,V,0.0748027041554451, 0.10319201855195893
O83544,R,0.20400318503379822, 0.11121614070402251
O83544,A,0.07600024342536926, 0.11273054778575897
O83544,L,0.05762294679880142, 0.1091296374797821
O83544,N,0.17425057291984558, 0.11396877467632294
O83544,R,0.1778717190027237, 0.11004940213428603
O83544,W,0.06082560867071152, 0.09494446756111251
O83544,A,0.06343825906515121, 0.09735046037369305
O83544,H,0.13690373301506042, 0.09434411985178788
O83544,L,0.03952835127711296, 0.07649848227285677
O83544,D,0.06805877387523651, 0.0596063674117128
O83544,Y,0.09765417873859406, 0.05623723432007763
O83544,V,0.030565882101655006, 0.05139630318929752
O83544,F,0.013639834709465504, 0.03841571126961046
O83544,L,0.025842685252428055, 0.0358565773607956
O83544,S,0.03050341084599495, 0.03058476901302735
O83544,V,0.019869878888130188, 0.021510905172261927
O83544,G,0.020078405737876892, 0.019477762178414397
O83544,F,0.016496146097779274, 0.019867541682389047
O83544,S,0.020612498745322227, 0.020348168909549713
O83544,S,0.015989404171705246, 0.020189418147007625
O83544,M,0.012267595157027245, 0.020883949059579108
O83544,V,0.01714785024523735, 0.021353039890527725
O83544,M,0.030168330296874046, 0.024080213366283312
O83544,G,0.02907465398311615, 0.030162581966982946
O83544,F,0.026120657101273537, 0.0415122008158101
O83544,L,0.02430022321641445, 0.04523297751115428
O83544,T,0.041040707379579544, 0.047022290320860013
O83544,G,0.07535381615161896, 0.05284173786640167
O83544,E,0.1181359738111496, 0.0647582279311286
O83544,F,0.04575458541512489, 0.07683989633288649
O83544,F,0.03325166553258896, 0.09135862853791979
O83544,A,0.08254335820674896, 0.099392828428083
O83544,H,0.13632306456565857, 0.09841212174958652
O83544,G,0.13485567271709442, 0.10061760288145807
O83544,T,0.15496881306171417, 0.11103226741154988
O83544,L,0.11334850639104843, 0.11270867619249555
O83544,L,0.06652745604515076, 0.11112717952993181
O83544,A,0.13798530399799347, 0.11579566200574239
O83544,P,0.13948656618595123, 0.10938900460799535
O83544,L,0.048339344561100006, 0.09668370791607434
O83544,I,0.06830988824367523, 0.09665709775355127
O83544,R,0.1783394068479538, 0.10829659344421493
O83544,S,0.07719575613737106, 0.103052516364389
O83544,V,0.04062114283442497, 0.09592954193552335
O83544,T,0.11310901492834091, 0.10928875166508886
O83544,A,0.17128291726112366, 0.12216238636109564
O83544,L,0.09078861027956009, 0.12663177111082607
O83544,C,0.07537979632616043, 0.13931575790047646
O83544,G,0.16857223212718964, 0.16883672194348442
O83544,G,0.1841726005077362, 0.18373396495978037
O83544,V,0.21856386959552765, 0.18255104621251425
O83544,P,0.19135163724422455, 0.1860948180158933
O83544,R,0.3063098192214966, 0.19310684336556327
O83544,D,0.24718420207500458, 0.19442634781201681
O83544,H,0.16063664853572845, 0.18740511768394047
O83544,I,0.12268255650997162, 0.17916348410977256
O83544,L,0.1384880244731903, 0.17473173472616407
O83544,H,0.1804477721452713, 0.16152730915281507
O83544,L,0.12098152935504913, 0.1554902179373635
O83544,M,0.14438916742801666, 0.1529024773173862
O83544,P,0.15146589279174805, 0.1562014768520991
O83544,S,0.1874699890613556, 0.15974419977929857
O83544,H,0.19285038113594055, 0.16071331832143995
O83544,G,0.13734698295593262, 0.16161273419857025
O83544,S,0.1523735523223877, 0.15317615701092613
O83544,L,0.17037253081798553, 0.14980816509988573
O83544,H,0.18916983902454376, 0.14052662998437881
O83544,T,0.1290762722492218, 0.12405174970626831
O83544,L,0.06845997273921967, 0.1135084798766507
O83544,M,0.12115396559238434, 0.10363367406858338
O83544,A,0.10393617302179337, 0.08972212216920322
O83544,F,0.044576458632946014, 0.07249484169814321
O83544,F,0.04245755448937416, 0.06060497752494282
O83544,G,0.0635003000497818, 0.058667627059751086
O83544,F,0.04516856372356415, 0.04884525719616148
O83544,T,0.03412431478500366, 0.04146460774872038
O83544,L,0.022067494690418243, 0.0410251592596372
O83544,F,0.05102381855249405, 0.03975470343397723
O83544,L,0.032752636820077896, 0.03588870933486356
O83544,G,0.037510327994823456, 0.03879052586853504
O83544,F,0.04062142223119736, 0.038781733355588384
O83544,V,0.031023452058434486, 0.0388511179222001
O83544,I,0.028706353157758713, 0.037411071774032384
O83544,N,0.07128491252660751, 0.03897293367319637
O83544,S,0.034045182168483734, 0.03684823711713155
O83544,L,0.022691955789923668, 0.03502226910657353
O83544,G,0.038063403218984604, 0.038486847653985023
O83544,L,0.04680939391255379, 0.03803147313495477
O83544,I,0.018388058990240097, 0.03312644590106276
O83544,I,0.024187710136175156, 0.03702327671150366
O83544,N,0.06220465898513794, 0.04560147805346383
O83544,I,0.024607982486486435, 0.049190201279189855
O83544,V,0.02713966742157936, 0.059869381288687386
O83544,N,0.06911665946245193, 0.06989055665002929
O83544,Q,0.09989576786756516, 0.0894279463423623
O83544,V,0.0703619122505188, 0.10615419182512495
O83544,R,0.14292201399803162, 0.11258147036035855
O83544,L,0.1085786372423172, 0.12052306284507115
O83544,R,0.20002421736717224, 0.13375160098075867
O83544,H,0.21274086833000183, 0.14158761584096485
O83544,A,0.08245348930358887, 0.14734578629334769
O83544,L,0.09861399978399277, 0.1425688515106837
O83544,Q,0.18817350268363953, 0.15393535958396065
O83544,Q,0.17041990160942078, 0.15448890460862053
O83544,C,0.12218544632196426, 0.1604422628879547
O83544,V,0.09992960095405579, 0.17296059429645538
O83544,Q,0.2108772099018097, 0.1850353537334336
O83544,K,0.20500612258911133, 0.17845603575309119
O83544,R,0.2663210928440094, 0.18498550272650188
O83544,E,0.1951184719800949, 0.1884633269574907
O83544,C,0.20728683471679688, 0.1947902093331019
O83544,A,0.12895964086055756, 0.18818328281243643
O83544,D,0.2291851043701172, 0.18349406785435146
O83544,S,0.15348586440086365, 0.17432501746548545
O83544,S,0.15687154233455658, 0.1675927374098036
O83544,F,0.1514148712158203, 0.17028119497829014
O83544,F,0.16280318796634674, 0.17348631057474348
O83544,G,0.1837996393442154, 0.16903603739208645
O83544,T,0.13452795147895813, 0.16851943731307983
O83544,W,0.23148295283317566, 0.17370600998401642
O83544,L,0.1578056812286377, 0.17543531126446194
O83544,P,0.18913264572620392, 0.16618800659974417
O83544,L,0.14883646368980408, 0.1671826872560713
O83544,Q,0.20355069637298584, 0.1739630185895496
O83544,C,0.16697858273983002, 0.16214652359485626
O83544,A,0.07957744598388672, 0.1567525722914272
O83544,Y,0.19275176525115967, 0.16484835164414513
O83544,H,0.19555093348026276, 0.1662217817372746
O83544,F,0.12513449788093567, 0.16256618913677004
O83544,L,0.10926011949777603, 0.16174989193677902
O83544,E,0.2619946599006653, 0.16863466882043415
O83544,F,0.16119733452796936, 0.16278911381959915
O83544,H,0.17065036296844482, 0.15496810856792662
O83544,S,0.1596319079399109, 0.16000057508548102
O83544,G,0.14154043793678284, 0.180977925658226
O83544,S,0.14014177024364471, 0.16257105022668839
O83544,L,0.12516188621520996, 0.1651181471016672
O83544,M,0.17042669653892517, 0.16988126850790447
O83544,R,0.2980562746524811, 0.16195220996936163
O83544,L,0.09633278101682663, 0.15930755684773126
O83544,Q,0.18412120640277863, 0.15355637669563293
O83544,W,0.21351845562458038, 0.1549417641427782
O83544,A,0.08827038109302521, 0.15565027793248495
O83544,C,0.11773855984210968, 0.13583800031079185
O83544,L,0.08838114887475967, 0.13985592044062084
O83544,S,0.1376303732395172, 0.133261576294899
O83544,W,0.176803320646286, 0.12248467985126707
O83544,V,0.11974577605724335, 0.13269535783264372
O83544,F,0.13249406218528748, 0.13422602166732153
O83544,F,0.12477210909128189, 0.13845227493180168
O83544,V,0.11652638763189316, 0.14133708675702414
O83544,K,0.18016648292541504, 0.14538589119911194
O83544,S,0.1315145343542099, 0.14493606487909952
O83544,F,0.12641742825508118, 0.15432877507474688
O83544,W,0.16359367966651917, 0.15496889336241615
O83544,S,0.2132425606250763, 0.17276977830462986
O83544,V,0.11569733917713165, 0.1673686405022939
O83544,C,0.2170284539461136, 0.17426475551393297
O83544,A,0.13053317368030548, 0.1740221530199051
O83544,S,0.2767343521118164, 0.1948283331261741
O83544,V,0.13155624270439148, 0.1843070255385505
O83544,C,0.1935795694589615, 0.18253188497490352
O83544,V,0.12423400580883026, 0.17192080865303674
O83544,R,0.35084930062294006, 0.18495389074087143
O83544,G,0.11855079233646393, 0.16568579938676622
O83544,F,0.09972107410430908, 0.16659037272135416
O83544,L,0.12152876704931259, 0.15560641388098398
O83544,K,0.24783091247081757, 0.15691210495101082
O83544,V,0.10332152992486954, 0.12488560295767254
O83544,L,0.13969740271568298, 0.11171329269806544
O83544,A,0.09472393989562988, 0.1006331733531422
O83544,C,0.13598522543907166, 0.0871299770143297
O83544,I,0.06261078268289566, 0.059593208962016635
O83547,M,0.07537557184696198, 0.04325746724175082
O83547,A,0.1514558047056198, 0.05015323042041726
O83547,V,0.05038170889019966, 0.052696347443593874
O83547,L,0.023160668089985847, 0.055084474177824125
O83547,S,0.08894345164299011, 0.06100538310905298
O83547,V,0.062061868607997894, 0.05612903067635165
O83547,M,0.022888053208589554, 0.04078994091186258
O83547,I,0.02149314060807228, 0.03857482886976666
O83547,L,0.05328818038105965, 0.037757163453433246
O83547,S,0.03148839995265007, 0.029361267781092062
O83547,L,0.0134039968252182, 0.02422354297919406
O83547,L,0.030445700511336327, 0.024898432091706328
O83547,V,0.015801679342985153, 0.023823905943168536
O83547,V,0.013380390591919422, 0.018860334530472755
O83547,V,0.01582234539091587, 0.01709682784146733
O83547,C,0.02896205522119999, 0.016779937884873815
O83547,L,0.011822405271232128, 0.015240137361817889
O83547,L,0.008616037666797638, 0.0152164190593693
O83547,V,0.01561683975160122, 0.015763986338343885
O83547,V,0.01055198721587658, 0.016219197979403868
O83547,T,0.016587495803833008, 0.01685010590073135
O83547,L,0.015588214620947838, 0.0224382806983259
O83547,V,0.018308496102690697, 0.027598607457346387
O83547,L,0.019919250160455704, 0.03522517759766844
O83547,L,0.034640226513147354, 0.0469244991739591
O83547,Q,0.062115978449583054, 0.05368560221460131
O83547,T,0.055058978497982025, 0.0635840522332324
O83547,E,0.08425597101449966, 0.07094117047058211
O83547,E,0.11584588140249252, 0.07416637821329965
O83547,G,0.07743742316961288, 0.07804138917062017
O83547,D,0.10467426478862762, 0.07917572723494636
O83547,G,0.0845225602388382, 0.08036262376440896
O83547,L,0.04894611984491348, 0.07656609598133299
O83547,G,0.06951532512903214, 0.07351715448829862
O83547,G,0.07232502102851868, 0.07423510236872567
O83547,M,0.06574104726314545, 0.07013663566774792
O83547,F,0.05008722096681595, 0.06528846960928705
O83547,S,0.08840540796518326, 0.07742737192246649
O83547,G,0.08389895409345627, 0.07843629063831435
O83547,G,0.06778806447982788, 0.07579284285505612
O83547,S,0.04088906571269035, 0.07504400693707997
O83547,R,0.15819624066352844, 0.07962981694274479
O83547,S,0.0785955935716629, 0.07820819814999898
O83547,A,0.04853399097919464, 0.08421782404184341
O83547,F,0.05900152400135994, 0.08399862382147047
O83547,G,0.09135951101779938, 0.090179317113426
O83547,S,0.07561083883047104, 0.08302583090133137
O83547,R,0.13798558712005615, 0.07887265293134584
O83547,S,0.0658152624964714, 0.07598927658465174
O83547,A,0.09651530534029007, 0.07903987748755349
O83547,S,0.09381486475467682, 0.0769751328561041
O83547,V,0.04121699184179306, 0.0707189246184296
O83547,L,0.022583603858947754, 0.059113590253723994
O83547,T,0.08645693212747574, 0.05695565210448371
O83547,K,0.07277680933475494, 0.04828372990919484
O83547,T,0.019304964691400528, 0.04023175107108222
O83547,S,0.03353757783770561, 0.039534797685013875
O83547,Y,0.04639381915330887, 0.04014362063672808
O83547,V,0.01846800558269024, 0.031998754685951605
O83547,M,0.021347055211663246, 0.025770618787242308
O83547,V,0.03494441136717796, 0.026193063395718735
O83547,G,0.028063010424375534, 0.024265452495051756
O83547,L,0.0131531385704875, 0.020857360524435837
O83547,F,0.01672358624637127, 0.022426168641282454
O83547,F,0.02310696616768837, 0.022826013155281544
O83547,G,0.016189079731702805, 0.02144289544473092
O83547,L,0.015720991417765617, 0.02160823376228412
O83547,T,0.03258727863430977, 0.027890931400987837
O83547,F,0.024945655837655067, 0.03422629274427891
O83547,F,0.022496351972222328, 0.038052978821926646
O83547,L,0.029551055282354355, 0.04730484696726004
O83547,A,0.06969741731882095, 0.06090815862019857
O83547,L,0.0737418383359909, 0.06806294495860736
O83547,L,0.05754714086651802, 0.07872911480565865
O83547,N,0.09945589303970337, 0.09597383853462008
O83547,R,0.13815079629421234, 0.10956010843316714
O83547,A,0.09698035567998886, 0.12007669318053457
O83547,P,0.12094118446111679, 0.12480286632974942
O83547,D,0.17769886553287506, 0.13118958307637107
O83547,D,0.15182748436927795, 0.13600434528456795
O83547,T,0.16434668004512787, 0.13920395572980246
O83547,G,0.11627739667892456, 0.14189594404564965
O83547,L,0.11502759158611298, 0.14269870188501146
O83547,Q,0.14278875291347504, 0.14452848666244084
O83547,K,0.16694729030132294, 0.15116105477015176
O83547,A,0.12120825052261353, 0.15694073339303335
O83547,A,0.12816600501537323, 0.16889077259434593
O83547,Q,0.19416692852973938, 0.17572951979107326
O83547,Q,0.21152059733867645, 0.18506688541836208
O83547,K,0.216363787651062, 0.18752274910608926
O83547,Q,0.22382774949073792, 0.19202987353006998
O83547,A,0.17657631635665894, 0.1960033161772622
O83547,E,0.2268250435590744, 0.20269193086359236
O83547,T,0.18905006349086761, 0.20280622939268747
O83547,A,0.16177237033843994, 0.2040934595796797
O83547,V,0.16392698884010315, 0.2063318888346354
O83547,E,0.2543644607067108, 0.21522007717026603
O83547,W,0.21254928410053253, 0.21502067148685455
O83547,W,0.227948859333992, 0.2220627698633406
O83547,K,0.24397361278533936, 0.2351619435681237
O83547,H,0.2565700113773346, 0.2482195794582367
O83547,P,0.22503039240837097, 0.2385515719652176
O83547,P,0.25242894887924194, 0.23014424078994328
O83547,K,0.27966493368148804, 0.22185995015833113
O83547,K,0.28144571185112, 0.20967589649889204
O83547,V,0.16735239326953888, 0.20326446990172067
O83547,L,0.13688330352306366, 0.20740687350432077
O83547,V,0.15339024364948273, 0.1923588514328003
O83547,L,0.13431712985038757, 0.17634627223014832
O83547,Q,0.19886717200279236, 0.16315391825305092
O83547,R,0.26231202483177185, 0.15769926375812954
O83547,L,0.11699675023555756, 0.1570824666155709
O83547,L,0.13555172085762024, 0.1583111517959171
O83547,S,0.16271452605724335, 0.16040412584940592
O83547,L,0.11826050281524658, 0.16027592619260153
O83547,L,0.131332129240036, 0.15268557601504856
O83547,V,0.16444841027259827, 0.1640533142619663
O83547,L,0.1531538963317871, 0.16778678198655447
O83547,P,0.19771337509155273, 0.16510459780693054
O83547,Q,0.19399887323379517, 0.17123001482751635
O83547,E,0.21930639445781708, 0.17246163884798685
O83547,F,0.16915293037891388, 0.1770845933092965
O83547,L,0.13857486844062805, 0.17920472058984968
O83547,G,0.1733892560005188, 0.1785590731435352
O83547,L,0.14241674542427063, 0.17197951840029824
O83547,W,0.20605500042438507, 0.1645884762207667
O83547,G,0.17223504185676575, 0.16149073011345333
O83547,S,0.1919025480747223, 0.1620782415072123
O83547,G,0.13478288054466248, 0.15813685456911722
O83547,S,0.1527870148420334, 0.14231277174419826
O83547,S,0.14127321541309357, 0.11941777169704437
O83547,V,0.14386247098445892, 0.1002805448240704
O83547,P,0.13791677355766296, 0.07895803948243459
O83569,M,0.09155552834272385, 0.05487767896718449
O83569,K,0.14610633254051208, 0.06069850093788571
O83569,K,0.11079931259155273, 0.06907415638367335
O83569,V,0.08417355269193649, 0.07327139087849194
O83569,G,0.06126438453793526, 0.08143912959429953
O83569,V,0.05238739773631096, 0.07365735951397154
O83569,R,0.07538089901208878, 0.06025261224971877
O83569,V,0.03777511045336723, 0.05027976776990625
O83569,R,0.07350964844226837, 0.043447921673456825
O83569,A,0.021519597619771957, 0.03990572442611059
O83569,C,0.025463607162237167, 0.03580518222103516
O83569,I,0.02104371227324009, 0.030585151269204087
O83569,L,0.02268693782389164, 0.02897966622064511
O83569,C,0.029384609311819077, 0.023255897168484
O83569,A,0.015482517890632153, 0.02373063202119536
O83569,L,0.028400620445609093, 0.02446917413423459
O83569,A,0.02332574501633644, 0.028581242077052593
O83569,A,0.021995726972818375, 0.031086720215777557
O83569,C,0.025792211294174194, 0.032301869760784835
O83569,A,0.032110486179590225, 0.038185769278142184
O83569,T,0.05805232375860214, 0.043403358923064336
O83569,G,0.045236241072416306, 0.05726978306969007
O83569,V,0.04032095521688461, 0.06856426927778456
O83569,L,0.0684376135468483, 0.07268775337272221
O83569,A,0.07535892724990845, 0.0777141505645381
O83569,N,0.14812356233596802, 0.08127446679605378
O83569,P,0.12364610284566879, 0.09157951424519221
O83569,F,0.06290356814861298, 0.1016155332326889
O83569,F,0.07734806090593338, 0.11255713055531184
O83569,G,0.0900951698422432, 0.11971270458565818
O83569,G,0.13798166811466217, 0.12537515742911232
O83569,A,0.13064512610435486, 0.12873138818475935
O83569,P,0.1669119894504547, 0.14622046715683407
O83569,A,0.1397590935230255, 0.16045359356535804
O83569,R,0.19908563792705536, 0.17071871956189474
O83569,P,0.153852179646492, 0.18166602982415092
O83569,R,0.22030527889728546, 0.17925472060839334
O83569,R,0.20544619858264923, 0.1755612873368793
O83569,Q,0.1824813038110733, 0.18521157569355434
O83569,R,0.23650746047496796, 0.17826634479893577
O83569,T,0.10894334316253662, 0.16912728465265697
O83569,P,0.1336710900068283, 0.16016463190317154
O83569,E,0.2266116887331009, 0.15854459255933762
O83569,L,0.13657855987548828, 0.15002493063608804
O83569,L,0.07160063832998276, 0.13182313243548074
O83569,L,0.1396414041519165, 0.12958392832014295
O83569,R,0.19086584448814392, 0.13027335041099125
O83569,R,0.10580434650182724, 0.11005148084627257
O83569,Y,0.07269127666950226, 0.10889482291208373
O83569,A,0.08879050612449646, 0.12033746515711148
O83569,L,0.1398758888244629, 0.12123527998725574
O83569,V,0.04461486265063286, 0.10375496455364758
O83569,H,0.1261686384677887, 0.10557346915205319
O83569,Q,0.17458441853523254, 0.11109352153208521
O83569,R,0.14772173762321472, 0.10601953955160247
O83569,L,0.03354300558567047, 0.09412611607048246
O83569,G,0.12217088788747787, 0.10096966847777367
O83569,A,0.12237174808979034, 0.10026210670669873
O83569,A,0.043124668300151825, 0.08654768185483085
O83569,I,0.03283507749438286, 0.08089984042776956
O83569,V,0.10620683431625366, 0.09369388967752457
O83569,Q,0.11980058252811432, 0.08984745293855667
O83569,W,0.051154594868421555, 0.08998146404822667
O83569,S,0.09689116477966309, 0.09451464811960857
O83569,K,0.14868944883346558, 0.09536923054191801
O83569,T,0.08755295723676682, 0.09411726064152187
O83569,H,0.12357784807682037, 0.08484707358810636
O83569,S,0.0839233249425888, 0.08394580541385545
O83569,T,0.04052631929516792, 0.07654846066402064
O83569,R,0.09493910521268845, 0.06357145744065444
O83569,A,0.036368899047374725, 0.05540166350288524
O83569,W,0.04304318130016327, 0.04270840963969628
O83569,W,0.030315062031149864, 0.03600886122634014
O83569,I,0.03189641982316971, 0.033215371891856194
O83569,T,0.014024811796844006, 0.02375677331454224
O83569,V,0.009338563308119774, 0.02098753313637442
O83569,M,0.0236273892223835, 0.01789557095617056
O83569,L,0.01538491528481245, 0.018864582913617294
O83569,S,0.00981171801686287, 0.01702090808086925
O83569,F,0.011445737443864346, 0.016486193674306076
O83569,A,0.015215521678328514, 0.016733520871235266
O83569,Y,0.03903616964817047, 0.020009378902614117
O83569,G,0.015303346328437328, 0.021377551472849317
O83569,V,0.009212382137775421, 0.021580789238214493
O83569,L,0.011564508080482483, 0.025807137394116983
O83569,H,0.05311011150479317, 0.02729518949571583
O83569,A,0.027698468416929245, 0.025270449101097055
O83569,L,0.01164085790514946, 0.03258954733610153
O83569,G,0.04948287084698677, 0.037995842181973986
O83569,P,0.028607990592718124, 0.04256874074538549
O83569,G,0.020813506096601486, 0.03878841197325124
O83569,H,0.08117523044347763, 0.036609103799694113
O83569,R,0.05786903575062752, 0.036820833674735494
O83569,K,0.05272059515118599, 0.032411655204163656
O83569,A,0.019087152555584908, 0.030898822471499443
O83569,A,0.008084694854915142, 0.03249811277621322
O83569,L,0.01354642678052187, 0.030455161093009844
O83569,F,0.009800264611840248, 0.027878853388958506
O83569,S,0.014992495998740196, 0.026582315357195005
O83569,F,0.0352071188390255, 0.03656176436278555
O83569,Y,0.06278866529464722, 0.045881254908939205
O83569,L,0.0346822664141655, 0.048169719262255564
O83569,G,0.041051752865314484, 0.05337584743069278
O83569,R,0.10890219360589981, 0.057094612883196935
O83569,N,0.091960109770298, 0.06147108516759343
O83569,A,0.03414260596036911, 0.06191943875617451
O83569,P,0.05665541812777519, 0.06039189899133311
O83569,V,0.04846138507127762, 0.05730152709616555
O83569,W,0.0745953693985939, 0.04743912650479211
O83569,E,0.06682384759187698, 0.039158903476264745
O83569,P,0.02093440853059292, 0.03638479175666968
O83569,A,0.01323840580880642, 0.031181169880761042
O83569,L,0.02014058828353882, 0.027799639229973156
O83569,T,0.017438102513551712, 0.022021080056826275
O83569,A,0.009175600484013557, 0.01703658451636632
O83569,A,0.009822821244597435, 0.015602929207185904
O83569,L,0.01802760921418667, 0.015236113530894121
O83569,L,0.02258833684027195, 0.017078882600698207
O83569,A,0.021963387727737427, 0.016590845667653613
O83569,A,0.00803151074796915, 0.01642461788530151
O83569,L,0.009937064722180367, 0.016884921273837488
O83569,H,0.03672550991177559, 0.01722716162395146
O83569,G,0.01304577011615038, 0.016011369673328266
O83569,A,0.007679550442844629, 0.014772343087113567
O83569,A,0.013965551741421223, 0.016561523338572845
O83569,S,0.02110777236521244, 0.019808677801241476
O83569,L,0.0116462092846632, 0.01916479779821303
O83569,L,0.010812148451805115, 0.019602706397159234
O83569,L,0.024134133011102676, 0.02300346777256992
O83569,L,0.039161454886198044, 0.03475455360280143
O83569,S,0.030930589884519577, 0.03842010452515549
O83569,A,0.016986947506666183, 0.04037377445234193
O83569,F,0.03828640282154083, 0.0453329264289803
O83569,R,0.11972532421350479, 0.05332215709818734
O83569,G,0.054097730666399, 0.055711968491474785
O83569,V,0.029229238629341125, 0.058864683326747685
O83569,S,0.055444516241550446, 0.06417473985089196
O83569,G,0.09603720903396606, 0.06854533900817235
O83569,A,0.060669757425785065, 0.0671643531984753
O83569,I,0.05930502340197563, 0.0696919738418526
O83569,G,0.06477745622396469, 0.0775064051979118
O83569,A,0.07762179523706436, 0.08710867456263965
O83569,H,0.10729645192623138, 0.08126789952317874
O83569,S,0.07684631645679474, 0.08581201276845402
O83569,A,0.09955912083387375, 0.09437042226394017
O83569,R,0.14186494052410126, 0.09475374884075588
O83569,T,0.04347023367881775, 0.08934498350653383
O83569,M,0.10156677663326263, 0.08627247996628284
O83569,W,0.136330708861351, 0.08186941655973594
O83569,Y,0.06822739541530609, 0.07249342629479037
O83569,M,0.028942907229065895, 0.05883182357582781
O83569,E,0.07964392006397247, 0.05949289331005679
O83569,V,0.03721874579787254, 0.04996683924562401
O83569,G,0.015175208449363708, 0.03658023869825734
O83569,S,0.018910516053438187, 0.03103588687049018
O83569,Y,0.049419861286878586, 0.029826657846570015
O83569,G,0.015832290053367615, 0.022581280623045232
O83569,L,0.015851303935050964, 0.022115649551981025
O83569,L,0.01832822896540165, 0.02206510150184234
O83569,T,0.01805984601378441, 0.020850518097480137
O83569,F,0.014435525052249432, 0.019713977972666424
O83569,L,0.03302806615829468, 0.021678863714138668
O83569,A,0.01472027599811554, 0.020954046812322404
O83569,L,0.007979265414178371, 0.02306241521404849
O83569,F,0.039191000163555145, 0.03243527913259135
O83569,S,0.03351626172661781, 0.03684433001197047
O83569,L,0.009327951818704605, 0.03522183156261841
O83569,V,0.03730354458093643, 0.04269324067152209
O83569,H,0.10241562128067017, 0.05423639631933636
O83569,E,0.05411698296666145, 0.05336618713206715
O83569,L,0.018425580114126205, 0.0553382933139801
O83569,M,0.0819629579782486, 0.06662282306287023
O83569,H,0.11186766624450684, 0.0764817020131482
O83569,L,0.03135911747813225, 0.07376581306258838
O83569,F,0.05126521736383438, 0.07960273987717098
O83569,P,0.11088871955871582, 0.09461858578854138
O83569,S,0.1260334551334381, 0.09987813772426711
O83569,G,0.07797262072563171, 0.1004036164118184
O83569,G,0.10664932429790497, 0.10844971073998345
O83569,R,0.15356819331645966, 0.11076347281535466
O83569,Y,0.12929892539978027, 0.10538218584325579
O83569,F,0.11659697443246841, 0.09962494340207842
O83569,S,0.10377396643161774, 0.10306344429651897
O83569,C,0.07208907604217529, 0.09936851180262035
O83569,G,0.0624571368098259, 0.09430188188950221
O83569,C,0.0742182731628418, 0.09003109733263652
O83569,S,0.10891912877559662, 0.08734611587391959
O83569,A,0.07339493185281754, 0.08761685424380833
O83569,H,0.1079685240983963, 0.09119319253497654
O83569,T,0.09086186438798904, 0.09414183100064595
O83569,A,0.09243214130401611, 0.10641779998938243
O83569,V,0.1062106117606163, 0.10727033846908146
O83569,C,0.10427612066268921, 0.10970263928174973
O83569,M,0.08899488300085068, 0.1100064069032669
O83569,R,0.18470199406147003, 0.1126190432243877
O83569,T,0.11659197509288788, 0.10963995506366093
O83569,G,0.09528563916683197, 0.10952930235200459
O83569,T,0.11070243269205093, 0.10520641009012859
O83569,V,0.11437559127807617, 0.10269113216135237
O83569,A,0.06562034785747528, 0.08675734905733003
O83569,H,0.10521473735570908, 0.07724219891760084
O83569,M,0.0653700903058052, 0.06975382338795397
O83569,Q,0.06635738164186478, 0.05951187159452173
O83569,W,0.041297946125268936, 0.047784174895948835
O83569,G,0.03095562383532524, 0.042314213804072805
O83569,T,0.02789025940001011, 0.0337512975351678
O83569,M,0.018524866551160812, 0.027937024728291564
O83569,L,0.008826320990920067, 0.02169839882602294
O83569,L,0.01639069803059101, 0.0209932050978144
O83569,S,0.02814849093556404, 0.020157992736332946
O83569,G,0.013041635043919086, 0.019451441967652902
O83569,L,0.010209748521447182, 0.020652738192843065
O83569,F,0.03495120257139206, 0.02215677986128463
O83569,I,0.02343871258199215, 0.02284208219498396
O83569,C,0.021531302481889725, 0.022533454932272434
O83569,P,0.029336532577872276, 0.023566242307424545
O83569,A,0.02236269600689411, 0.024277063500550058
O83569,A,0.022558419033885002, 0.02183177022056447
O83569,L,0.025370845571160316, 0.021626718445784517
O83569,F,0.022336721420288086, 0.02206037286669016
O83569,V,0.016607139259576797, 0.0202806754451659
O83569,M,0.012943563051521778, 0.02335996087640524
O83569,I,0.02159324660897255, 0.029247087012562487
O83569,L,0.025434192270040512, 0.030871993862092495
O83569,V,0.013319255784153938, 0.03685023873630497
O83569,L,0.05007626488804817, 0.03860705625265837
O83569,S,0.07554255425930023, 0.047901203855872154
O83569,L,0.03999500721693039, 0.0526139291210307
O83569,D,0.07614092528820038, 0.056617471699913345
O83569,A,0.032418496906757355, 0.0569858035693566
O83569,V,0.09659089148044586, 0.053385642253690295
O83569,G,0.06400777399539948, 0.04660604438847966
O83569,L,0.06146607547998428, 0.04439122084942129
O83569,G,0.016634242609143257, 0.03807643200788233
O83569,V,0.01767481304705143, 0.03556652812080251
O83569,A,0.01452617347240448, 0.026160209646655455
O83569,A,0.020061595365405083, 0.0234631665257944
O83569,V,0.019307825714349747, 0.01966492635094457
O83569,L,0.00982936192303896, 0.018840217548939917
O83569,S,0.011934025213122368, 0.01813085635917054
O83569,I,0.039734385907649994, 0.02161658400048812
O83569,S,0.02728191390633583, 0.020658016204833984
O83569,A,0.00921186339110136, 0.019474983008371458
O83569,G,0.011290562339127064, 0.0205358209916287
O83569,L,0.045897722244262695, 0.02107554663800531
O83569,A,0.011434485204517841, 0.01774779386404488
O83569,L,0.00866052694618702, 0.01601495138472981
O83569,P,0.019376903772354126, 0.016538817435503006
O83569,L,0.016791556030511856, 0.017209412426584296
O83569,M,0.009784610942006111, 0.014440647533370389
O83569,A,0.01168633159250021, 0.014743817142314382
O83569,V,0.013926657848060131, 0.015176552658279737
O83569,G,0.01732591725885868, 0.01899958008693324
O83569,Y,0.020978838205337524, 0.021811052535971005
O83569,L,0.014163011685013771, 0.02308984390563435
O83569,A,0.012555146589875221, 0.030299230271743402
O83569,W,0.05378415063023567, 0.035738630634215146
O83569,A,0.04209480807185173, 0.040584232244226665
O83569,S,0.02129373326897621, 0.040618541546993785
O83569,R,0.07657080888748169, 0.04520444737540351
O83569,A,0.06288126111030579, 0.05700336955487728
O83569,G,0.0609363317489624, 0.06377023479176892
O83569,I,0.021287621930241585, 0.06493748910725117
O83569,F,0.055436164140701294, 0.07951816564632787
O83569,Y,0.11874544620513916, 0.08643793542351988
O83569,R,0.11468593776226044, 0.09383741828302543
O83569,M,0.05260009691119194, 0.10112254300879107
O83569,Q,0.1525198221206665, 0.11721335641211933
O83569,K,0.13884873688220978, 0.12004473681251208
O83569,N,0.1294766068458557, 0.11317237176828915
O83569,T,0.12650245428085327, 0.11533937479058902
O83569,R,0.16610494256019592, 0.11411304192410575
O83569,H,0.08091858774423599, 0.09934519769416915
O83569,A,0.05689416080713272, 0.09237087476584646
O83569,Q,0.1341889649629593, 0.08580494133962525
O83569,A,0.04156310111284256, 0.07347217626455757
O83569,V,0.019609224051237106, 0.056661749465598
O83569,L,0.0760798305273056, 0.05271774033705393
O83569,S,0.07038320600986481, 0.0475455651887589
O83569,V,0.01550756860524416, 0.03398903366178274
O83569,V,0.014811101369559765, 0.03133790267424451
O83569,S,0.0454225055873394, 0.034056518951223955
O83569,I,0.010344584472477436, 0.02691067951834864
O83569,T,0.012180181220173836, 0.021042982012861304
O83569,S,0.017702922224998474, 0.021473359523548022
O83569,Y,0.044076770544052124, 0.021289537143376138
O83569,G,0.011767275631427765, 0.018684089597728517
O83569,I,0.017573928460478783, 0.020690442269874945
O83569,M,0.0193809662014246, 0.021815217514004972
O83569,L,0.013156699948012829, 0.021500129356152482
O83569,I,0.02197347767651081, 0.022591505717072222
O83569,V,0.028401758521795273, 0.024705355883472495
O83569,C,0.022303158417344093, 0.02465790644701984
O83569,T,0.014867128804326057, 0.027820577120615378
O83569,S,0.05389915779232979, 0.03374884153405825
O83569,A,0.030791927129030228, 0.036892927148275904
O83569,L,0.0171468835324049, 0.0412200517538521
O83569,V,0.04784500226378441, 0.0470347942577468
O83569,A,0.06651107966899872, 0.04538289105726613
O83569,S,0.05027024820446968, 0.039394095747007266
O83569,L,0.06734587997198105, 0.03597277051044835
O83569,G,0.07463584095239639, 0.03406756122907003
O83609,M,0.04859789460897446, 0.03325437899265024
O83609,I,0.07734367251396179, 0.03676128449539343
O83609,K,0.10982924699783325, 0.0394954350259569
O83609,I,0.03990834951400757, 0.0412653349339962
O83609,I,0.023610247299075127, 0.043104062891668744
O83609,I,0.03156214952468872, 0.03933638075573577
O83609,G,0.024607354775071144, 0.032919582082993455
O83609,V,0.015929099172353745, 0.02294843488683303
O83609,V,0.016548551619052887, 0.019933587561051052
O83609,V,0.014688755385577679, 0.01917611848976877
O83609,L,0.019592484459280968, 0.018043322695626154
O83609,G,0.02008892223238945, 0.01675128967811664
O83609,I,0.012774723581969738, 0.01709807508935531
O83609,V,0.0167930256575346, 0.0250135926115844
O83609,V,0.021366987377405167, 0.030439074461658795
O83609,L,0.012979057617485523, 0.03006890043616295
O83609,F,0.019050167873501778, 0.02957186620268557
O83609,H,0.08778820931911469, 0.032950905358625784
O83609,E,0.06351809203624725, 0.03361423220485449
O83609,L,0.016260918229818344, 0.03346155242373546
O83609,G,0.015615614131093025, 0.03321688498059908
O83609,H,0.04318607598543167, 0.032057780772447586
O83609,F,0.02276296727359295, 0.027193295458952587
O83609,V,0.019992869347333908, 0.025556420700417623
O83609,A,0.010777050629258156, 0.026773918833997514
O83609,A,0.008618230000138283, 0.03447935047248999
O83609,L,0.04400784149765968, 0.03132933574832148
O83609,W,0.0487862192094326, 0.04203434671378798
O83609,C,0.027218401432037354, 0.041545687036381826
O83609,R,0.08496449887752533, 0.046769979720314346
O83609,V,0.014835943467915058, 0.05138859194185999
O83609,E,0.11910806596279144, 0.04849929672976335
O83609,V,0.01559493225067854, 0.04830599969459905
O83609,L,0.0577956847846508, 0.04664327990677622
O83609,S,0.05018573999404907, 0.042771287676360875
O83609,F,0.01800418458878994, 0.046887452300224036
O83609,S,0.04704654589295387, 0.048781221008135214
O83609,V,0.01225392334163189, 0.062217875901195735
O83609,G,0.05011656880378723, 0.06749282446172503
O83609,M,0.05188142508268356, 0.06306159227258629
O83609,G,0.136151984333992, 0.06378172068960136
O83609,P,0.13652482628822327, 0.07092787180509832
O83609,V,0.10527022182941437, 0.07676178258326319
O83609,L,0.010304650291800499, 0.08391069248318672
O83609,F,0.02448534034192562, 0.08208028185698721
O83609,R,0.11136190593242645, 0.07469593112667401
O83609,K,0.06475912034511566, 0.07485622126195166
O83609,K,0.11445675790309906, 0.06832574680447578
O83609,F,0.03540772944688797, 0.0751527396755086
O83609,G,0.06969282776117325, 0.07573875909050305
O83609,K,0.13796743750572205, 0.07855454377002186
O83609,T,0.0464959517121315, 0.07282477306822936
O83609,E,0.07174758613109589, 0.06709008436236116
O83609,Y,0.029759515076875687, 0.06632925632099311
O83609,R,0.1367039680480957, 0.06243602828019195
O83609,L,0.013191184028983116, 0.05253164159754912
O83609,S,0.06284455955028534, 0.04914343791703383
O83609,M,0.028560277074575424, 0.04829151535199748
O83609,L,0.03465377539396286, 0.049891277940736875
O83609,P,0.04882795736193657, 0.039929355391197734
O83609,L,0.016002118587493896, 0.040162277614904776
O83609,G,0.06408028304576874, 0.042016127767662205
O83609,G,0.04415737837553024, 0.04289404830584923
O83609,Y,0.04704666510224342, 0.052404347703688674
O83609,C,0.015287484042346478, 0.05304320353186793
O83609,G,0.07952921092510223, 0.06519992515030834
O83609,M,0.03646156191825867, 0.07142707984894514
O83609,K,0.12024646997451782, 0.07276368751708004
O83609,G,0.05457765981554985, 0.07724534047560559
O83609,E,0.12541261315345764, 0.08864909037947655
O83609,Q,0.12012467533349991, 0.09005751584966977
O83609,A,0.056186847388744354, 0.0930813497139348
O83609,F,0.08738154172897339, 0.0954685654077265
O83609,Q,0.11792123317718506, 0.11029090152846442
O83609,T,0.09220504015684128, 0.11718431777424282
O83609,A,0.06367606669664383, 0.12211911131938298
O83609,L,0.1417314112186432, 0.13323824769920772
O83609,D,0.18797868490219116, 0.14218945801258087
O83609,Q,0.18745335936546326, 0.1543055855565601
O83609,K,0.16453781723976135, 0.15793146524164411
O83609,L,0.15625907480716705, 0.16618256022532782
O83609,S,0.16794243454933167, 0.16450008336040708
O83609,R,0.22696638107299805, 0.15886610663599438
O83609,I,0.1248379573225975, 0.15594913479354647
O83609,P,0.13793592154979706, 0.15345192038350636
O83609,V,0.1265891194343567, 0.14496302521891063
O83609,E,0.1372728943824768, 0.13769505504104826
O83609,P,0.161200612783432, 0.12880228045913908
O83609,G,0.14206288754940033, 0.12185749659935634
O83609,S,0.07985901832580566, 0.1167758380373319
O83609,L,0.10253070294857025, 0.1115175046854549
O83609,Y,0.14693140983581543, 0.10391866829660204
O83609,A,0.062334902584552765, 0.08992503955960274
O83609,V,0.09220099449157715, 0.08282668350471391
O83609,G,0.07926411926746368, 0.0793100247780482
O83609,P,0.06888336688280106, 0.06893486643417014
O83609,L,0.03525795415043831, 0.05427581237422095
O83609,K,0.07817768305540085, 0.04881951647500197
O83609,R,0.048209089785814285, 0.040897531848814755
O83609,M,0.009154277853667736, 0.03296702841503753
O83609,G,0.014999923296272755, 0.026038403053664498
O83609,I,0.013228239491581917, 0.02693948330771592
O83609,A,0.02090313285589218, 0.021452624919927783
O83609,F,0.007889588363468647, 0.016764360273049936
O83609,A,0.006525738630443811, 0.01677114361276229
O83609,G,0.04336767643690109, 0.018342869356274605
O83609,P,0.028795957565307617, 0.017625193370299205
O83609,L,0.006014707963913679, 0.015827057262261707
O83609,A,0.00921532791107893, 0.016527513973414898
O83609,N,0.029145454987883568, 0.01684440698267685
O83609,V,0.006769155617803335, 0.012837238609790802
O83609,L,0.004719907883554697, 0.011017316124505468
O83609,M,0.014193698763847351, 0.011454520281404257
O83609,A,0.009377775713801384, 0.012620886839512322
O83609,V,0.007303161080926657, 0.010563586269401841
O83609,M,0.012416655197739601, 0.011916091665625572
O83609,V,0.009949545376002789, 0.015207532327622175
O83609,L,0.019712626934051514, 0.018424508834464684
O83609,A,0.010629749856889248, 0.020656277063406177
O83609,L,0.01894170418381691, 0.026467761645714443
O83609,V,0.034342873841524124, 0.03474100451502535
O83609,S,0.043146487325429916, 0.04985697474330664
O83609,A,0.029463689774274826, 0.07240672978676027
O83609,L,0.05960652232170105, 0.09438146319654253
O83609,G,0.08687584102153778, 0.11768697491950458
O83609,S,0.14599327743053436, 0.13385525428586537
O83609,R,0.22266042232513428, 0.15384784465034804
O83609,V,0.2084023505449295, 0.17130596107906765
O83609,H,0.22869130969047546, 0.1877280142572191
O83609,T,0.17985738813877106, 0.20638221667872536
O83609,F,0.22307980060577393, 0.20335325847069421
O83609,G,0.18658673763275146, 0.1915442653828197
O83609,N,0.2074050009250641, 0.18322463747527865
O83609,R,0.254763662815094, 0.16513209955559838
O83609,I,0.11873265355825424, 0.15702258795499802
O83609,S,0.11637948453426361, 0.13752208608720037
O83609,P,0.13352569937705994, 0.13145926222205162
O83609,V,0.06585846841335297, 0.12362264717618625
O83609,Y,0.10687178373336792, 0.10154868082867728
O83609,V,0.04757528379559517, 0.100345179438591
O83609,Y,0.13202132284641266, 0.11327280104160309
O83609,D,0.1368754655122757, 0.12388155195448133
O83609,S,0.05609796568751335, 0.12478490836090511
O83609,S,0.10790114104747772, 0.12070159779654609
O83609,D,0.23272807896137238, 0.11675828798777527
O83609,N,0.22900445759296417, 0.1242403547383017
O83609,S,0.07398867607116699, 0.1295201705975665
O83609,P,0.07012198865413666, 0.13219347161551318
O83609,A,0.01208549551665783, 0.12751993764605787
O83609,R,0.1993599236011505, 0.10349815193977621
O83609,R,0.18439380824565887, 0.10068518523540762
O83609,V,0.08015767484903336, 0.1166281561470694
O83609,G,0.06583933532238007, 0.12084715337389046
O83609,L,0.016532007604837418, 0.12389628175232145
O83609,Q,0.20368775725364685, 0.11162274248070186
O83609,D,0.21747541427612305, 0.0931790911902984
O83609,G,0.10809296369552612, 0.09669757820665836
O83609,D,0.03952765092253685, 0.10537573633094628
O83609,T,0.08889807015657425, 0.10509978876345688
O83609,I,0.018400946632027626, 0.08881739589075248
O83609,L,0.11182405799627304, 0.08389640992714299
O83609,R,0.14394275844097137, 0.09036813986798127
O83609,I,0.014048479497432709, 0.10161669241885345
O83609,G,0.05714622139930725, 0.09721670113503933
O83609,D,0.1731865406036377, 0.11999945963422458
O83609,Q,0.16633853316307068, 0.12717626699142986
O83609,P,0.14076462388038635, 0.1265704304807716
O83609,I,0.04929814860224724, 0.13750486034486029
O83609,R,0.22344577312469482, 0.14641496994429165
O83609,Y,0.1764153242111206, 0.13186110597517756
O83609,F,0.138490229845047, 0.1249571910334958
O83609,S,0.11245834827423096, 0.1254194714128971
O83609,D,0.13733720779418945, 0.12739400979545382
O83609,I,0.04220176488161087, 0.10516190570261744
O83609,Q,0.10420329868793488, 0.09214146186908086
O83609,K,0.14492514729499817, 0.08698294560114543
O83609,I,0.06706899404525757, 0.08516635994116466
O83609,V,0.023356836289167404, 0.076817959960964
O83609,S,0.05923132970929146, 0.08966224350863033
O83609,Q,0.09206358343362808, 0.10171182577808698
O83609,H,0.09610907733440399, 0.09693910802404086
O83609,A,0.0622016079723835, 0.09370512639482816
O83609,Q,0.1578003168106079, 0.10308127270804511
O83609,R,0.21264953911304474, 0.09809115767065021
O83609,A,0.10197068750858307, 0.09711276149998109
O83609,L,0.03796315938234329, 0.08994549254162444
O83609,P,0.10774215310811996, 0.10676343107803
O83609,F,0.014320294372737408, 0.10753036569803953
O83609,V,0.0832580178976059, 0.10866135886559884
O83609,I,0.03160365670919418, 0.11332008604788119
O83609,E,0.21356305480003357, 0.13732139548907676
O83609,R,0.16470272839069366, 0.15525215232951772
O83609,R,0.2228284776210785, 0.1751999201046096
O83609,G,0.14389923214912415, 0.19246148318052292
O83609,Q,0.25397494435310364, 0.19982836809423235
O83609,L,0.2691189646720886, 0.1872637296716372
O83609,M,0.19385020434856415, 0.17268047523167399
O83609,H,0.2386120855808258, 0.16272958906160462
O83609,V,0.09790562093257904, 0.15328483656048775
O83609,T,0.1004813089966774, 0.14396251117189726
O83609,I,0.03345343843102455, 0.13958833656377262
O83609,T,0.1332705020904541, 0.13183256859580675
O83609,P,0.05889645963907242, 0.125825099233124
O83609,D,0.17007401585578918, 0.1444146471718947
O83609,R,0.22975139319896698, 0.1617772045234839
O83609,D,0.12404829263687134, 0.1793611173828443
O83609,A,0.1845448613166809, 0.18395447151528466
O83609,H,0.2652115523815155, 0.18412894465857083
O83609,T,0.2567443251609802, 0.18863900295562214
O83609,G,0.19170865416526794, 0.166949683179458
O83609,M,0.1746106892824173, 0.16373032621211475
O83609,G,0.060466717928647995, 0.14497539463142553
O83609,R,0.2106645405292511, 0.13500412698421213
O83609,V,0.03454751521348953, 0.11507608969178465
O83609,G,0.09507407993078232, 0.1129140802141693
O83609,I,0.015750477090477943, 0.10283089822365178
O83609,Y,0.17547014355659485, 0.10500920998553435
O83609,H,0.07739198952913284, 0.08520209644403723
O83609,Y,0.17225056886672974, 0.08867494865424103
O83609,V,0.0838620513677597, 0.07952085240847534
O83609,P,0.08007152378559113, 0.08231083220905727
O83609,L,0.03240051865577698, 0.0723178999291526
O83609,V,0.06580318510532379, 0.06669301705227958
O83609,V,0.012687213718891144, 0.06031234893533918
O83609,A,0.04086029529571533, 0.07038093441062504
O83609,A,0.0855337530374527, 0.08892620437675053
O83609,V,0.026768043637275696, 0.0918214942018191
O83609,D,0.1148245558142662, 0.09441548006402121
O83609,A,0.17447932064533234, 0.09426349204861456
O83609,H,0.24697895348072052, 0.10453349155270392
O83609,G,0.058458127081394196, 0.11436488531115982
O83609,A,0.08914905786514282, 0.11695051741682821
O83609,A,0.01131932158023119, 0.11107547508759631
O83609,S,0.13329029083251953, 0.0929636424407363
O83609,R,0.1740162968635559, 0.0857457219519549
O83609,A,0.05003873258829117, 0.0947055443086558
O83609,G,0.06194917485117912, 0.10642467842747767
O83609,L,0.011472826823592186, 0.10862655710015032
O83609,E,0.18201766908168793, 0.10280119565625985
O83609,P,0.13909652829170227, 0.08501265498085155
O83609,E,0.1946212649345398, 0.08725034000558986
O83609,D,0.031136229634284973, 0.08454492615742816
O83609,K,0.08086203783750534, 0.08411148542331325
O83609,I,0.013919430784881115, 0.06950813511179553
O83609,L,0.07017789781093597, 0.06658700998458597
O83609,A,0.037600450217723846, 0.06956112943589687
O83609,V,0.00757186021655798, 0.09074425097141
O83609,A,0.05058751627802849, 0.08741821783284347
O83609,G,0.11280640214681625, 0.10725561850186852
O83609,R,0.2213883399963379, 0.11493547995471293
O83609,R,0.2217843234539032, 0.12241379078477621
O83609,V,0.05092773959040642, 0.13544135292371115
O83609,Q,0.19245603680610657, 0.1469673535062207
O83609,H,0.13929665088653564, 0.13793092924687597
O83609,A,0.10490524768829346, 0.1261002922223674
O83609,V,0.12481991946697235, 0.1139324228796694
O83609,Q,0.15432152152061462, 0.1153591920932134
O83609,L,0.03147858381271362, 0.0977030669649442
O83609,L,0.11491260677576065, 0.10398548261986838
O83609,A,0.11227349936962128, 0.11652088744772805
O83609,L,0.0637686625123024, 0.11560728897651036
O83609,L,0.03355091065168381, 0.12449134141206741
O83609,K,0.19583839178085327, 0.1490523624751303
O83609,E,0.21772389113903046, 0.16406268543667263
O83609,F,0.11659753322601318, 0.16950787934992048
O83609,R,0.23427799344062805, 0.1668692860338423
O83609,K,0.25252777338027954, 0.17608417570590973
O83609,K,0.2500055134296417, 0.1557929484794537
O83609,S,0.16128024458885193, 0.14246388297114107
O83609,V,0.040021322667598724, 0.13220042466289467
O83609,V,0.11648491770029068, 0.12344176549878386
O83609,L,0.013217346742749214, 0.11256327376597458
O83609,T,0.09776230156421661, 0.10830661137070921
O83609,V,0.024226408451795578, 0.11007845215499401
O83609,L,0.15545006096363068, 0.1388930038859447
O83609,R,0.15462134778499603, 0.15905557883282503
O83609,S,0.21169555187225342, 0.176539091186391
O83609,G,0.17722681164741516, 0.18807848087615436
O83609,K,0.2993522882461548, 0.1959560066461563
O83609,R,0.29794809222221375, 0.19869813488589394
O83609,R,0.17056895792484283, 0.18557906192209986
O83609,Y,0.2016168087720871, 0.1778617919319206
O83609,H,0.09512414038181305, 0.1641096824573146
O83609,T,0.18012921512126923, 0.1484237847228845
O83609,I,0.03654969111084938, 0.1409444779985481
O83609,A,0.14224012196063995, 0.13925017457869318
O83609,L,0.053457826375961304, 0.14585578814148903
O83609,V,0.15817920863628387, 0.15823929053213862
O83609,R,0.23063433170318604, 0.15685885689324802
O83609,T,0.15532022714614868, 0.16863896780543858
O83609,E,0.26106733083724976, 0.16346580617957646
O83609,N,0.2065756618976593, 0.1721498949660195
O83609,G,0.16770531237125397, 0.1583046391606331
O83609,A,0.14257068932056427, 0.14655448413557476
O83609,I,0.09568166732788086, 0.13280247814125484
O83609,D,0.13161462545394897, 0.125386580824852
O83609,V,0.03357190638780594, 0.11730541951126522
O83609,G,0.12488293647766113, 0.11745757195684645
O83609,I,0.03155217319726944, 0.11392048994700114
O83609,E,0.19432425498962402, 0.12448931237061818
O83609,W,0.13384521007537842, 0.12689131498336792
O83609,K,0.16907468438148499, 0.13853606167766783
O83609,A,0.11073695123195648, 0.14745799286497963
O83609,H,0.19080106914043427, 0.1598076969385147
O83609,T,0.1532326489686966, 0.15643136865562862
O83609,V,0.13837462663650513, 0.15740894774595895
O83609,V,0.2051803171634674, 0.15756899449560377
O83609,I,0.14269950985908508, 0.15437956154346466
O83609,P,0.1639373004436493, 0.1380686561266581
O83609,G,0.14264342188835144, 0.1267487071454525
O83609,T,0.17051510512828827, 0.12090448165933292
O83609,S,0.08203205466270447, 0.10224379930231306
O83609,F,0.044002920389175415, 0.08808329018453757
O83609,F,0.05135310813784599, 0.07853136439290312
O83609,A,0.08577659726142883, 0.07067547717856036
O83609,S,0.03723417595028877, 0.05336886178702116
O83609,V,0.015254927799105644, 0.04597992977748314
O83609,R,0.07796996831893921, 0.04786176182743576
O83609,A,0.07194043695926666, 0.05293807128651275
O83609,G,0.014755566604435444, 0.045520724832183786
O83609,I,0.015531666576862335, 0.04597656584034363
O83609,A,0.06093940883874893, 0.06273338540146749
O83609,E,0.09703989326953888, 0.059878065871695675
O83609,T,0.019020479172468185, 0.05422225563476483
O83609,L,0.04133674502372742, 0.05906131739417712
O83609,R,0.16606630384922028, 0.06965479710035855
O83609,M,0.052272092550992966, 0.06616778609653313
O83609,C,0.021038144826889038, 0.057318371824092336
O83609,V,0.05830712243914604, 0.06771667984624703
O83609,L,0.11087298393249512, 0.06794950221147802
O83609,T,0.029556309804320335, 0.05086220200690958
O83609,V,0.01739516481757164, 0.049045812545551196
O83609,K,0.1126052513718605, 0.060148103162646294
O83609,G,0.043432146310806274, 0.05752055781582991
O83609,I,0.012280602008104324, 0.04935013192395369
O83609,G,0.03592458739876747, 0.0642052727440993
O83609,M,0.12095876038074493, 0.07350595212645
O83609,L,0.034659214317798615, 0.07642149428526561
O83609,F,0.03733915090560913, 0.08447343856096268
O83609,R,0.1632525771856308, 0.09326680873831113
O83609,G,0.10110127925872803, 0.11155438423156738
O83609,L,0.13884513080120087, 0.11292972995175256
O83609,Q,0.11589964479207993, 0.11565250820583767
O83609,F,0.09142093360424042, 0.11477950049771203
O83609,Q,0.20051276683807373, 0.10924110727177726
O83609,Q,0.1333368718624115, 0.10555025272899204
O83609,A,0.05916421860456467, 0.09808318813641866
O83609,I,0.029482081532478333, 0.08866678799192111
O83609,S,0.11340703815221786, 0.09522889513108465
O83609,G,0.06788358837366104, 0.07661634683609009
O83609,P,0.07164154946804047, 0.06479067727923393
O83609,L,0.031152043491601944, 0.0702316268450684
O83609,R,0.15047989785671234, 0.07442792463633749
O83609,I,0.032999832183122635, 0.06385001043478648
O83609,T,0.0269058458507061, 0.05902466053764025
O83609,H,0.10813276469707489, 0.06141588961084684
O83609,V,0.06724876165390015, 0.062228543476925954
O83609,I,0.018205810338258743, 0.047109261258608766
O83609,G,0.024455439299345016, 0.05449900827887985
O83609,D,0.09316261112689972, 0.06651326693180534
O83609,V,0.03846592828631401, 0.058879754713012114
O83609,A,0.014406357891857624, 0.05813972124209007
O83609,Q,0.09950755536556244, 0.07803546813213164
O83609,H,0.13503417372703552, 0.09637024470915397
O83609,G,0.03943115472793579, 0.09438357802314891
O83609,F,0.06058846041560173, 0.09855800132370657
O83609,Q,0.1972675323486328, 0.10604587983753946
O83609,E,0.18946842849254608, 0.1070861058930556
O83609,S,0.07528261095285416, 0.09630614105198118
O83609,F,0.07603573799133301, 0.09393364563584328
O83609,L,0.08179726451635361, 0.09259935716787975
O83609,T,0.10886958986520767, 0.0770821480287446
O83609,G,0.0380144901573658, 0.057955683726403445
O83609,L,0.018078695982694626, 0.05219083113802804
O83609,S,0.0485798642039299, 0.0539826610022121
O83609,Q,0.05761265009641647, 0.04858504939410421
O83609,L,0.017330249771475792, 0.037901749110056296
O83609,C,0.02339893765747547, 0.03551894498782025
O83609,E,0.09216220676898956, 0.03576388427366813
O83609,F,0.033218760043382645, 0.03219100905375348
O83609,V,0.012719887308776379, 0.028718144218954775
O83609,A,0.01656925305724144, 0.027527943822658725
O83609,L,0.020283149555325508, 0.0274228126121064
O83609,V,0.016423987224698067, 0.020661408236871164
O83609,C,0.02635686658322811, 0.01978441984910104
O83609,V,0.006618446204811335, 0.019635444455262687
O83609,S,0.022452756762504578, 0.020949693551907938
O83609,L,0.031309567391872406, 0.026612747201903
O83609,F,0.025325864553451538, 0.026066224763376847
O83609,I,0.011379108764231205, 0.02518862087486519
O83609,M,0.028397494927048683, 0.02743873569286532
O83609,N,0.07125063240528107, 0.026321533756951492
O83609,L,0.011505285277962685, 0.025901329496668443
O83609,L,0.018458431586623192, 0.026252373742560547
O83609,P,0.026869479566812515, 0.028047039690944884
O83609,I,0.012397939339280128, 0.03520900445679823
O83609,P,0.02752772904932499, 0.029794437603818044
O83609,I,0.028485262766480446, 0.0317981108609173
O83609,L,0.027531102299690247, 0.03379455705483755
O83609,D,0.09285517781972885, 0.03172852285206318
O83609,G,0.022519530728459358, 0.031089301997174818
O83609,G,0.029538344591856003, 0.02951264272754391
O83609,L,0.036426447331905365, 0.0276587649455501
O83609,I,0.008275171741843224, 0.025759139770848885
O83609,L,0.006644951645284891, 0.01707772843332754
O83609,F,0.013337795622646809, 0.018830245929873653
O83609,A,0.011800362728536129, 0.019445830697400704
O83609,C,0.010434475727379322, 0.017641565814200375
O83609,V,0.014722475782036781, 0.023507979336298175
O83609,E,0.038292188197374344, 0.03382767478211059
O83609,L,0.03507860749959946, 0.05138525056342284
O83609,F,0.020188063383102417, 0.06001711253904634
O83609,M,0.06107289344072342, 0.06273091356787416
O83609,Q,0.09952221065759659, 0.06857306675778495
O83609,R,0.1713559776544571, 0.07706126446525256
O83609,S,0.08948712050914764, 0.08807776826951239
O83609,I,0.03485868498682976, 0.08827743513716592
O83609,H,0.06730185449123383, 0.08701399175657167
O83609,P,0.11468596756458282, 0.08462690355049239
O83609,R,0.13422714173793793, 0.07290476270847851
O83609,V,0.021985065191984177, 0.06464905053791073
O83609,L,0.04970190301537514, 0.06661731304807796
O83609,Y,0.07803841680288315, 0.06257227197703388
O83609,Y,0.06585671007633209, 0.05115648348712259
O83609,L,0.015185710974037647, 0.039002422967718706
O83609,Q,0.05257304757833481, 0.0385903294922577
O83609,F,0.030896484851837158, 0.0343489996674988
O83609,V,0.011943871155381203, 0.026679971669283178
O83609,G,0.024840597063302994, 0.02137150356753005
O83609,F,0.01827622391283512, 0.020726602627999254
O83609,A,0.011529934592545033, 0.015783475815422006
O83609,F,0.009017164818942547, 0.013570773104826609
O83609,V,0.018080497160553932, 0.014092685861719979
O83609,A,0.009381602518260479, 0.012608559181292852
O83609,L,0.00808490626513958, 0.013309837836358283
O83609,I,0.010982160456478596, 0.013283348021407923
O83609,F,0.01664108596742153, 0.014280963068207106
O83609,L,0.011483456939458847, 0.01665222520629565
O83609,C,0.024587731808423996, 0.019704780748320952
O83609,A,0.01129152625799179, 0.024550987924966548
O83609,F,0.017995700240135193, 0.02556808561914497
O83609,W,0.03942185640335083, 0.03228205980526076
O83609,N,0.03685460239648819, 0.05025599979692035
O83609,D,0.05170077085494995, 0.05369289302163654
O83609,V,0.020136039704084396, 0.06234796014097002
O83609,N,0.07706685364246368, 0.07147199163834254
O83609,F,0.17324891686439514, 0.06709178537130356
O83609,L,0.055519770830869675, 0.06299682954947154
O83609,F,0.0891871303319931, 0.0572522994544771
O83609,H,0.10011198371648788, 0.055014961709578834
O83611,M,0.11238075792789459, 0.05661916360259056
O83611,S,0.11496324837207794, 0.06744943517777655
O83611,A,0.1550900638103485, 0.07937068864703178
O83611,E,0.08586101233959198, 0.08233643861280547
O83611,I,0.04127738997340202, 0.08515915833413601
O83611,K,0.09747244417667389, 0.07660482099486722
O83611,R,0.10729128122329712, 0.06777892654968633
O83611,L,0.026691749691963196, 0.05332003451055951
O83611,L,0.02540447749197483, 0.04640165612929397
O83611,I,0.03539172187447548, 0.04533846034771866
O83611,F,0.035530198365449905, 0.0368216387513611
O83611,F,0.02496003545820713, 0.028422083912624255
O83611,F,0.02359560690820217, 0.02742192500995265
O83611,G,0.03170862793922424, 0.027583759898940723
O83611,V,0.02082104980945587, 0.026679489761590958
O83611,P,0.03169528767466545, 0.02537665557530191
O83611,T,0.017690319567918777, 0.025031808349821303
O83611,I,0.02686099149286747, 0.02840040520661407
O83611,L,0.0272532906383276, 0.038489420173896685
O83611,M,0.023804690688848495, 0.04266331531107426
O83611,L,0.021856410428881645, 0.045376587038238846
O83611,V,0.05391297861933708, 0.06000765764878856
O83611,Y,0.12250976264476776, 0.08010276324219173
O83611,A,0.05838610604405403, 0.08571807729701202
O83611,A,0.05611473321914673, 0.09016899247136381
O83611,P,0.1493699550628662, 0.09952563378545973
O83611,H,0.2077169418334961, 0.099660351458523
O83611,A,0.07779111713171005, 0.08895489573478699
O83611,H,0.06386292725801468, 0.08703853355513679
O83611,F,0.10606618225574493, 0.08591055952840382
O83611,L,0.055125437676906586, 0.07069083085904519
O83611,A,0.02616066113114357, 0.04911806413696872
O83611,F,0.041138846427202225, 0.04316056292090151
O83611,H,0.04596296697854996, 0.03816090462108453
O83611,L,0.012392397038638592, 0.02784685894019074
O83611,V,0.013562041334807873, 0.02404138073325157
O83611,I,0.02417360618710518, 0.0226403781109386
O83611,F,0.018866002559661865, 0.019466411115394697
O83611,G,0.013239771127700806, 0.018648898642924096
O83611,S,0.02087613381445408, 0.0186801894257466
O83611,V,0.013551637530326843, 0.018835151257614296
O83611,M,0.01257314346730709, 0.023282405713366136
O83611,G,0.038605354726314545, 0.027166614412433572
O83611,A,0.012674014084041119, 0.02744255680590868
O83611,V,0.014956697821617126, 0.029964169176916283
O83611,W,0.06419889628887177, 0.036635399175186954
O83611,E,0.05382388085126877, 0.03803720915069183
O83611,M,0.015723252668976784, 0.03668725459525982
O83611,H,0.04357064515352249, 0.04318596443368329
O83611,A,0.07359270751476288, 0.05971895344555378
O83611,M,0.025189433246850967, 0.06395426909956667
O83611,V,0.02645576372742653, 0.06401854815582435
O83611,S,0.0711624026298523, 0.07208267806304826
O83611,R,0.16375359892845154, 0.07629249865810077
O83611,R,0.10231673717498779, 0.07876864613758193
O83611,M,0.054402392357587814, 0.08347348206573063
O83611,C,0.088300421833992, 0.08960155935751067
O83611,T,0.08145903050899506, 0.08816006158788998
O83611,Y,0.09587803483009338, 0.07303229015734461
O83611,P,0.06753295660018921, 0.0651815604004595
O83611,L,0.08160845935344696, 0.06355146567026775
O83611,V,0.058188922703266144, 0.05750728522737821
O83611,L,0.02760365605354309, 0.05162354724274741
O83611,L,0.03166016936302185, 0.04392441031005648
O83611,I,0.03973153978586197, 0.038698042018546
O83611,P,0.03390279784798622, 0.031269347916046776
O83611,F,0.028505388647317886, 0.027192518942885928
O83611,S,0.02658580243587494, 0.028806233157714207
O83611,L,0.020495641976594925, 0.0276569492287106
O83611,V,0.01475021243095398, 0.025979441073205736
O83611,L,0.021497461944818497, 0.027293128271897633
O83611,P,0.042127083986997604, 0.030549105256795883
O83611,L,0.021316614001989365, 0.03163425707154804
O83611,L,0.024633966386318207, 0.034858786397510104
O83611,G,0.0457259826362133, 0.043291375041007996
O83611,Y,0.05780918151140213, 0.055505901161167354
O83611,A,0.03635216876864433, 0.0648802551958296
O83611,A,0.049516405910253525, 0.07582030238376723
O83611,L,0.090643510222435, 0.08535115379426214
O83611,W,0.13142819702625275, 0.10471959080961016
O83611,Q,0.12649627029895782, 0.10824078487025367
O83611,P,0.11977703869342804, 0.11146006029513147
O83611,A,0.1104116290807724, 0.1167531849609481
O83611,R,0.2200419157743454, 0.11546477095948325
O83611,G,0.08949992805719376, 0.10571972197956508
O83611,A,0.06532564759254456, 0.09606735242737664
O83611,E,0.09715452790260315, 0.08929852396249771
O83611,S,0.0790477842092514, 0.08278669748041365
O83611,V,0.04372275620698929, 0.06214642980032497
O83611,L,0.03962494432926178, 0.05452325215770139
O83611,F,0.05885758250951767, 0.05015949739350213
O83611,I,0.05180519074201584, 0.04278308753338125
O83611,G,0.03427950665354729, 0.03650252976351314
O83611,A,0.020891329273581505, 0.03360938818918334
O83611,L,0.026051854714751244, 0.031407073967986636
O83611,G,0.030766839161515236, 0.027024342988928158
O83611,T,0.022522764280438423, 0.024599501449200843
O83611,L,0.017684482038021088, 0.023439803678128455
O83611,L,0.01980411633849144, 0.023528426678644285
O83611,M,0.01941300369799137, 0.023177997312612005
O83611,S,0.029981616884469986, 0.024697600139511958
O83611,V,0.023842226713895798, 0.02670595318906837
O83611,F,0.02168893627822399, 0.029665503443943128
O83611,F,0.0228979904204607, 0.03625321201980114
O83611,T,0.04444326460361481, 0.049901326911316976
O83611,E,0.04059794172644615, 0.05603006896045473
O83611,L,0.04432043433189392, 0.0689764449165927
O83611,V,0.07909349352121353, 0.08053317148652342
O83611,Y,0.1422460377216339, 0.0882537021405167
O83611,S,0.08514029532670975, 0.09286786077751054
O83611,F,0.14035961031913757, 0.09940471748510997
O83611,S,0.1256994754076004, 0.1103656060165829
O83611,A,0.0923827663064003, 0.11626206917895211
O83611,S,0.0859706923365593, 0.10601497855451372
O83611,F,0.099429652094841, 0.10017219930887222
O83611,E,0.14296843111515045, 0.09749690112140444
O83611,N,0.13216166198253632, 0.09548709210422304
O83611,A,0.050022222101688385, 0.08750889346831375
O83611,L,0.03255528211593628, 0.07975929002794954
O83611,E,0.11628192663192749, 0.07309606650637256
O83611,R,0.10761119425296783, 0.06001058075990942
O83611,M,0.020578978583216667, 0.04666787717077467
O83611,A,0.01622426137328148, 0.042982172013984785
O83611,S,0.03946064040064812, 0.04217321736117204
O83611,A,0.025199059396982193, 0.03091256744745705
O83611,L,0.0120773296803236, 0.019909673059980076
O83611,L,0.016850875690579414, 0.021478431506289378
O83611,L,0.025274690240621567, 0.02269650540418095
O83611,V,0.014936077408492565, 0.019902634744842846
O83611,L,0.008585144765675068, 0.018783956145246822
O83611,Y,0.03469780460000038, 0.019018571202953655
O83611,P,0.02718692645430565, 0.01878450158983469
O83611,G,0.014315804466605186, 0.017752181014253035
O83611,I,0.015130952000617981, 0.019511595989267033
O83611,F,0.014188865199685097, 0.0203315620828006
O83611,S,0.014744249172508717, 0.020816226489841938
O83611,L,0.015983805060386658, 0.02223146427422762
O83611,F,0.030770812183618546, 0.023386212583217356
O83611,F,0.015964839607477188, 0.028932064668171935
O83611,S,0.03905978426337242, 0.03973011558668481
O83611,L,0.03992406651377678, 0.048189682265122734
O83611,I,0.024708539247512817, 0.06277473353677326
O83611,T,0.0650436207652092, 0.07050545223885113
O83611,R,0.11137132346630096, 0.0729366611275408
O83611,W,0.09088034927845001, 0.08304625832372242
O83611,R,0.1472492665052414, 0.08595868075887363
O83611,H,0.10034728050231934, 0.08683066442608833
O83611,A,0.03784571960568428, 0.08221209401057826
O83611,E,0.13004615902900696, 0.07212568612562285
O83611,I,0.06613586843013763, 0.06448694401317173
O83611,A,0.03255639225244522, 0.0508722352484862
O83611,L,0.023476487025618553, 0.042831325696574316
O83611,V,0.02059365250170231, 0.039758907010157905
O83611,I,0.022131670266389847, 0.02716218638751242
O83611,F,0.02471688762307167, 0.02378346108727985
O83611,F,0.02797909453511238, 0.02717057532734341
O83611,L,0.010193951427936554, 0.025421603582799435
O83611,M,0.0166756734251976, 0.02739584373517169
O83611,V,0.03572734072804451, 0.032358972252243094
O83611,F,0.06304042041301727, 0.03167808438754744
O83611,T,0.007735741324722767, 0.029529119841754436
O83611,C,0.0383618138730526, 0.031097251197530165
O83611,D,0.0667998269200325, 0.04080633125785324
O83611,S,0.018588896840810776, 0.038725540766285524
O83611,C,0.00863841362297535, 0.032818214036524296
O83611,A,0.0243071336299181, 0.03549449063009686
O83611,W,0.10405739396810532, 0.037540613363186516
O83611,F,0.01700022630393505, 0.03638905742102199
O83611,C,0.009874479845166206, 0.047653167612022825
O83611,G,0.03182223066687584, 0.05319136857158608
O83611,T,0.05677691847085953, 0.0643870048224926
O83611,L,0.05643582344055176, 0.07315392833616999
O83611,W,0.11996588855981827, 0.09217288821107811
O83611,G,0.05848222225904465, 0.11719085814224349
O83611,V,0.12506785988807678, 0.13344582666953406
O83611,N,0.18295970559120178, 0.13348124672969183
O83611,N,0.18817086517810822, 0.1363886089788543
O83611,R,0.2350362092256546, 0.14339753488699594
O83611,G,0.17811694741249084, 0.1456780938638581
O83611,I,0.05709569901227951, 0.15389576140377256
O83611,I,0.08260208368301392, 0.15593431310521233
O83611,P,0.18304622173309326, 0.14617902868323857
O83611,A,0.07900725305080414, 0.13355467468500137
O83611,S,0.19902686774730682, 0.12407309727536307
O83611,P,0.20130667090415955, 0.12217392606867684
O83611,K,0.10037330538034439, 0.1158042684611347
O83611,K,0.12141702324151993, 0.1001332714739773
O83611,S,0.09278275072574615, 0.09472467936575413
O83611,I,0.040003158152103424, 0.0749412468738026
O83611,A,0.02527516521513462, 0.05471560938490762
O83611,G,0.04200724884867668, 0.04724085455139478
O83611,F,0.030329924076795578, 0.03501556679192516
O83611,I,0.020975975319743156, 0.02606232702318165
O83611,G,0.019275933504104614, 0.023225288631187543
O83611,G,0.03310051187872887, 0.022105591371655464
O83611,F,0.011389433406293392, 0.018350071584184963
O83611,A,0.01220359280705452, 0.01663193551616536
O83611,G,0.014469812624156475, 0.015397129166457389
O83611,S,0.015197889879345894, 0.014859380200505257
O83611,V,0.008207570761442184, 0.014014278435044818
O83611,G,0.01486669946461916, 0.015201811057825884
O83611,A,0.009862718172371387, 0.016629770087699097
O83611,G,0.014436192810535431, 0.025560869317915704
O83611,C,0.025494595989584923, 0.03526747723420461
O83611,F,0.022077227011322975, 0.03920644231968456
O83611,G,0.02505522407591343, 0.045464891422953874
O83611,S,0.09484970569610596, 0.06049883220758703
O83611,L,0.10255736112594604, 0.07885823916229937
O83611,V,0.04365825653076172, 0.10206108002199067
O83611,F,0.07119274139404297, 0.11690503131184313
O83611,G,0.14516818523406982, 0.1344516177972158
O83611,S,0.17967085540294647, 0.13254191312525007
O83611,R,0.23432016372680664, 0.13160927842060724
O83611,V,0.15567278861999512, 0.1342049232787556
O83611,T,0.18297450244426727, 0.13116972231202656
O83611,L,0.07766236364841461, 0.12169812040196525
O83611,S,0.09416364878416061, 0.10465317116015488
O83611,L,0.06701906025409698, 0.08176791585154003
O83611,G,0.043875932693481445, 0.06701941415667534
O83611,M,0.059923768043518066, 0.04787489461402098
O83611,L,0.0262663122266531, 0.04226924106478691
O83611,M,0.02835286594927311, 0.03286424382693238
O83611,G,0.022936273366212845, 0.027028967315951984
O83611,V,0.010673826560378075, 0.023943368552459612
O83611,G,0.02721148170530796, 0.023105076410704188
O83611,A,0.00951867364346981, 0.021434192752672568
O83611,L,0.014501571655273438, 0.02017721130202214
O83611,V,0.016105543822050095, 0.020834212605324056
O83611,G,0.05237913876771927, 0.024924343969258998
O83611,L,0.011228359304368496, 0.025078529595500894
O83611,T,0.017040032893419266, 0.02659747718522946
O83611,A,0.0288492850959301, 0.037797503690752715
O83611,I,0.04748500883579254, 0.03822675812989473
O83611,V,0.028599152341485023, 0.03389603261732393
O83611,G,0.023189201951026917, 0.03568677666286627
O83611,D,0.11530181020498276, 0.03943683931397067
O83611,L,0.019968833774328232, 0.03893213098247846
O83611,V,0.013402609154582024, 0.03507316174606482
O83611,E,0.02734505571424961, 0.03961427965097957
O83611,S,0.05079059675335884, 0.05282623362210062
O83611,V,0.02430691011250019, 0.049819022003147334
O83611,M,0.012754285708069801, 0.05041296573148833
O83611,K,0.06946921348571777, 0.0675584605584542
O83611,R,0.14209678769111633, 0.06866736089189847
O83611,S,0.08823690563440323, 0.08246018323633406
O83611,A,0.0253143273293972, 0.09120671430395709
O83611,Q,0.16771206259727478, 0.09664598893788126
O83611,V,0.03732515871524811, 0.09595951065421104
O83611,K,0.1749259978532791, 0.10003785250915422
O83611,D,0.10302568972110748, 0.10218884588943587
O83611,S,0.0617077574133873, 0.10769743555121952
O83611,G,0.06329090893268585, 0.1080683022737503
O83611,F,0.17880186438560486, 0.11410144468148549
O83611,F,0.10759584605693817, 0.10717735191186269
O83611,T,0.07489163428544998, 0.10285860382848316
O83611,P,0.17104986310005188, 0.1012712133427461
O83611,G,0.09162344038486481, 0.09592304947889513
O83611,R,0.11260916292667389, 0.07990933447662327
O83611,G,0.06415695697069168, 0.08078066497627232
O83611,G,0.04742124304175377, 0.08545577846881416
O83611,I,0.015157434158027172, 0.0686010837347971
O83611,M,0.03467842936515808, 0.06650128908869293
O83611,D,0.1154378205537796, 0.05708563110480706
O83611,N,0.11696765571832657, 0.051676329432262316
O83611,L,0.01935761049389839, 0.04835077706310484
O83611,D,0.07272528856992722, 0.04802617316858636
O83611,S,0.02786824107170105, 0.04504013899713755
O83611,L,0.015473241917788982, 0.03314359154966143
O83611,A,0.01749127171933651, 0.022999777148167293
O83611,P,0.01223599910736084, 0.022424292026294604
O83611,S,0.007804121822118759, 0.01612023367649979
O83611,L,0.008368893526494503, 0.01751928673022323
O83611,G,0.02567332610487938, 0.017539362216161355
O83611,T,0.014178244397044182, 0.017106865325735673
O83611,F,0.01598876342177391, 0.021356049821608596
O83611,Y,0.04045971855521202, 0.030758777322868507
O83611,I,0.01565392129123211, 0.03491953512032827
O83611,A,0.013598799705505371, 0.037646062672138214
O83611,C,0.05047865957021713, 0.04617685845328702
O83611,E,0.09242866933345795, 0.055987838034828506
O83611,C,0.045815713703632355, 0.05957203213539389
O83611,F,0.0502120740711689, 0.06640405249264505
O83611,G,0.09095540642738342, 0.07515587119592561
O83611,I,0.10428757965564728, 0.06954713124367926
O83611,A,0.07271746546030045, 0.05927727909551726
O83611,A,0.07714210450649261, 0.054186644239558115
O83611,V,0.09236516803503036, 0.04860752489831713
O83612,M,0.029125994071364403, 0.014227985611392392
O83612,Q,0.069151870906353, 0.01473429509335094
O83612,H,0.014072077348828316, 0.016218868291212454
O83612,V,0.006872895173728466, 0.01817255084299379
O83612,A,0.008829033002257347, 0.023354254559510283
O83612,I,0.004556785337626934, 0.022653677086863253
O83612,I,0.013361158780753613, 0.01890140451076958
O83612,M,0.017583142966032028, 0.02065679130868779
O83612,D,0.04663533344864845, 0.026133661882744894
O83612,G,0.022820796817541122, 0.03075801022350788
O83612,N,0.035381417721509933, 0.03167271821035279
O83612,G,0.02987055853009224, 0.04280437539435095
O83612,R,0.056164730340242386, 0.05720040253880951
O83612,W,0.05044816806912422, 0.0675611894370781
O83612,A,0.012789157219231129, 0.07165569656838973
O83612,E,0.11354607343673706, 0.08200633163667387
O83612,R,0.14714738726615906, 0.1031589682938324
O83612,R,0.1398824155330658, 0.118888926692307
O83612,G,0.05967136099934578, 0.1331626277209984
O83612,L,0.1285371333360672, 0.14735920106371245
O83612,R,0.22024428844451904, 0.1381492813428243
O83612,R,0.19773435592651367, 0.12875757449203068
O83612,S,0.1789114773273468, 0.1373148974445131
O83612,A,0.14055831730365753, 0.14743068772885534
O83612,G,0.03065679594874382, 0.13476122015466294
O83612,H,0.06262202560901642, 0.11431785931603776
O83612,R,0.21689832210540771, 0.10446649800158209
O83612,R,0.1507134735584259, 0.09000680192063253
O83612,G,0.014511925168335438, 0.07662471683902873
O83612,L,0.03625404089689255, 0.08429660658455557
O83612,Q,0.10907210409641266, 0.0889257284709149
O83612,T,0.04877421259880066, 0.06679868915428717
O83612,A,0.020119551569223404, 0.0523911997055014
O83612,R,0.09970380365848541, 0.06521707152326901
O83612,E,0.1042841225862503, 0.06644078137146102
O83612,I,0.017754968255758286, 0.05671747359964582
O83612,V,0.021046068519353867, 0.06354369719823201
O83612,A,0.12994477152824402, 0.07594518818789059
O83612,A,0.047267429530620575, 0.07828402643402417
O83612,L,0.021562334150075912, 0.08323680154151386
O83612,C,0.11021022498607635, 0.08333523674971527
O83612,A,0.1317329704761505, 0.09253472069071399
O83612,I,0.12075334787368774, 0.08704687965412934
O83612,R,0.14885909855365753, 0.08410697182019551
O83612,V,0.01864088512957096, 0.08369722031056881
O83612,P,0.10384142398834229, 0.07340588275757101
O83612,F,0.08055420219898224, 0.06151521599127187
O83612,V,0.020808259025216103, 0.049607581148544945
O83612,T,0.017874570563435555, 0.036302630686097674
O83612,L,0.017588187009096146, 0.037202426749798984
O83612,Y,0.024716969579458237, 0.03145400662389067
O83612,V,0.01358463428914547, 0.028429194250040583
O83612,F,0.02911454439163208, 0.03078607718149821
O83612,S,0.026739049702882767, 0.032114082740412817
O83612,T,0.05210564285516739, 0.038542740460899144
O83612,E,0.05333089083433151, 0.04756195843219757
O83612,N,0.04202020540833473, 0.05562143131262726
O83612,W,0.02982662059366703, 0.06453461717400286
O83612,K,0.07544610649347305, 0.0809374474402931
O83612,R,0.1058899313211441, 0.08637090503341621
O83612,S,0.0861198902130127, 0.08628875658743912
O83612,A,0.10933321714401245, 0.09977330039772722
O83612,H,0.17436452209949493, 0.11269596053494348
O83612,E,0.10100676119327545, 0.107945975744062
O83612,V,0.05259155482053757, 0.10273247626092699
O83612,H,0.16338109970092773, 0.11669881973001692
O83612,F,0.14613056182861328, 0.11095556202861998
O83612,L,0.03269624337553978, 0.09712478725446595
O83612,M,0.058968435972929, 0.10538044778837098
O83612,N,0.21181698143482208, 0.12409760016534063
O83612,L,0.05764389783143997, 0.11205497715208265
O83612,I,0.04988754913210869, 0.0979236616856522
O83612,R,0.17530770599842072, 0.11202247854736117
O83612,W,0.22104592621326447, 0.12120071674386661
O83612,Y,0.05499749258160591, 0.1064497758116987
O83612,L,0.018948722630739212, 0.10723423916432592
O83612,K,0.1595855951309204, 0.11556689027282926
O83612,K,0.14157257974147797, 0.11133255809545517
O83612,E,0.07905851304531097, 0.09723056273327933
O83612,M,0.06470406800508499, 0.10223668275607957
O83612,S,0.12488140910863876, 0.11973798523346584
O83612,F,0.13719871640205383, 0.11622070686684714
O83612,Y,0.09412796795368195, 0.10638013399309582
O83612,V,0.10005257278680801, 0.10062235904236634
O83612,E,0.17646044492721558, 0.10931981168687344
O83612,H,0.12793008983135223, 0.09836725311146842
O83612,A,0.053007423877716064, 0.08975937631395128
O83612,I,0.02723853848874569, 0.08209364385240608
O83612,R,0.1429811418056488, 0.07459303219285277
O83612,V,0.02630838192999363, 0.05843920033011171
O83612,V,0.05972782522439957, 0.049571417479051486
O83612,H,0.025136375799775124, 0.04989526068998708
O83612,L,0.03254706785082817, 0.05965770284334818
O83612,G,0.031075958162546158, 0.05062408828073078
O83612,C,0.04812004417181015, 0.051056798754466906
O83612,A,0.0559220127761364, 0.060905127682619624
O83612,Q,0.11510051786899567, 0.07772642663783497
O83612,T,0.06167861074209213, 0.09604565964804755
O83612,L,0.030202776193618774, 0.09526841259664959
O83612,P,0.14836278557777405, 0.0988528902331988
O83612,P,0.17652806639671326, 0.10345284102691545
O83612,D,0.1974201649427414, 0.09622616486416923
O83612,V,0.024080734699964523, 0.09198485873639584
O83612,R,0.08038034290075302, 0.09913842028213872
O83612,S,0.09732156991958618, 0.10150806088414457
O83612,Q,0.05006043240427971, 0.08408027473423216
O83612,I,0.023506855592131615, 0.06857287511229515
O83612,E,0.09458483010530472, 0.08472649587525262
O83612,Y,0.16968955099582672, 0.09439435684018666
O83612,V,0.019677991047501564, 0.08741824370291498
O83612,V,0.057853568345308304, 0.1045579355623987
O83612,E,0.16946332156658173, 0.11685636494722632
O83612,R,0.1673910915851593, 0.11555948791404565
O83612,T,0.03453655168414116, 0.10781966418855721
O83612,R,0.20431765913963318, 0.11367793463998371
O83612,S,0.13419272005558014, 0.11441631822122468
O83612,H,0.08291293680667877, 0.10217879547013177
O83612,R,0.10003113746643066, 0.0852917300330268
O83612,G,0.07240242511034012, 0.08373087251351939
O83612,T,0.06449902057647705, 0.06228994484990835
O83612,T,0.05932561680674553, 0.04929620617379745
O83612,V,0.0154075026512146, 0.04215530026704073
O83612,A,0.020488834008574486, 0.03463956972377168
O83612,L,0.011349310167133808, 0.03093574537585179
O83612,A,0.01724907197058201, 0.027070525516238477
O83612,I,0.0186447836458683, 0.022507197016643152
O83612,N,0.0323895625770092, 0.02599097177800205
O83612,Y,0.03906800597906113, 0.02847003885027435
O83612,G,0.029712041839957237, 0.029350747250848346
O83612,G,0.01825566031038761, 0.028638379648327827
O83612,K,0.04676147550344467, 0.029217078247004084
O83612,D,0.04280043765902519, 0.03457428370085028
O83612,E,0.019275685772299767, 0.0314152700205644
O83612,I,0.010837763547897339, 0.02975489654474788
O83612,L,0.02385307103395462, 0.03735431552761131
O83612,R,0.08060441166162491, 0.04208474047482014
O83612,A,0.010636882856488228, 0.0405617141061359
O83612,V,0.014768680557608604, 0.04306168626579973
O83612,K,0.08665043115615845, 0.054492746169368424
O83612,K,0.08933530002832413, 0.06668083887133333
O83612,V,0.029093200340867043, 0.07180614707370599
O83612,L,0.04177543520927429, 0.08496588551335865
O83612,C,0.11371730268001556, 0.09618932360576259
O83612,S,0.1335459053516388, 0.10545681603252888
O83612,T,0.12673218548297882, 0.11486371627284421
O83612,S,0.12907452881336212, 0.12135115017493565
O83612,C,0.11577962338924408, 0.13372770034604603
O83612,P,0.17005786299705505, 0.13340081688430575
O83612,D,0.1739974021911621, 0.12309142077962558
O83612,G,0.0874801054596901, 0.11740175676014689
O83612,E,0.15316438674926758, 0.11218574767311414
O83612,L,0.11077535152435303, 0.1131702566312419
O83612,L,0.04076134040951729, 0.10072957062058979
O83612,T,0.0755252093076706, 0.08351557929482725
O83612,E,0.08213044703006744, 0.07916042022407055
O83612,E,0.12464020401239395, 0.0685559194535017
O83612,A,0.05809168890118599, 0.06099852484961351
O83612,F,0.019071480259299278, 0.05847915241287814
O83612,G,0.04828367382287979, 0.05919746702743901
O83612,A,0.05772387981414795, 0.054410171798533864
O83612,C,0.04275880008935928, 0.04902373068034649
O83612,L,0.018086988478899002, 0.05703999867869748
O83612,D,0.08199004083871841, 0.05996709027224117
O83612,A,0.03904478996992111, 0.06308376830485132
O83612,P,0.07616223394870758, 0.0664489513470067
O83612,Q,0.1302381008863449, 0.06380786995093028
O83612,L,0.045415304601192474, 0.06922106403443548
O83612,P,0.07633377611637115, 0.06154101166046328
O83612,S,0.0880105271935463, 0.05983065286030372
O83612,V,0.018989067524671555, 0.05190026729057232
O83612,D,0.06680573523044586, 0.04284647158864471
O83612,F,0.012869569472968578, 0.04048707139574819
O83612,L,0.02365156076848507, 0.0357826506305072
O83612,I,0.0047887638211250305, 0.029965690958003204
O83612,R,0.04875393956899643, 0.03487451384878821
O83612,T,0.02418070286512375, 0.03524486813694239
O83612,G,0.03399398922920227, 0.04374805486036672
O83612,G,0.035657890141010284, 0.04293607630663448
O83612,Q,0.0631684735417366, 0.047442760318517685
O83612,Q,0.07013892382383347, 0.04777446678943104
O83612,R,0.08939824998378754, 0.04792768177058962
O83612,M,0.016343753784894943, 0.046603032077352204
O83612,S,0.04534891992807388, 0.04513533102969328
O83612,N,0.051739297807216644, 0.04164952225983143
O83612,F,0.02555963769555092, 0.038509095915489726
O83612,L,0.022072141990065575, 0.03138564878867732
O83612,L,0.022448580712080002, 0.03586449370616012
O83612,W,0.03179619461297989, 0.040094838167230286
O83612,Q,0.04187508672475815, 0.03555856107009782
O83612,S,0.02528722584247589, 0.04028087274895774
O83612,A,0.05665335804224014, 0.03995803267591529
O83612,Y,0.08342202007770538, 0.04372163344588545
O83612,A,0.010912803933024406, 0.04306568743454085
O83612,E,0.06806044280529022, 0.04153084009885788
O83612,F,0.019166581332683563, 0.04628608955277337
O83612,Y,0.05632098764181137, 0.04452812961406178
O83612,F,0.025892680510878563, 0.04233676898810598
O83612,T,0.028061460703611374, 0.04499615045885245
O83612,D,0.0680844709277153, 0.04315566002494759
O83612,I,0.04083171859383583, 0.04934197974701723
O83612,L,0.06369977444410324, 0.04525157084895505
O83612,W,0.034847237169742584, 0.05157209146353933
O83612,P,0.051496028900146484, 0.054954382280508675
O83612,D,0.07484345883131027, 0.05737159649531046
O83612,F,0.019507307559251785, 0.061210210538572736
O83612,R,0.08277736604213715, 0.05554202271418439
O83612,V,0.05850207805633545, 0.059363720214201346
O83612,E,0.0898393988609314, 0.06692931625164217
O83612,D,0.07537924498319626, 0.06032154802232981
O83612,M,0.012686084024608135, 0.06052226107567549
O83612,L,0.06924251466989517, 0.06736608625700076
O83612,R,0.11958639323711395, 0.07137340421064033
O83612,A,0.01537354476749897, 0.06503733651091655
O83612,L,0.021313725039362907, 0.06911816768762138
O83612,D,0.14437179267406464, 0.07816687433256043
O83612,E,0.09456793963909149, 0.07830306183960703
O83612,Y,0.032814789563417435, 0.0763934233950244
O83612,R,0.11210672557353973, 0.0906914102120532
O83612,L,0.0941244438290596, 0.09916515772541364
O83612,R,0.07046820223331451, 0.0956950034532282
O83612,T,0.10239964723587036, 0.09170922347240978
O83612,R,0.14405542612075806, 0.09387359437015322
O83612,T,0.09757745265960693, 0.08880186991559134
O83612,F,0.11314040422439575, 0.08784312009811401
O83612,G,0.058695919811725616, 0.08001331984996796
O83612,G,0.05229412764310837, 0.06863558126820458
O83612,L,0.06646120548248291, 0.05262942281034258
O83612,E,0.08549569547176361, 0.041787483625941806
O83703,M,0.03659628704190254, 0.03522977295021216
O83703,R,0.11551326513290405, 0.041038949663440384
O83703,R,0.0868220329284668, 0.04329116766651472
O83703,V,0.031105393543839455, 0.04658149037924078
O83703,C,0.0470309779047966, 0.04915578911701838
O83703,Y,0.05228259041905403, 0.04728684781326188
O83703,L,0.020269962027668953, 0.036108689589632884
O83703,Y,0.02961290441453457, 0.028231380507349968
O83703,L,0.023168688639998436, 0.027418433792061277
O83703,V,0.019775815308094025, 0.02429714674750964
O83703,L,0.014909841120243073, 0.020097183684508007
O83703,L,0.01592625118792057, 0.019779913541343477
O83703,C,0.023788873106241226, 0.018348093868957624
O83703,G,0.018939394503831863, 0.018456824123859406
O83703,L,0.014482922852039337, 0.018327175950010616
O83703,L,0.017414530739188194, 0.01778702862146828
O83703,V,0.016726527363061905, 0.01758093128187789
O83703,G,0.024147260934114456, 0.016702260511616867
O83703,G,0.018608981743454933, 0.017759609657029312
O83703,A,0.010048515163362026, 0.018599881790578365
O83703,A,0.014071375131607056, 0.020685908798542287
O83703,L,0.01588083617389202, 0.021373642918964226
O83703,F,0.02845553681254387, 0.022705812110669084
O83703,G,0.022045372053980827, 0.024705458328955703
O83703,F,0.036188773810863495, 0.029820629705985386
O83703,L,0.02291613444685936, 0.034560822364356786
O83703,L,0.03613678365945816, 0.042431453656819135
O83703,A,0.036605797708034515, 0.05098520074453619
O83703,S,0.05608505755662918, 0.05552053161793285
O83703,I,0.056733109056949615, 0.06352121093206936
O83703,E,0.08671651780605316, 0.07490529285536872
O83703,N,0.10543926060199738, 0.07929955671230952
O83703,I,0.06286334991455078, 0.08897660010390812
O83703,K,0.10819488763809204, 0.09848571568727493
O83703,Q,0.12537287175655365, 0.10121416052182515
O83703,S,0.07568515837192535, 0.10303159637583627
O83703,E,0.12369918823242188, 0.11491380880276363
O83703,R,0.14166709780693054, 0.11981337931421068
O83703,F,0.08128911256790161, 0.12213908467027876
O83703,T,0.10307344049215317, 0.11736634042527941
O83703,R,0.21237917244434357, 0.11753067953719033
O83703,F,0.10695948451757431, 0.1131221345729298
O83703,N,0.12912623584270477, 0.10782046202156279
O83703,P,0.08241817355155945, 0.1008941498067644
O83703,A,0.07716421037912369, 0.09938414808776644
O83703,L,0.08402228355407715, 0.07673001465284163
O83703,P,0.09395204484462738, 0.07346352365695769
O83703,T,0.018952302634716034, 0.06346040477769242
O83703,R,0.08948342502117157, 0.06254271676556931
O83703,I,0.008491971530020237, 0.07833749811268514
O83703,L,0.07756106555461884, 0.07525471815218528
O83703,D,0.039098165929317474, 0.07409304018235868
O83703,I,0.07415898144245148, 0.08097599581297901
O83703,R,0.2193172425031662, 0.0758496875771218
O83703,G,0.05627726390957832, 0.08291240491800839
O83703,D,0.08349694311618805, 0.09112189006474283
O83703,L,0.08089890331029892, 0.092315131591426
O83703,I,0.043346650898456573, 0.09281878421703975
O83703,T,0.07205642759799957, 0.0748855388826794
O83703,E,0.15144643187522888, 0.08503776747319433
O83703,F,0.04983733966946602, 0.08845227998163965
O83703,S,0.07869185507297516, 0.09670639824536112
O83703,S,0.05791803449392319, 0.10241527068946096
O83703,D,0.14764732122421265, 0.10282648313376638
O83703,E,0.11422755569219589, 0.09252892724341816
O83703,K,0.15518596768379211, 0.08939914612306489
O83703,R,0.09472650289535522, 0.08692453304926555
O83703,E,0.07575733959674835, 0.08806735691097048
O83703,I,0.05876842886209488, 0.07940475725465351
O83703,V,0.021669309586286545, 0.07313249053226577
O83703,S,0.05642033740878105, 0.056706135989063315
O83703,F,0.06820344924926758, 0.049748163773781724
O83703,A,0.06968392431735992, 0.046694607473909855
O83703,D,0.05777715519070625, 0.04493149959792694
O83703,L,0.0073487767949700356, 0.04316673738261064
O83703,S,0.03210475295782089, 0.041897655154267945
O83703,S,0.048275332897901535, 0.042858380203445755
O83703,H,0.042900457978248596, 0.03573285131197837
O83703,L,0.005786449648439884, 0.030625139207889635
O83703,V,0.04499859735369682, 0.031103906273427937
O83703,H,0.07684997469186783, 0.02904404177226954
O83703,A,0.005554164294153452, 0.026536567084905174
O83703,L,0.01180774625390768, 0.026836516697787575
O83703,L,0.01165768038481474, 0.030072650199549064
O83703,T,0.013565972447395325, 0.03666802045578758
O83703,R,0.025708060711622238, 0.04206986606328024
O83703,E,0.045600004494190216, 0.04388761396209399
O83703,D,0.03491165116429329, 0.04985476171390878
O83703,R,0.10435692965984344, 0.057140733011894755
O83703,S,0.12546658515930176, 0.06520264202521907
O83703,F,0.02191389538347721, 0.07654906705849701
O83703,Y,0.06551207602024078, 0.07541152938372558
O83703,T,0.07723142206668854, 0.07554981008999878
O83703,H,0.08612315356731415, 0.07671523487402333
O83703,H,0.12782588601112366, 0.06588738266792563
O83703,G,0.03536216542124748, 0.08053669167889489
O83703,Y,0.03615617752075195, 0.0795299005177286
O83703,S,0.11484575271606445, 0.07280481316977078
O83703,I,0.02801591530442238, 0.06490557620094882
O83703,K,0.15375767648220062, 0.0674911511854993
O83703,A,0.05645095556974411, 0.06816099770367146
O83703,I,0.01670563593506813, 0.06548482500430611
O83703,F,0.015030020847916603, 0.05615830411099725
O83703,R,0.15109606087207794, 0.06558757471955484
O83703,A,0.041390784084796906, 0.05701964462382926
O83703,L,0.012070623226463795, 0.05329519375744793
O83703,V,0.03090706467628479, 0.06037740647378895
O83703,G,0.11287935078144073, 0.06962923012259933
O83703,T,0.07664630562067032, 0.08053134350727002
O83703,L,0.022930897772312164, 0.09347991862644751
O83703,T,0.0804455503821373, 0.10393932710091273
O83703,G,0.09829643368721008, 0.11711224830812877
O83703,R,0.24921508133411407, 0.1087576730383767
O83703,A,0.1579279601573944, 0.10454022553231981
O83703,L,0.1062052994966507, 0.10764815244409773
O83703,G,0.14946335554122925, 0.10254415083262655
O83703,G,0.03768817335367203, 0.09289677461816205
O83703,G,0.038689278066158295, 0.06941009126603603
O83703,S,0.050902239978313446, 0.06041672225627634
O83703,T,0.03450953587889671, 0.05584486801591185
O83703,L,0.011470047757029533, 0.04011694900691509
O83703,T,0.037834931164979935, 0.03714047879394558
O83703,Q,0.07698763906955719, 0.03898808536016279
O83703,Q,0.06505861133337021, 0.03856696281582117
O83703,I,0.007912084460258484, 0.0368197573762801
O83703,A,0.010899941436946392, 0.04124360976533757
O83703,G,0.05531773716211319, 0.04570808665206035
O83703,L,0.04711213707923889, 0.04641981909258498
O83703,L,0.01878468692302704, 0.05848073700649871
O83703,Y,0.05128471925854683, 0.06585043906751606
O83703,S,0.07801522314548492, 0.0794656951394346
O83703,D,0.08339323103427887, 0.09688951282037629
O83703,R,0.17360687255859375, 0.10195042317112286
O83703,S,0.07423940300941467, 0.10245749168097973
O83703,D,0.13343724608421326, 0.10741687255601089
O83703,R,0.21213209629058838, 0.11464558976391952
O83703,S,0.0926603302359581, 0.11323019800086816
O83703,L,0.023348303511738777, 0.09572327633698781
O83703,R,0.09591914713382721, 0.09322667163279322
O83703,R,0.1430736780166626, 0.08315971783465809
O83703,K,0.07065470516681671, 0.06401309122641881
O83703,I,0.016044577583670616, 0.05832355469465256
O83703,K,0.051769960671663284, 0.05990162967807717
O83703,E,0.04283466190099716, 0.05119653853277365
O83703,L,0.03981245681643486, 0.04114077674845854
O83703,W,0.0414545014500618, 0.041666900325152606
O83703,W,0.03755097836256027, 0.041267899278965264
O83703,A,0.01757332682609558, 0.04047532183014684
O83703,L,0.052571821957826614, 0.047615255436135664
O83703,H,0.0753898173570633, 0.05444406397226784
O83703,M,0.012453568167984486, 0.054452067551513515
O83703,E,0.044636763632297516, 0.06002274497101704
O83703,R,0.10709406435489655, 0.06596903264936474
O83703,R,0.10127173364162445, 0.07509256454391612
O83703,Y,0.04152653366327286, 0.07513426461567481
O83703,S,0.08768707513809204, 0.07539969351556566
O83703,K,0.07108991593122482, 0.07188358457965983
O83703,N,0.13468360900878906, 0.06675482386102279
O83703,E,0.07576511800289154, 0.05728711550020509
O83703,I,0.014842428267002106, 0.05472074397322205
O83703,M,0.012991783209145069, 0.045396044824479356
O83703,E,0.06093521788716316, 0.041538954169179
O83703,L,0.016062358394265175, 0.034255166408709355
O83703,Y,0.018429189920425415, 0.027196160388282604
O83703,L,0.0037647827994078398, 0.037616390088159174
O83703,N,0.03637610003352165, 0.0382111729381399
O83703,R,0.06912951916456223, 0.03625604952685535
O83703,V,0.012234063819050789, 0.04070074905434416
O83703,Y,0.10862449556589127, 0.04273172185963227
O83703,F,0.018344828858971596, 0.050736298163731895
O83703,G,0.04333910718560219, 0.05683915689587593
O83703,G,0.056064654141664505, 0.051547518000006676
O83703,G,0.03670794516801834, 0.051120264869597226
O83703,T,0.07580596953630447, 0.0429121075818936
O83703,Y,0.091301828622818, 0.04410295105642743
O83703,G,0.02150476910173893, 0.040072689971162215
O83703,V,0.008388785645365715, 0.0343435087448193
O83703,G,0.034751079976558685, 0.040047413307345577
O83703,A,0.029062420129776, 0.03962017963122991
O83703,A,0.007066757418215275, 0.033362346753064126
O83703,A,0.004502023104578257, 0.032434835150423974
O83703,R,0.08804308623075485, 0.037272162890682616
O83703,F,0.07196086645126343, 0.04042699700221419
O83703,Y,0.03498133271932602, 0.04480798640805814
O83703,F,0.013157164677977562, 0.04756385672630535
O83703,G,0.05192473530769348, 0.06148025207221508
O83703,H,0.06314458698034286, 0.06443451572623518
O83703,S,0.06849132478237152, 0.057447973638772964
O83703,V,0.031869590282440186, 0.05726216278142399
O83703,R,0.1297495812177658, 0.05898457020521164
O83703,Q,0.11463145911693573, 0.05627033466266261
O83703,M,0.009081987664103508, 0.05565591880844699
O83703,S,0.03330903500318527, 0.04917642888095644
O83703,A,0.028658831492066383, 0.046769554312858314
O83703,A,0.027496615424752235, 0.034741062153544694
O83703,E,0.05761484429240227, 0.023237083107233047
O83703,A,0.01017591543495655, 0.026242554808656376
O83703,A,0.010207719169557095, 0.029849474421805806
O83703,L,0.021493151783943176, 0.0293415490951803
O83703,L,0.01109564770013094, 0.03342715837061405
O83703,V,0.03613123297691345, 0.05129431332978937
O83703,I,0.06577131152153015, 0.06180236116051674
O83703,L,0.02408750355243683, 0.06888406609909402
O83703,L,0.064267098903656, 0.0746075590658519
O83703,S,0.21841923892498016, 0.0884496776594056
O83703,N,0.10474834591150284, 0.09456551820039749
O83703,P,0.07394306361675262, 0.09604699992471272
O83703,A,0.0730045884847641, 0.10033833814991845
O83703,H,0.13567471504211426, 0.10967188907994165
O83703,Y,0.09117379784584045, 0.10674867861800724
O83703,N,0.07910464704036713, 0.11020747241046694
O83703,P,0.06270954757928848, 0.11760118355353673
O83703,F,0.14826905727386475, 0.1338329240679741
O83703,E,0.1921103447675705, 0.13634801656007767
O83703,Y,0.13587749004364014, 0.12791258324351576
O83703,P,0.1404864639043808, 0.13785537146031857
O83703,N,0.21909025311470032, 0.15059936688178116
O83703,R,0.15831054747104645, 0.14452960073120064
O83703,A,0.015254897996783257, 0.12569350997606912
O83703,Q,0.1685897409915924, 0.1328964051273134
O83703,D,0.17740550637245178, 0.1309405623210801
O83703,R,0.09364116191864014, 0.10835079993638727
O83703,Q,0.02258552797138691, 0.09162521952142318
O83703,R,0.20070354640483856, 0.10358071689390475
O83703,Y,0.1228838786482811, 0.09230311908241776
O83703,V,0.015782391652464867, 0.07338732496524851
O83703,L,0.00778032373636961, 0.07252409904160434
O83703,H,0.12285437434911728, 0.0920484429742727
O83703,E,0.06709136068820953, 0.07870090747666028
O83703,M,0.007163359317928553, 0.07137665851041675
O83703,T,0.08587212860584259, 0.07785762489462893
O83703,R,0.19830462336540222, 0.08097272226586938
O83703,L,0.08057572692632675, 0.07807690262173612
O83703,G,0.05696563795208931, 0.09477250303866135
O83703,Y,0.07411108911037445, 0.10788123351004389
O83703,L,0.03581620007753372, 0.10502008762624529
O83703,S,0.09679199755191803, 0.09006857789225048
O83703,E,0.2173517644405365, 0.1000489526324802
O83703,Q,0.1251419335603714, 0.10183427938156658
O83703,E,0.0601218156516552, 0.09742401871416304
O83703,R,0.063741035759449, 0.10225619955195321
O83703,D,0.17039909958839417, 0.1052702483203676
O83703,E,0.07303357869386673, 0.0910805496904585
O83703,S,0.0344187431037426, 0.08702126642068227
O83703,Y,0.07930582761764526, 0.09686251853903134
O83703,E,0.12391843646764755, 0.10106605167190234
O83703,H,0.08964447677135468, 0.09447029936644766
O83703,Y,0.08860838413238525, 0.10119880694482061
O83703,W,0.14869308471679688, 0.10685715410444471
O83703,A,0.10157283395528793, 0.11065119753281276
O83703,H,0.11103732883930206, 0.10953896823856565
O83703,F,0.13359014689922333, 0.11705483413404888
O83703,D,0.0853438675403595, 0.11719591832823223
O83703,Y,0.11345221847295761, 0.11485247396760517
O83703,T,0.11390837281942368, 0.11503815816508399
O83703,R,0.15728726983070374, 0.11573279317882326
O83703,T,0.0898781418800354, 0.1125105834669537
O83703,T,0.12760208547115326, 0.11851964228683048
O83703,S,0.10324399173259735, 0.12041468504402372
O83703,S,0.11728904396295547, 0.11580913182761934
O83703,A,0.10459025949239731, 0.11366649717092514
O83703,F,0.1394253969192505, 0.11235282321770985
O83703,Y,0.13050760328769684, 0.1064232447081142
O83703,A,0.07245839387178421, 0.10463004890415403
O83703,R,0.13800355792045593, 0.09524902121888267
O83703,A,0.07805507630109787, 0.09863961239655812
O83703,D,0.07423587888479233, 0.09127856956587897
O83703,K,0.08710522949695587, 0.07883463096287516
O83703,A,0.03285979479551315, 0.07272403521670236
O83703,R,0.13510558009147644, 0.06236995798018244
O83703,W,0.07317601144313812, 0.059469414667950735
O83703,F,0.01851215586066246, 0.05203855337782039
O83703,S,0.01746303215622902, 0.05001249216083023
O83703,E,0.04481686279177666, 0.05938026774674654
O83703,Y,0.05195018649101257, 0.04958072604818477
O83703,V,0.007358127273619175, 0.04303202860885196
O83703,R,0.0688706785440445, 0.051872305985954076
O83703,R,0.11716977506875992, 0.06707309269242817
O83703,Q,0.04690970480442047, 0.07427437230944633
O83703,L,0.014237734489142895, 0.07708542173107465
O83703,D,0.09807465225458145, 0.09092593389666742
O83703,R,0.15427011251449585, 0.09588236972275707
O83703,M,0.10962837934494019, 0.09549044020887879
O83703,M,0.07724963128566742, 0.10083047083268563
O83703,Y,0.13192273676395416, 0.11677309705151452
O83703,G,0.11347860097885132, 0.11239378071493572
O83703,T,0.11364240944385529, 0.11152542879184087
O83703,M,0.0949699804186821, 0.11281836115651661
O83703,N,0.1577213704586029, 0.10962673193878597
O83703,L,0.058660805225372314, 0.1002839170396328
O83703,Y,0.14645494520664215, 0.09141956642270088
O83703,Q,0.12126477062702179, 0.08390748004118602
O83703,D,0.048524968326091766, 0.07415414404951864
O83703,G,0.047837402671575546, 0.06493792982978953
O83703,Y,0.03369944542646408, 0.06036095103869835
O83703,T,0.04603363201022148, 0.046796416139437094
O83703,V,0.007189956493675709, 0.03488532660735978
O83703,H,0.07477544248104095, 0.034758974694543414
O83703,T,0.01746799610555172, 0.038380656805303365
O83703,T,0.024374131113290787, 0.04638875358634525
O83703,C,0.014064964838325977, 0.04341985016233391
O83703,D,0.047387801110744476, 0.044255969735483326
O83703,L,0.08043254166841507, 0.044564771465957165
O83703,R,0.10577231645584106, 0.047799374183846846
O83703,H,0.019313501194119453, 0.045917044290237956
O83703,Q,0.014715032652020454, 0.05095255633609162
O83703,L,0.07755465805530548, 0.05350598868810468
O83703,V,0.04657942056655884, 0.047278460011714034
O83703,A,0.007433162070810795, 0.03711695037782192
O83703,E,0.05938457325100899, 0.0435919351875782
O83703,Q,0.070368692278862, 0.04944204642540879
O83703,Q,0.02438478358089924, 0.04429427244597011
O83703,V,0.014318729750812054, 0.04194044487343894
O83703,E,0.07758836448192596, 0.05407264569981231
O83703,Q,0.06736603379249573, 0.05626954997165336
O83703,T,0.0312246922403574, 0.051541646011173725
O83703,L,0.025394972413778305, 0.05397867732163933
O83703,E,0.11662296950817108, 0.06007835144797961
O83703,Q,0.07915671169757843, 0.06363825127482414
O83703,A,0.027817556634545326, 0.062160330100191966
O83703,N,0.046318065375089645, 0.07501842350595528
O83703,A,0.0692157968878746, 0.08669007134934266
O83703,H,0.10962746292352676, 0.08352068873743217
O83703,V,0.05406474322080612, 0.0865000889947017
O83703,Q,0.14694753289222717, 0.09420581782857577
O83703,K,0.13043980300426483, 0.09841817700200611
O83703,S,0.08809852600097656, 0.10579204228189257
O83703,S,0.1059713140130043, 0.10502560022804472
O83703,L,0.09716911613941193, 0.10483365423149532
O83703,T,0.08422929793596268, 0.10189260128471586
O83703,H,0.13558058440685272, 0.10702143030034171
O83703,V,0.10272948443889618, 0.10875350402461158
O83703,A,0.05233722925186157, 0.10217441038952933
O83703,R,0.120478056371212, 0.1040395920475324
O83703,R,0.17659926414489746, 0.10524867143895891
O83703,E,0.10368718951940536, 0.09928109662400351
O83703,L,0.0467594712972641, 0.09180182508296436
O83703,Y,0.11395575106143951, 0.09394135201970737
O83703,S,0.09511101245880127, 0.09733673805991809
O83703,N,0.08187241107225418, 0.08399844956066874
O83703,I,0.03541604056954384, 0.07839300359288852
O83703,S,0.07159297168254852, 0.08537467196583748
O83703,E,0.15103653073310852, 0.08195401024487284
O83703,L,0.05655466765165329, 0.07831801308525933
O83703,L,0.05323817580938339, 0.08135568102200826
O83703,G,0.10959448665380478, 0.09311418028341399
O83703,L,0.08316979557275772, 0.09290113093124495
O83703,V,0.06238703802227974, 0.08818072453141212
O83703,F,0.10921142250299454, 0.09701671327153842
O83703,N,0.14124253392219543, 0.09900174165765445
O83703,V,0.06967552751302719, 0.10214869719412592
O83703,P,0.10855287313461304, 0.10625927439994282
O83703,Q,0.13607856631278992, 0.11430072701639599
O83703,L,0.07110343128442764, 0.1220939275291231
O83703,H,0.13791708648204803, 0.12877904540962642
O83703,V,0.12016499042510986, 0.14480117046170765
O83703,G,0.13476011157035828, 0.1440937254163954
O83703,D,0.17935022711753845, 0.14575702448685965
O83703,R,0.20140859484672546, 0.15221892380052143
O83703,R,0.21387465298175812, 0.15157410916354921
O83703,M,0.10218586772680283, 0.15046179874075782
O83703,K,0.15104825794696808, 0.1513529262608952
O83703,A,0.12926052510738373, 0.14276504185464647
O83703,K,0.1321137547492981, 0.13671016858683693
O83703,S,0.11015419661998749, 0.12347222202354008
O83703,G,0.14278025925159454, 0.1337833512160513
O83703,A,0.1020592674612999, 0.12738755924834144
O83703,Y,0.14691473543643951, 0.12251365101999706
O83703,Y,0.09473313391208649, 0.11504992097616196
O83703,R,0.194986030459404, 0.11571491840812895
O83703,S,0.09348613023757935, 0.11264327499601576
O83703,T,0.08539535105228424, 0.10791529301140043
O83703,L,0.0649401843547821, 0.09891110906998317
O83703,S,0.11613917350769043, 0.09995482199721867
O83703,P,0.11513546854257584, 0.08437787575854196
O83703,L,0.05950742959976196, 0.08100922819640902
O83703,V,0.06587707996368408, 0.07674987117449443
O83703,N,0.10412655025720596, 0.08120990875694487
O83703,V,0.05479351431131363, 0.08356180207596885
O83703,M,0.06316830217838287, 0.08139802515506744
O83703,A,0.04706113785505295, 0.08768398645851347
O83703,L,0.10508052259683609, 0.09395160194900301
O83703,M,0.13730621337890625, 0.09810556802484724
O83703,F,0.0956614762544632, 0.10295756492349836
O83703,G,0.11608108133077621, 0.10326767795615727
O83703,L,0.1222856193780899, 0.11321204155683517
O83703,D,0.14151224493980408, 0.1145079533259074
O83703,N,0.09846148639917374, 0.10522607838114102
O83703,L,0.06595931947231293, 0.10587295020620029
O83703,K,0.13656041026115417, 0.11250094779663616
O83703,T,0.11674372851848602, 0.11184341915779644
O83703,L,0.05376933887600899, 0.10258175349897808
O83703,S,0.10148332267999649, 0.09976350102159712
O83703,D,0.1757330596446991, 0.107024105058776
O83703,K,0.11636786162853241, 0.10191404157214695
O83703,G,0.05815725401043892, 0.09540240466594696
O83703,A,0.07309721410274506, 0.10620651932226287
O83703,S,0.1313047558069229, 0.10640390424264802
O83703,L,0.09056983888149261, 0.09817248458663623
O83703,V,0.05813899636268616, 0.09187991585996416
O83703,R,0.15100637078285217, 0.0921732129322158
O83703,D,0.10325978696346283, 0.10166953255732854
O83703,E,0.10165028274059296, 0.09996417827076381
O83703,I,0.05973474308848381, 0.0998211767938402
O83703,A,0.06079692766070366, 0.09622953335444133
O83703,R,0.15856409072875977, 0.08652965558899774
O83703,K,0.11595656722784042, 0.0761033980589774
O83703,R,0.08928282558917999, 0.06590230276601182
O83703,V,0.025814205408096313, 0.05981691450708442
O83703,E,0.06370747089385986, 0.05369512705753247
O83703,G,0.009423469193279743, 0.03641207650717762
O83703,A,0.009840425103902817, 0.02430497534159157
O83703,L,0.004966248758137226, 0.018597436137497425
O83703,I,0.00570084061473608, 0.01755051656315724
O83703,A,0.003016635775566101, 0.019032654766407277
O83703,L,0.006992656737565994, 0.026314527210262086
O83703,E,0.03791497275233269, 0.02604522043839097
O83703,N,0.016391929239034653, 0.03212371235713363
O83703,D,0.0770467147231102, 0.03242287075974875
O83703,T,0.07496032118797302, 0.0375421112920675
O83703,G,0.007416664157062769, 0.037384234782722264
O83703,Y,0.059672676026821136, 0.03409917631910907
O83703,I,0.00839326623827219, 0.03417686517867777
O83703,T,0.04908980056643486, 0.028486180843578443
O83703,A,0.005571768153458834, 0.02302940934896469
O83703,L,0.008349446579813957, 0.02742233680975106
O83703,V,0.01709112897515297, 0.03407584601599309
O83703,G,0.025830555707216263, 0.04212814119334022
O83703,G,0.02584937773644924, 0.04312438274630242
O83703,S,0.04695301130414009, 0.04987389925453398
O83703,R,0.11955425888299942, 0.05845445663564735
O83703,F,0.08086392283439636, 0.0672102187656694
O83703,G,0.058055974543094635, 0.07365054326752822
O83703,A,0.06631741672754288, 0.0775724628733264
O83703,S,0.08557446300983429, 0.07735259996520148
O83703,N,0.09589298814535141, 0.0740643623802397
O83703,Q,0.08379347622394562, 0.06732539811895953
O83703,V,0.061146654188632965, 0.06392474306954278
O83703,I,0.04497424513101578, 0.06149891846709781
O83703,R,0.08996012061834335, 0.054032687511709004
O83703,A,0.02021324448287487, 0.050280507653951645
O83703,T,0.02745007909834385, 0.04442992226945029
O83703,Q,0.04448499530553818, 0.04987863285673989
O83703,G,0.01837838441133499, 0.04775252772702111
O83703,L,0.0621233694255352, 0.03995223819381661
O83703,L,0.031138207763433456, 0.04151512848006354
O83703,Q,0.11018504947423935, 0.039424034456411995
O83703,P,0.025839298963546753, 0.035618194482392736
O83703,G,0.01975751481950283, 0.03909457909564177
O83703,S,0.03427925705909729, 0.033472857851949006
O83703,V,0.008630232885479927, 0.030724269803613424
O83703,F,0.010232435539364815, 0.020358784900357325
O83703,K,0.049665845930576324, 0.018150745735814173
O83703,P,0.011527878232300282, 0.01701116111750404
O83703,L,0.006400915328413248, 0.014709261815167136
O83703,V,0.016895685344934464, 0.01480692568131619
O83703,Y,0.005966946482658386, 0.014734339331173234
O83703,S,0.009501253254711628, 0.015215893120815357
O83703,A,0.013562163338065147, 0.02253268312455879
O83703,A,0.009509207680821419, 0.030567870785792668
O83703,L,0.009579158388078213, 0.043029082318147026
O83703,D,0.05399983003735542, 0.0445636243869861
O83703,S,0.07737898826599121, 0.04915170381880469
O83703,K,0.07871760427951813, 0.05174879346870714
O83703,K,0.12904658913612366, 0.05560572828269667
O83703,L,0.019777825102210045, 0.05934666904310385
O83703,T,0.05079396814107895, 0.06922839685446686
O83703,M,0.036935970187187195, 0.06319605455630356
O83703,A,0.04422162100672722, 0.06599595294230515
O83703,T,0.04324762523174286, 0.06036065746512678
O83703,Q,0.1429353803396225, 0.06289889539281528
O83703,L,0.02308790758252144, 0.08067719017465909
O83703,H,0.10391668975353241, 0.08899122104048729
O83703,D,0.0783289298415184, 0.0984179890818066
O83703,A,0.04262196645140648, 0.10302305966615677
O83703,P,0.21079862117767334, 0.10953225940465927
O83703,Q,0.11176224797964096, 0.12434596361385451
O83703,V,0.12906253337860107, 0.13943597384625012
O83703,F,0.08469326049089432, 0.1491543927954303
O83703,S,0.20151817798614502, 0.17089912129773033
O83703,R,0.15641124546527863, 0.17223232322269016
O83703,N,0.23972678184509277, 0.1758292391896248
O83703,G,0.16579470038414001, 0.18020438899596533
O83703,V,0.23832452297210693, 0.1804847369591395
O83703,S,0.2227974385023117, 0.18319986429479387
O83703,Y,0.1441344916820526, 0.1793460821111997
O83703,I,0.1684388816356659, 0.17594610071844524
O83703,P,0.08721639215946198, 0.16839683221446144
O83703,N,0.2259543240070343, 0.16045759618282318
O83703,N,0.12172720581293106, 0.1584670427772734
O83703,Y,0.20912694931030273, 0.15793533126513162
O83703,G,0.09785128384828568, 0.15219471686416203
O83703,G,0.16687139868736267, 0.15166587713691923
O83703,K,0.2048824578523636, 0.13673746916982862
O83703,W,0.1393490880727768, 0.13004807010293007
O83703,Q,0.11677335202693939, 0.11935631061593692
O83703,G,0.08245683461427689, 0.11020350932247108
O83703,V,0.09159865230321884, 0.10406417875654167
O83703,V,0.06152261421084404, 0.09688597317371103
O83703,L,0.11290111392736435, 0.0825299612349934
O83703,A,0.015476072207093239, 0.07023744212670459
O83703,W,0.11161742359399796, 0.0643940796661708
O83703,K,0.14027860760688782, 0.06309935171157122
O83703,A,0.010144980624318123, 0.061118538284467325
O83703,L,0.006140680052340031, 0.06070526368502113
O83703,A,0.029866572469472885, 0.06716961072136958
O83703,Q,0.07994610071182251, 0.06024340529822641
O83703,S,0.04369529336690903, 0.04856549689753188
O83703,L,0.10918164253234863, 0.0487767043006089
O83703,N,0.07365519553422928, 0.05186214277313815
O83703,I,0.04928157478570938, 0.060681243944499225
O83703,P,0.035177432000637054, 0.053545073295632996
O83703,A,0.0120458472520113, 0.051438893294996686
O83703,I,0.0339096263051033, 0.052215622944964304
O83703,R,0.10923848301172256, 0.0531646389928129
O83703,V,0.015720564872026443, 0.049267050706677966
O83703,L,0.024739673361182213, 0.05150906244913737
O83703,D,0.11617220938205719, 0.054769282332724996
O83703,M,0.08219633996486664, 0.06640032327009572
O83703,V,0.014203280210494995, 0.06257942794925636
O83703,G,0.05535553768277168, 0.06189795511050357
O83703,F,0.04138782620429993, 0.06447923711190622
O83703,D,0.13858899474143982, 0.06124514206829998
O83703,A,0.0748504251241684, 0.05752376249680916
O83703,V,0.009587309323251247, 0.056629816277159586
O83703,I,0.047971211373806, 0.05487430137064722
O83703,Q,0.08706535398960114, 0.05704992471469773
O83703,R,0.04870392382144928, 0.04368546377453539
O83703,A,0.006157764233648777, 0.036509585877259575
O83703,A,0.039555903524160385, 0.04022935043192572
O83703,T,0.06096843630075455, 0.038089139904412955
O83703,L,0.018308846279978752, 0.03568624404983388
O83703,L,0.010267524048686028, 0.037048617067436375
O83703,H,0.04306519031524658, 0.052477387711405754
O83703,I,0.02870931662619114, 0.06304471877713998
O83703,T,0.06543929129838943, 0.0688309861967961
O83703,D,0.06096528097987175, 0.07004251103434297
O83703,R,0.14501670002937317, 0.0951199038989014
O83703,Q,0.13466188311576843, 0.11709131010704571
O83703,E,0.1130448430776596, 0.125887676452597
O83703,I,0.029212569817900658, 0.13180582742724153
O83703,E,0.23596405982971191, 0.14609977996183765
O83703,R,0.24080784618854523, 0.16345503657228416
O83703,T,0.10787661373615265, 0.16987097987698185
O83703,F,0.11870265007019043, 0.17867647835777867
O83703,P,0.18961085379123688, 0.18519358254141277
O83703,R,0.3012140095233917, 0.16212167156239352
O83703,V,0.19240537285804749, 0.13820296401778856
O83703,Y,0.19229432940483093, 0.1290278472006321
O83703,P,0.08786650747060776, 0.12152158013648456
O83703,L,0.028316861018538475, 0.10689979336327976
O83703,A,0.025539478287100792, 0.07708827571736442
O83703,L,0.025300562381744385, 0.0616762021349536
O83703,G,0.0511462464928627, 0.041863052588370114
O83703,V,0.058014772832393646, 0.051713217670718827
O83703,V,0.03291035071015358, 0.051879743528034955
O83703,A,0.053696710616350174, 0.05406810467441877
O83703,L,0.01397598348557949, 0.060379530406660505
O83703,R,0.17651799321174622, 0.056424048418800034
O83703,P,0.029815593734383583, 0.05122637293405003
O83703,I,0.04523472860455513, 0.055208163956801094
O83703,Q,0.08210339397192001, 0.050313586783077985
O83703,L,0.015546908602118492, 0.05103578956590758
O83703,A,0.011235693469643593, 0.0326182765679227
O83703,R,0.06874646991491318, 0.03060206388019853
O83703,A,0.00964551605284214, 0.02708365178356568
O83703,F,0.020475808531045914, 0.020418767403397296
O83703,A,0.01076037622988224, 0.021808532894485526
O83703,A,0.011669679544866085, 0.027995003904733393
O83703,F,0.013569019734859467, 0.0252258801418874
O83703,G,0.02211943455040455, 0.03406934988581472
O83703,N,0.028054798021912575, 0.03483053182976113
O83703,G,0.06691393256187439, 0.03754636303832134
O83703,G,0.04382435604929924, 0.049971315595838756
O83703,K,0.08923674374818802, 0.05245719643102752
O83703,A,0.027326446026563644, 0.05826742471092277
O83703,V,0.03520285710692406, 0.05676680337637663
O83703,E,0.12349425256252289, 0.05102388115806712
O83703,P,0.035941947251558304, 0.057248446779946484
O83703,I,0.07441148906946182, 0.05757052875641319
O83703,A,0.014549206010997295, 0.055944779991275735
O83703,V,0.015227632597088814, 0.06367778519375457
O83703,R,0.09984544664621353, 0.05876940809604195
O83703,S,0.0921354815363884, 0.06470798483739297
O83703,V,0.0126947071403265, 0.07300876525955068
O83703,E,0.10479990392923355, 0.07771297585633066
O83703,D,0.07931885868310928, 0.09746669005188677
O83703,R,0.0893891379237175, 0.09580039998723401
O83703,L,0.14911851286888123, 0.09407133298615615
O83703,G,0.056887101382017136, 0.10193243333035046
O83703,R,0.1930110603570938, 0.10097697501381238
O83703,V,0.08484883606433868, 0.10060981536904971
O83703,I,0.07657387852668762, 0.10841159398357074
O83703,L,0.08344461023807526, 0.10803532972931862
O83703,D,0.09620077908039093, 0.11213413294818667
O83703,P,0.07601442188024521, 0.09658857310811679
O83703,E,0.15960514545440674, 0.10438406094908714
O83703,R,0.14573213458061218, 0.10478076131807433
O83703,E,0.09377633035182953, 0.11163078372677167
O83703,V,0.05310102179646492, 0.10811186788810624
O83703,R,0.1550082266330719, 0.12245370489027765
O83703,A,0.08014418184757233, 0.11393147086103757
O83703,R,0.14509481191635132, 0.11009455596407254
O83703,L,0.06453053653240204, 0.10720964810914463
O83703,R,0.2050909548997879, 0.10937346849176618
O83703,A,0.08290503919124603, 0.10350602368513744
O83703,Q,0.11119990050792694, 0.10814497702651554
O83703,G,0.06781215965747833, 0.10343206177155177
O83703,A,0.0725754052400589, 0.09931779777010281
O83703,A,0.10220122337341309, 0.07805172674771813
O83703,T,0.12189476191997528, 0.07349132984462711
O83703,Q,0.1026785746216774, 0.06633313941872782
O83703,L,0.027502160519361496, 0.06594997675468524
O83703,I,0.013696315698325634, 0.06015841010957956
O83703,S,0.04186146706342697, 0.04976128486709462
O83703,A,0.0467761866748333, 0.038895018502242036
O83703,E,0.06436369568109512, 0.02989991557680898
O83703,N,0.02045130543410778, 0.02775303667618169
O83703,A,0.008627096191048622, 0.029457626553873222
O83703,A,0.024098364636301994, 0.036271271088884935
O83703,L,0.021722648292779922, 0.0324210309320026
O83703,M,0.00818025041371584, 0.025774887969924345
O83703,T,0.02903762459754944, 0.02806102681077189
O83703,N,0.10318426787853241, 0.0352377619387375
O83703,M,0.012124025262892246, 0.0342381786968973
O83703,L,0.0045484090223908424, 0.03294104472216633
O83703,E,0.04102655500173569, 0.040919033189614616
O83703,K,0.0732177123427391, 0.04710084034336938
O83703,T,0.015102115459740162, 0.04064768345819579
O83703,V,0.010048442520201206, 0.04545155902289682
O83703,T,0.07998214662075043, 0.04760871868994501
O83703,M,0.08467388898134232, 0.05572408313552538
O83703,G,0.04510585591197014, 0.0637822759648164
O83703,T,0.05535890534520149, 0.06694481552888949
O83703,L,0.023962846025824547, 0.07523353584110737
O83703,A,0.11406483501195908, 0.08598738432758385
O83703,V,0.14574144780635834, 0.09892301861610678
O83703,A,0.043564971536397934, 0.10151016029218833
O83703,S,0.08464692533016205, 0.11499916286104256
O83703,E,0.1767667829990387, 0.12224369868636131
O83703,R,0.2010945975780487, 0.1269687501092752
O83703,G,0.0683901309967041, 0.12218472154604064
O83703,R,0.17675992846488953, 0.135530024766922
O83703,A,0.08916366845369339, 0.1431334780322181
O83703,F,0.1565902978181839, 0.1343731466266844
O83703,T,0.10268519073724747, 0.13484744396474627
O83703,Y,0.16367270052433014, 0.1424516605006324
O83703,Q,0.15307800471782684, 0.14607420398129356
O83703,D,0.09792380034923553, 0.15247991101609337
O83703,P,0.20536327362060547, 0.16229878779914644
O83703,A,0.13682807981967926, 0.17359480261802673
O83703,T,0.20936281979084015, 0.16798470086521572
O83703,G,0.14681503176689148, 0.1693364398347007
O83703,R,0.24496018886566162, 0.16775648295879364
O83703,S,0.2043493241071701, 0.15230721731980643
O83703,F,0.11318178474903107, 0.13795027623160017
O83703,V,0.16524365544319153, 0.11540500354021788
O83703,M,0.08370418846607208, 0.10017750008652608
O83703,P,0.06631988286972046, 0.07947996062123114
O83703,V,0.007615610025823116, 0.062377194253106914
O83703,A,0.006455365568399429, 0.05224423079440991
O83703,G,0.009767500683665276, 0.04067648253921005
O83703,K,0.058682333678007126, 0.03640190108368794
O83703,T,0.050424426794052124, 0.04834096971899271
O83703,G,0.021985113620758057, 0.05858920038574272
O83703,T,0.06113392114639282, 0.07114969090455109
O83703,T,0.04523295536637306, 0.07572515681385994
O83703,Q,0.17377150058746338, 0.07381584785050815
O83703,N,0.09984968602657318, 0.06984369146327178
O83703,W,0.11949978023767471, 0.07186863550709353
O83703,S,0.05094669386744499, 0.06589775015082625
O83703,D,0.04149855300784111, 0.06193052822103103
O83703,A,0.014675019308924675, 0.04348854482587841
O83703,W,0.040209610015153885, 0.033574576386147074
O83703,A,0.007395952939987183, 0.02225068211555481
O83703,V,0.009527957998216152, 0.0232640082637469
O83703,G,0.007793650031089783, 0.03441745498114162
O83703,Y,0.010623970068991184, 0.03504666230744786
O83703,S,0.017584731802344322, 0.031977701311310135
O83703,P,0.06006662920117378, 0.031591032476474844
O83703,Y,0.14187957346439362, 0.03197088108087579
O83703,Y,0.02033788524568081, 0.03180891182273626
O83703,T,0.01258896104991436, 0.033494335495763354
O83703,A,0.0039159334264695644, 0.03258299103213681
O83703,V,0.012946595437824726, 0.028109357381860416
O83703,L,0.006335926707834005, 0.023135290170709293
O83703,W,0.025792783126235008, 0.027185421850946214
O83703,F,0.009382631629705429, 0.03942807370589839
O83703,G,0.019803926348686218, 0.04743432134596838
O83703,F,0.09711296856403351, 0.06998224799624747
O83703,D,0.05678907036781311, 0.09214379990266429
O83703,K,0.12277282774448395, 0.10109482084711392
O83703,G,0.07597216218709946, 0.10528396608100997
O83703,D,0.2158779352903366, 0.11067726090550423
O83703,R,0.20578989386558533, 0.11410349979996681
O83703,S,0.10635197162628174, 0.12352091115381983
O83703,L,0.04708493873476982, 0.11801126889056629
O83703,G,0.06834357976913452, 0.12037288604511155
O83703,L,0.12794911861419678, 0.09814195252127117
O83703,H,0.14154577255249023, 0.07785789151158598
O83703,S,0.07318604737520218, 0.07569518499076366
O83703,T,0.09722671657800674, 0.07418544155855973
O83703,G,0.01579953357577324, 0.06831176082293193
O83703,A,0.02323334477841854, 0.05597511389189296
O83703,T,0.08688761293888092, 0.0481847727464305
O83703,L,0.033497247844934464, 0.04214924325545629
O83703,A,0.01548045314848423, 0.03247357077068753
O83703,G,0.016919296234846115, 0.033646257801188365
O83703,P,0.0714327022433281, 0.03881507015062703
O83703,P,0.01886628195643425, 0.030389615645011265
O83703,W,0.01014566421508789, 0.02757387835946348
O83703,A,0.02635371685028076, 0.03669966384768486
O83703,R,0.06975265592336655, 0.04012375035219722
O83703,F,0.011058522388339043, 0.03460261308484607
O83703,M,0.008155612275004387, 0.03696486891971694
O83703,R,0.09761252254247665, 0.05381358704633183
O83703,A,0.04773607477545738, 0.06440726874603166
O83703,I,0.02174246683716774, 0.06886157020926476
O83703,H,0.040126584470272064, 0.08656090973979896
O83703,Q,0.1617841273546219, 0.10082029302914937
O83703,D,0.1216968521475792, 0.1178633678290579
O83703,K,0.10984136909246445, 0.1279475668238269
O83703,P,0.17035257816314697, 0.13579966127872467
O83703,H,0.13649006187915802, 0.1448164242837164
O83703,R,0.25100019574165344, 0.14100232306453916
O83703,A,0.1384938657283783, 0.13445220556524065
O83703,F,0.09241131693124771, 0.13789540943172243
O83703,V,0.12127745151519775, 0.12798401051097447
O83703,R,0.12745721638202667, 0.1265321738190121
O83703,P,0.06274579465389252, 0.10266846832301882
O83703,E,0.14083020389080048, 0.10313959502511555
O83703,T,0.08114998787641525, 0.10895419783062404
O83703,G,0.12342353165149689, 0.10099470077289475
O83703,L,0.036226846277713776, 0.09322517489393552
O83703,M,0.14273400604724884, 0.08742615270117919
O83703,Y,0.14474274218082428, 0.07446394922832648
O83703,Q,0.04964197799563408, 0.07098615728318691
O83703,A,0.057531483471393585, 0.06796684757702881
O83703,V,0.010554594919085503, 0.07120876407457723
O83703,C,0.024170372635126114, 0.05914798151287767
O83703,A,0.04984986037015915, 0.05042669860025247
O83703,K,0.09624974429607391, 0.05122615541848871
O83703,S,0.06540409475564957, 0.05014970919324292
O83703,G,0.034186962991952896, 0.05752428579661581
O83703,L,0.06625119596719742, 0.06744032932652368
O83703,L,0.056837089359760284, 0.08212637487385008
O83703,P,0.04784346744418144, 0.07517472489012612
O83703,T,0.07692578434944153, 0.07819501558939616
O83703,P,0.11341476440429688, 0.08523561101820734
O83703,Y,0.1820242702960968, 0.09063422472940551
O83703,C,0.03368489444255829, 0.09481500875618723
O83703,G,0.0925867110490799, 0.09854040874375238
O83703,D,0.09755232185125351, 0.10455267793602413
O83703,E,0.11483871936798096, 0.09873911779787806
O83703,L,0.09446414560079575, 0.08316111150715086
O83703,V,0.08137206733226776, 0.08188657069371806
O83703,S,0.1310362070798874, 0.07558393913010757
O83703,L,0.06109272316098213, 0.07520923784209622
O83703,S,0.04182221367955208, 0.07123285966614883
O83703,F,0.022214027121663094, 0.06800875916249222
O83703,L,0.03586302697658539, 0.06413712124857637
O83703,P,0.09418001025915146, 0.05854561862846216
O83703,G,0.07905131578445435, 0.06704714956382911
O83703,T,0.06544724106788635, 0.07929368503391743
O83703,V,0.046527326107025146, 0.09233301877975464
O83703,P,0.0807126834988594, 0.09211248283584912
O83703,E,0.13760650157928467, 0.0935880769458082
O83703,R,0.15204103291034698, 0.09507839671439594
O83703,F,0.139568030834198, 0.093918284194337
O83703,C,0.033878203481435776, 0.09946468182735974
O83703,S,0.10746035724878311, 0.10156025447779232
O83703,Y,0.09246419370174408, 0.0975543504787816
O83703,H,0.055006228387355804, 0.09448469471600321
O83703,E,0.09644490480422974, 0.09305025595757696
O83703,S,0.09957283735275269, 0.10176959302690294
O83703,G,0.10155336558818817, 0.10430396017101076
O83703,K,0.12441413104534149, 0.10924877309136921
O83703,M,0.12665808200836182, 0.11630918416712019
O83703,L,0.11235223710536957, 0.1142543214890692
O83703,E,0.13026966154575348, 0.11807966480652492
O83703,E,0.1369675099849701, 0.12077266722917557
O83703,L,0.11854992806911469, 0.12242277877198325
O83703,A,0.07795114070177078, 0.11741634955008824
O83703,K,0.13400092720985413, 0.12337224599387911
O83703,E,0.12579038739204407, 0.12914866622951296
O83703,R,0.13926513493061066, 0.13092049376832116
O83703,L,0.08160021901130676, 0.12992646876308653
O83703,K,0.1659553050994873, 0.13571632901827493
O83703,E,0.18225744366645813, 0.13473978141943613
O83703,S,0.15291395783424377, 0.1373842176463869
O83703,G,0.10960370302200317, 0.13382618046469158
O83703,Y,0.1300598829984665, 0.14074649330642489
O83703,S,0.12521199882030487, 0.13994587709506354
O83703,T,0.14959031343460083, 0.1344693758421474
O83703,G,0.10724280029535294, 0.12754380040698582
O83703,F,0.14388303458690643, 0.12505543645885256
O83703,W,0.1587497591972351, 0.1233674395415518
O83703,P,0.132968932390213, 0.12727005200253594
O83703,A,0.09058377891778946, 0.13197931895653406
O83703,V,0.08720842748880386, 0.13424096835984123
O83703,S,0.1148679107427597, 0.13114720417393577
O83703,E,0.160335510969162, 0.13235088520579869
O83703,E,0.1919737160205841, 0.13007458713319567
O83703,G,0.1275976449251175, 0.133225008017487
O83703,L,0.11603915691375732, 0.13806251188119253
O83703,H,0.16958288848400116, 0.14971256256103516
O83703,I,0.11248224973678589, 0.14258354819483227
O83703,D,0.11893756687641144, 0.13735844939947128
O83703,P,0.13074596226215363, 0.14176010506020653
O83703,R,0.21971836686134338, 0.14407400869660908
O83703,V,0.09617438167333603, 0.13875287191735375
O83703,F,0.1449478268623352, 0.14635307672950956
O83703,E,0.16721254587173462, 0.15309374779462814
O83703,D,0.1368642896413803, 0.15231133417950737
O83703,P,0.12169265747070312, 0.14058588362402386
O83703,P,0.18088409304618835, 0.146550339129236
O83703,L,0.17960360646247864, 0.143349332941903
O83703,G,0.12370423972606659, 0.13733446763621437
O83703,S,0.11418931186199188, 0.14348598652415806
O83703,P,0.14985448122024536, 0.1436616000201967
O83703,G,0.1161387711763382, 0.1427933226029078
O83703,V,0.1130787581205368, 0.1345889535215166
O83703,Q,0.19222795963287354, 0.13505552212397257
O83703,G,0.12327317893505096, 0.13288898103766972
O83703,E,0.17306959629058838, 0.12858407778872383
O83703,V,0.10576428472995758, 0.13374968783722985
O83703,L,0.12790335714817047, 0.1402443688776758
O83703,V,0.09469044208526611, 0.13279489096668032
O83703,P,0.11111035197973251, 0.13900930931170782
O83703,S,0.16262926161289215, 0.13076184110509026
O83703,N,0.17153088748455048, 0.13284808645645776
O83703,P,0.12518265843391418, 0.1329007786181238
O83703,F,0.17920294404029846, 0.13624626977576149
O83703,A,0.09884238243103027, 0.1346525541610188
O83703,P,0.12454049289226532, 0.1379865664574835
O83703,V,0.12837758660316467, 0.13895285212331349
O83703,H,0.12479986250400543, 0.13590737101104525
O83703,P,0.09676691144704819, 0.12924810002247492
O83703,Q,0.19263537228107452, 0.13071158776680628
O83703,E,0.18022745847702026, 0.1314475941989157
O83703,A,0.09777332842350006, 0.13362541215287316
O83703,P,0.11926950514316559, 0.12887772586610582
O83703,L,0.11201377213001251, 0.13089775294065475
O83703,F,0.13116455078125, 0.1274285407529937
O83703,D,0.14797794818878174, 0.1161580781141917
O83703,A,0.08207068592309952, 0.11698026292853886
O83703,P,0.11494715511798859, 0.11365693145328098
O83703,H,0.16141246259212494, 0.11160187009308073
O83703,V,0.07879329472780228, 0.10927314476834403
O83703,P,0.10517299175262451, 0.10168407443496916
O83703,V,0.08935952186584473, 0.10624281896485223
O83703,P,0.0935182198882103, 0.10617424796024959
O83703,S,0.11020602285861969, 0.09854039135906431
O83703,A,0.0796763151884079, 0.10271394087208642
O83703,S,0.12309938669204712, 0.11034088995721605
O83703,D,0.11433001607656479, 0.11274100757307476
O83703,P,0.09270775318145752, 0.10893464129832056
O83703,S,0.11635524034500122, 0.10806121966905063
O83703,R,0.1738155335187912, 0.11828872271709973
O83703,D,0.11096058040857315, 0.11976401383678119
O83703,A,0.05926092341542244, 0.12215996243887478
O83703,P,0.10234522819519043, 0.12310382847984631
O83703,E,0.1717238426208496, 0.12577796106537184
O83703,E,0.1363770067691803, 0.11856738105416298
O83703,E,0.1358935534954071, 0.11518045390645663
O83703,S,0.10120254755020142, 0.12581146011749902
O83703,E,0.14042243361473083, 0.1280534209476577
O83703,D,0.10892031341791153, 0.12016588780615065
O83703,V,0.080478236079216, 0.1179826549357838
O83703,Q,0.15493997931480408, 0.11341804348760182
O83703,D,0.12252287566661835, 0.12437408914168675
O83703,D,0.10073604434728622, 0.11883022636175156
O83703,P,0.11672791093587875, 0.11665190011262894
O83703,A,0.0948120504617691, 0.12370986822578642
O83703,R,0.19980695843696594, 0.11881251053677665
O83703,G,0.09052766859531403, 0.11620165159304936
O83703,V,0.08931537717580795, 0.12201945980389912
O83703,Q,0.14399994909763336, 0.12204896989795896
O83703,S,0.11086376011371613, 0.12283779597944683
O83703,L,0.09902514517307281, 0.11257837381627825
O83703,D,0.15309631824493408, 0.10251974397235447
O83703,T,0.1169935017824173, 0.09259581317504247
O83703,G,0.10191148519515991, 0.07659581883086099
O83703,P,0.10747215896844864, 0.06427762326267031
O83710,M,0.10602042824029922, 0.08884639127386941
O83710,I,0.13105347752571106, 0.1068477440211508
O83710,E,0.1534263789653778, 0.12092006123728222
O83710,Q,0.18433676660060883, 0.1366511939300431
O83710,E,0.22478047013282776, 0.152091969218519
O83710,G,0.16201217472553253, 0.1544570873181025
O83710,T,0.1266508549451828, 0.1565769910812378
O83710,F,0.14158019423484802, 0.14822822478082445
O83710,P,0.13896697759628296, 0.13289224356412888
O83710,L,0.1273064911365509, 0.11824292192856471
O83710,P,0.15013261139392853, 0.10354980971250269
O83710,L,0.07828748226165771, 0.10022761569254929
O83710,F,0.04631293565034866, 0.08827824828525384
O83710,I,0.09293657541275024, 0.07810924222899808
O83710,I,0.029774164780974388, 0.06930080490807693
O83710,D,0.09675110876560211, 0.057320681090156235
O83710,L,0.03403588756918907, 0.0521325326214234
O83710,Q,0.04744592308998108, 0.05359755684104231
O83710,W,0.0480305552482605, 0.057776362324754395
O83710,F,0.042311497032642365, 0.07117808196279737
O83710,A,0.03159414604306221, 0.07965715726216634
O83710,A,0.05949815362691879, 0.08709925951229201
O83710,E,0.13054582476615906, 0.09587154992752606
O83710,D,0.1503896415233612, 0.09514449785153072
O83710,E,0.1730627864599228, 0.0967861811319987
O83710,G,0.10101480782032013, 0.10967846504516071
O83710,R,0.1263965368270874, 0.10673774364921781
O83710,S,0.041487086564302444, 0.10002628548277749
O83710,E,0.05708664655685425, 0.10224936488601896
O83710,D,0.14762470126152039, 0.1002822294831276
O83710,P,0.033031661063432693, 0.09482104372647074
O83710,T,0.0701427012681961, 0.08398471275965373
O83710,E,0.17039735615253448, 0.09909715048140949
O83710,T,0.15535856783390045, 0.10731397196650505
O83710,K,0.0518641360104084, 0.0932211002541913
O83710,L,0.02886955812573433, 0.09726462182071474
O83710,R,0.17749902606010437, 0.10367333806223339
O83710,K,0.13103803992271423, 0.09713022576438056
O83710,A,0.020788855850696564, 0.08311846293509007
O83710,R,0.06942335516214371, 0.08964879376192887
O83710,E,0.127821147441864, 0.08803185199697812
O83710,E,0.11150934547185898, 0.07088680710229608
O83710,G,0.029252702370285988, 0.06386028706199592
O83710,R,0.1106371134519577, 0.06357969178093804
O83710,V,0.014317082241177559, 0.0642768210834927
O83710,P,0.02319362200796604, 0.05333833955228329
O83710,K,0.06779935956001282, 0.04160244302410218
O83710,S,0.018263498321175575, 0.04283185028988454
O83710,Q,0.07569751888513565, 0.03517858451232314
O83710,D,0.02937481366097927, 0.034368907360153064
O83710,L,0.005886276718229055, 0.032556867175218135
O83710,N,0.040317367762327194, 0.027011516141808696
O83710,G,0.041757721453905106, 0.02636903922797905
O83710,A,0.007029987871646881, 0.018816445126301713
O83710,F,0.006885260343551636, 0.016449841463731393
O83710,V,0.01789120025932789, 0.017318753473874595
O83710,M,0.012481206096708775, 0.013917575021170907
O83710,L,0.007724171970039606, 0.010393842175188992
O83710,F,0.008075380697846413, 0.010708857896841235
O83710,T,0.01370648480951786, 0.010983157023373578
O83710,S,0.009706761687994003, 0.011611993269373974
O83710,T,0.010044125840067863, 0.01210322112051977
O83710,S,0.009865129366517067, 0.012756812386214733
O83710,L,0.00935395248234272, 0.013293210417032242
O83710,F,0.02355072647333145, 0.019151840979854267
O83710,L,0.01690225675702095, 0.024942221947842173
O83710,L,0.01360649336129427, 0.02558630642791589
O83710,A,0.012902962975203991, 0.028060745861795213
O83710,P,0.06643415987491608, 0.04138891543779108
O83710,F,0.06182019039988518, 0.04581023980345991
O83710,I,0.015840886160731316, 0.04731462192204264
O83710,L,0.03213508427143097, 0.05293026473373175
O83710,R,0.12930747866630554, 0.05986051799522506
O83710,E,0.06334264576435089, 0.056643583294418126
O83710,C,0.03044169582426548, 0.05145856262081199
O83710,I,0.06414727866649628, 0.06212009696496858
O83710,G,0.0752752423286438, 0.07169514025251071
O83710,V,0.037481747567653656, 0.059250977304246694
O83710,L,0.01515500433743, 0.05517419013712141
O83710,R,0.11179469525814056, 0.06013026978406641
O83710,F,0.11831047385931015, 0.06742724755571948
O83710,F,0.017310012131929398, 0.06241293768915865
O83710,F,0.02665156126022339, 0.0663593007872502
O83710,T,0.07504641264677048, 0.07524401197830836
O83710,R,0.1298200786113739, 0.07001061075263554
O83710,A,0.03014645352959633, 0.06677854475047854
O83710,T,0.0729990154504776, 0.07287111671434508
O83710,T,0.09511740505695343, 0.082590711199575
O83710,A,0.06469408422708511, 0.08718011072940296
O83710,S,0.08922187983989716, 0.08156053349375725
O83710,I,0.07214315980672836, 0.08882278121180004
O83710,Q,0.11412791162729263, 0.09198068247901069
O83710,N,0.11635100841522217, 0.0843989159911871
O83710,T,0.07924388349056244, 0.08648147082163228
O83710,G,0.0955066829919815, 0.08837572547296683
O83710,W,0.10142012685537338, 0.08305312361982134
O83710,F,0.0268815066665411, 0.07201930238968796
O83710,F,0.08343707770109177, 0.06673477527995904
O83710,V,0.10627017170190811, 0.06705535886188348
O83710,F,0.024239743128418922, 0.05800524426417218
O83710,V,0.014823520556092262, 0.047920385686059795
O83710,R,0.0687902644276619, 0.050462189544406205
O83710,Y,0.08212913572788239, 0.043090964667499065
O83710,F,0.014055651612579823, 0.031959194069107376
O83710,M,0.01065639965236187, 0.030020205510987177
O83710,K,0.04975774139165878, 0.030219134357240465
O83710,L,0.017096053808927536, 0.023271287584470376
O83710,A,0.006084236316382885, 0.014831648052980503
O83710,L,0.006788846105337143, 0.014291733348121246
O83710,P,0.016613880172371864, 0.013978892678601874
O83710,I,0.0062596434727311134, 0.009373691088209549
O83710,S,0.006172379944473505, 0.008381177929954397
O83710,F,0.009196419268846512, 0.00860662359951271
O83710,V,0.007840833626687527, 0.00900336132488317
O83710,A,0.008310927078127861, 0.008658391268302998
O83710,L,0.008163435384631157, 0.008834644686430693
O83710,V,0.008113247342407703, 0.00904785024209155
O83710,S,0.010359485633671284, 0.008933520565430323
O83710,G,0.01350914966315031, 0.011394373762110869
O83710,V,0.007845924235880375, 0.01179057794312636
O83710,A,0.008091229945421219, 0.01221020995742745
O83710,A,0.008167452178895473, 0.015248276396758027
O83710,N,0.02998851239681244, 0.01947977766394615
O83710,I,0.011876764707267284, 0.0247544858397709
O83710,V,0.01194012351334095, 0.02834562998678949
O83710,Q,0.035455845296382904, 0.030424941331148148
O83710,N,0.04844299703836441, 0.035086547024548054
O83710,K,0.060981523245573044, 0.03479733928624126
O83710,T,0.0401662215590477, 0.038028322988086276
O83710,V,0.026805032044649124, 0.04074335822628604
O83710,L,0.05012190341949463, 0.054690266441967755
O83710,F,0.027385642752051353, 0.05535510658389992
O83710,S,0.040955618023872375, 0.05044917265574137
O83710,V,0.036375440657138824, 0.06033311701483197
O83710,K,0.1609780192375183, 0.062114751587311424
O83710,S,0.05442655831575394, 0.06397483456465933
O83710,I,0.01682811789214611, 0.06563619213799636
O83710,R,0.12912172079086304, 0.08394977388282616
O83710,P,0.042839743196964264, 0.09498117056985696
O83710,Q,0.06686265021562576, 0.0797636869053046
O83710,F,0.04233786091208458, 0.09174733733137448
O83710,K,0.2057778537273407, 0.09591926075518131
O83710,K,0.13565801084041595, 0.09560293559398916
O83710,I,0.024020666256546974, 0.09474923151234786
O83710,S,0.162279412150383, 0.09887859411537647
O83710,P,0.05437542870640755, 0.12109820772376326
O83710,D,0.12627479434013367, 0.10448659646014373
O83710,V,0.035156406462192535, 0.09319920775791009
O83710,I,0.1040269136428833, 0.11297514703538683
O83710,R,0.2423143833875656, 0.11243910094102223
O83710,F,0.05627335235476494, 0.11113051200906436
O83710,F,0.03407151252031326, 0.10024140899380048
O83710,K,0.20200411975383759, 0.09986439388659266
O83710,R,0.15745499730110168, 0.09290331022606955
O83710,S,0.04259812831878662, 0.07449595299032
O83710,F,0.02827286720275879, 0.08032183059387737
O83710,F,0.03176327049732208, 0.08116439771321085
O83710,S,0.04137716069817543, 0.06009338496045934
O83710,T,0.07664816826581955, 0.04668717862417301
O83710,E,0.10870625078678131, 0.04866532557126549
O83710,G,0.041654616594314575, 0.04727006237953901
O83710,L,0.012365004979074001, 0.044621586282220155
O83710,F,0.03679914027452469, 0.044868458372851215
O83710,N,0.06040145084261894, 0.03879603402068218
O83710,L,0.015715498477220535, 0.027565040729112096
O83710,L,0.007926985621452332, 0.023637480671621032
O83710,K,0.04359900951385498, 0.025410973725633487
O83710,S,0.021996349096298218, 0.022353576858424477
O83710,L,0.007627311162650585, 0.016898516617301438
O83710,I,0.0063065760768949986, 0.015792364358074136
O83710,K,0.02832644246518612, 0.016063461908035807
O83710,I,0.009282568469643593, 0.012158705128563775
O83710,T,0.011305908672511578, 0.011486627575423982
O83710,A,0.005760128144174814, 0.01174985927840074
O83710,I,0.010366863571107388, 0.012130301497462723
O83710,F,0.008456198498606682, 0.01494636826424135
O83710,F,0.015947651118040085, 0.01949637636749281
O83710,V,0.009996396489441395, 0.020234269555658102
O83710,S,0.009730556048452854, 0.020731820517943964
O83710,Y,0.05367104336619377, 0.02984612000485261
O83710,F,0.05023264139890671, 0.03892229994138082
O83710,T,0.017946947365999222, 0.04319434488813082
O83710,I,0.010238086804747581, 0.045687677856120795
O83710,R,0.09239555895328522, 0.058990729972720146
O83710,N,0.09014181792736053, 0.06344610390563805
O83710,D,0.05439605563879013, 0.06029137741360399
O83710,L,0.032436393201351166, 0.06395606551733282
O83710,F,0.12945802509784698, 0.07173106612430678
O83710,M,0.09376940876245499, 0.06598967520727052
O83710,F,0.021840102970600128, 0.0623943702214294
O83710,V,0.05092914029955864, 0.069333057022757
O83710,S,0.08021309226751328, 0.07450735030902757
O83710,L,0.0407230406999588, 0.06535491719841957
O83710,L,0.0577840730547905, 0.05949735972616407
O83710,G,0.11684423685073853, 0.06432473411162694
O83710,V,0.07900503277778625, 0.07359005469414923
O83710,S,0.04708612710237503, 0.067864787661367
O83710,L,0.04105139151215553, 0.0649969849942459
O83710,T,0.06528647243976593, 0.06771308090537786
O83710,Q,0.13431702554225922, 0.06601457618590859
O83710,S,0.028685688972473145, 0.05852931168758207
O83710,I,0.014912816695868969, 0.05602413695305586
O83710,F,0.08222893625497818, 0.05820339245514737
O83710,Y,0.10155769437551498, 0.053919364905191794
O83710,I,0.011637652292847633, 0.040346742918094
O83710,T,0.024539554491639137, 0.040820487671428256
O83710,S,0.060664691030979156, 0.046901475741631456
O83710,L,0.02673022449016571, 0.03941871774279409
O83710,A,0.012163427658379078, 0.029452619039350085
O83710,G,0.03294939175248146, 0.029824967082175944
O83710,K,0.06964170932769775, 0.03196412128292852
O83710,V,0.014884114265441895, 0.026999140261775918
O83710,L,0.011862806044518948, 0.02553735952824354
O83710,L,0.014988784678280354, 0.025393343220154446
O83710,E,0.04379194229841232, 0.0233044663651122
O83710,V,0.015979861840605736, 0.017596122498313587
O83710,S,0.013574197888374329, 0.017064745641416974
O83710,L,0.010867280885577202, 0.01742561813443899
O83710,L,0.01414950005710125, 0.017191281438701682
O83710,L,0.01826661452651024, 0.013833274754385153
O83710,V,0.010101722553372383, 0.013236165357132753
O83710,V,0.01511065848171711, 0.013551538706653647
O83710,F,0.012879754416644573, 0.01854646485298872
O83710,S,0.01356988213956356, 0.02139812469896343
O83710,L,0.01060587726533413, 0.02358211587286658
O83710,P,0.016412558034062386, 0.027064463227159448
O83710,D,0.05582161620259285, 0.030355660141342215
O83710,Y,0.03981443867087364, 0.04190266153050794
O83710,F,0.037922535091638565, 0.055500530120399266
O83710,F,0.04144284874200821, 0.061191624858313136
O83710,Q,0.04473143070936203, 0.06461765865484874
O83710,R,0.11680276691913605, 0.06626139539811346
O83710,R,0.1359506994485855, 0.07665532496240404
O83710,Q,0.06182572990655899, 0.08475762150353855
O83710,F,0.04724686220288277, 0.08639553975727823
O83710,I,0.0706152468919754, 0.09410108998417854
O83710,D,0.13335980474948883, 0.0887915628651778
O83710,S,0.11084320396184921, 0.08558009771837129
O83710,L,0.05618411302566528, 0.0940235054327382
O83710,K,0.11408138275146484, 0.10641465667221281
O83710,M,0.06901702284812927, 0.10840042597717708
O83710,S,0.10704751312732697, 0.0968175691862901
O83710,R,0.1378163993358612, 0.09515946317050192
O83710,Q,0.1587672233581543, 0.10254602341188325
O83710,E,0.0884871706366539, 0.10225765862398678
O83710,V,0.029114093631505966, 0.10007193394833142
O83710,K,0.09592024981975555, 0.10166076943278313
O83710,E,0.12266315519809723, 0.10095013967818683
O83710,E,0.11148609966039658, 0.09193648108177715
O83710,L,0.04934550076723099, 0.09424713874856631
O83710,K,0.12134703248739243, 0.09775342005822393
O83710,E,0.13142073154449463, 0.10071794067819913
O83710,Q,0.07764429599046707, 0.10543113326032956
O83710,E,0.10928308963775635, 0.11280728172924784
O83710,G,0.060670625418424606, 0.11200999799701902
O83710,D,0.12260093539953232, 0.11376595828268263
O83710,P,0.16508188843727112, 0.10823592378033532
O83710,L,0.177871435880661, 0.11101560294628143
O83710,V,0.04216994717717171, 0.1026982640226682
O83710,R,0.13715067505836487, 0.11072487922178374
O83710,S,0.08165042102336884, 0.10894256540470654
O83710,Y,0.10266140848398209, 0.09847480679551761
O83710,V,0.034427039325237274, 0.08472386830382878
O83710,R,0.13291016221046448, 0.08941115314761798
O83710,K,0.1065601110458374, 0.08230630680918694
O83710,Q,0.07087206095457077, 0.07781243324279785
O83710,M,0.0541129894554615, 0.07031468095050918
O83710,Q,0.08435551077127457, 0.0774188343849447
O83710,S,0.0732070580124855, 0.07585601053304142
O83710,L,0.04120555892586708, 0.06940755951735708
O83710,V,0.03518163785338402, 0.06515848181313938
O83710,R,0.09836442023515701, 0.07593583563963573
O83710,E,0.11884474754333496, 0.07706690082947414
O83710,S,0.048524051904678345, 0.07122889202502039
O83710,A,0.03263036161661148, 0.0829886148373286
O83710,R,0.15110917389392853, 0.10301745807131131
O83710,N,0.09453509747982025, 0.09612725923458736
O83710,T,0.02066497877240181, 0.10062925434774822
O83710,T,0.14704306423664093, 0.0991144912938277
O83710,D,0.21544122695922852, 0.09789062374167973
O83710,A,0.03635263070464134, 0.08244869464801417
O83710,D,0.15936270356178284, 0.07697683552073108
O83710,V,0.03489118441939354, 0.08578427239424652
O83710,V,0.02161555364727974, 0.08743707773586114
O83710,I,0.012131812050938606, 0.08436140024827586
O83710,T,0.045288365334272385, 0.09684172914259964
O83710,N,0.09993191063404083, 0.0843914517511924
O83710,P,0.16191831231117249, 0.08200022754155928
O83710,T,0.187760129570961, 0.08156553479946321
O83710,H,0.1486755907535553, 0.08221662199745576
O83710,F,0.04731020703911781, 0.0806394944795304
O83710,A,0.013370166532695293, 0.08259189760105477
O83710,V,0.01770331896841526, 0.07118503304405345
O83710,A,0.017991596832871437, 0.06498842986507548
O83710,V,0.03109421767294407, 0.06373723234153456
O83710,Q,0.11750353872776031, 0.0764548961694042
O83710,Y,0.05925653129816055, 0.09324887788130178
O83710,E,0.1319907009601593, 0.10163438941041629
O83710,P,0.137414813041687, 0.10792742607494195
O83710,A,0.16176918148994446, 0.10723783199985822
O83710,Y,0.16451600193977356, 0.10117451474070549
O83710,M,0.09317292273044586, 0.10217026414142714
O83710,T,0.07462892681360245, 0.08855641457355684
O83710,A,0.024887870997190475, 0.07703584463646014
O83710,P,0.06293368339538574, 0.0626729829236865
O83710,T,0.06821827590465546, 0.051163919994400606
O83710,V,0.00946605484932661, 0.0442097761357824
O83710,V,0.033729683607816696, 0.04129403363913298
O83710,A,0.03250342607498169, 0.046676909654504724
O83710,K,0.060934435576200485, 0.05256023247622781
O83710,G,0.030585628002882004, 0.04870565266658863
O83710,S,0.04838724434375763, 0.04919922020700243
O83710,D,0.0733337551355362, 0.06012773389617602
O83710,G,0.11588358879089355, 0.07135449391272333
O83710,T,0.033527057617902756, 0.06598593015223742
O83710,A,0.013908162713050842, 0.06780025497492817
O83710,Y,0.13208630681037903, 0.08016916250603066
O83710,R,0.13354426622390747, 0.07639115396887064
O83710,I,0.012617361731827259, 0.06486826752209002
O83710,K,0.04691455140709877, 0.07758049656533533
O83710,R,0.15970741212368011, 0.09449480132510264
O83710,L,0.03933167830109596, 0.08919386720905702
O83710,A,0.012177610769867897, 0.08337435612661971
O83710,K,0.1479371190071106, 0.08479814521140522
O83710,E,0.16613690555095673, 0.09234961453411314
O83710,A,0.08437789976596832, 0.07842447029219733
O83710,G,0.08116866648197174, 0.08032279171877438
O83710,I,0.02543146349489689, 0.0925868180476957
O83710,L,0.11487777531147003, 0.08673476945194933
O83710,I,0.034381113946437836, 0.07987075319720639
O83710,E,0.05641657114028931, 0.08520486392080784
O83710,E,0.12255384773015976, 0.07819064002898005
O83710,N,0.09526868164539337, 0.07918523645235433
O83710,K,0.10436075925827026, 0.08395241594149007
O83710,P,0.13238489627838135, 0.08493629201418823
O83710,L,0.018040651455521584, 0.08016939782020119
O83710,A,0.03438283130526543, 0.07445524870935413
O83710,R,0.1577823907136917, 0.0788085385122233
O83710,A,0.04323599860072136, 0.07939532223261064
O83710,L,0.013514523394405842, 0.06920384646703799
O83710,Y,0.07112650573253632, 0.07818532497104672
O83710,T,0.13444828987121582, 0.08022243746866782
O83710,Q,0.10964181274175644, 0.07162331179198292
O83710,V,0.04066161438822746, 0.08821417070511314
O83710,A,0.09887395799160004, 0.09582868094245593
O83710,I,0.05271684378385544, 0.08885589749034908
O83710,G,0.08039025962352753, 0.08042692651765214
O83710,R,0.19255372881889343, 0.08012741234981352
O83710,E,0.08204511553049088, 0.08782361747903956
O83710,V,0.008371454663574696, 0.0821880769605438
O83710,P,0.05858755111694336, 0.07857008495678504
O83710,Y,0.1069461852312088, 0.08079768603460656
O83710,E,0.1099274605512619, 0.06331867486652401
O83710,Y,0.04815409332513809, 0.05592716516306003
O83710,F,0.020154915750026703, 0.05801324649817414
O83710,N,0.1004386693239212, 0.05912798746592469
O83710,A,0.035242628306150436, 0.04959939606487751
O83710,L,0.015521528199315071, 0.03965662895805306
O83710,V,0.02714618667960167, 0.0413522163612975
O83710,L,0.0686202198266983, 0.047965447728832565
O83710,I,0.02118886262178421, 0.04161866154107782
O83710,F,0.020442556589841843, 0.04886218346655369
O83710,T,0.06341437995433807, 0.05993408626980252
O83710,K,0.07967399805784225, 0.06507092424564892
O83710,L,0.04331759363412857, 0.07231055572628975
O83710,D,0.1004343256354332, 0.0873672825594743
O83710,K,0.11516865342855453, 0.10670364068614112
O83710,F,0.07337772846221924, 0.11300475812620586
O83710,K,0.13377690315246582, 0.12530487113528782
O83710,T,0.15669940412044525, 0.14471790111727184
O83710,H,0.19446977972984314, 0.1521906935506397
O83710,A,0.1201244369149208, 0.15782241771618524
O83710,Q,0.19037501513957977, 0.14966933677593866
O83710,R,0.21803486347198486, 0.1348052364256647
O83710,K,0.1676894575357437, 0.11739419152339299
O83710,R,0.16585417091846466, 0.0957864382200771
O83794,M,0.1320684850215912, 0.11170293556319343
O83794,V,0.1647338569164276, 0.12789232697751787
O83794,S,0.17570802569389343, 0.16183427804046208
O83794,R,0.2629448473453522, 0.18430243929227194
O83794,R,0.26987120509147644, 0.20093642671902975
O83794,A,0.14570452272891998, 0.20485849181811014
O83794,Q,0.3054775595664978, 0.20500174992614323
O83794,A,0.20221345126628876, 0.211713840564092
O83794,G,0.1497058868408203, 0.20067852238814035
O83794,N,0.16736707091331482, 0.1806778675980038
O83794,M,0.16602317988872528, 0.18451686369048226
O83794,R,0.23611684143543243, 0.1703623202111986
O83794,E,0.16362698376178741, 0.15559513039059109
O83794,L,0.0898653119802475, 0.1489793997671869
O83794,E,0.1802554875612259, 0.15210694322983423
O83794,H,0.17808666825294495, 0.14961466938257217
O83794,F,0.06930874288082123, 0.12819489960869154
O83794,V,0.09016431123018265, 0.12184969873891936
O83794,Q,0.1955149620771408, 0.13460363406274053
O83794,S,0.1435927152633667, 0.12316950120859677
O83794,L,0.04333891347050667, 0.10827959618634647
O83794,A,0.10652017593383789, 0.12026542466547754
O83794,T,0.20465072989463806, 0.12434123083949089
O83794,A,0.07734829187393188, 0.10952895176079538
O83794,A,0.04407752305269241, 0.10306989442971018
O83794,C,0.1771811991930008, 0.11613066742817561
O83794,A,0.1268465667963028, 0.11653365194797516
O83794,L,0.062204450368881226, 0.0979047500424915
O83794,G,0.08546119928359985, 0.10267903324630526
O83794,A,0.16088587045669556, 0.11767805947197808
O83794,G,0.11014703661203384, 0.10822738375928667
O83794,L,0.036990612745285034, 0.09920874444974793
O83794,T,0.12031684070825577, 0.1026344866388374
O83794,Q,0.17906875908374786, 0.10515416537721951
O83794,V,0.09212511777877808, 0.10542154850231276
O83794,A,0.04567881301045418, 0.10694671215282546
O83794,T,0.09303613007068634, 0.10588895922733678
O83794,S,0.108138307929039, 0.10314431517488426
O83794,E,0.1632923185825348, 0.0960859695656432
O83794,R,0.1238735094666481, 0.08796488286720382
O83794,V,0.02747083641588688, 0.08517800002462333
O83794,W,0.09561504423618317, 0.08634636447661453
O83794,Y,0.11554364860057831, 0.07746079543398486
O83794,L,0.0190353374928236, 0.060948680672380656
O83794,L,0.02059686742722988, 0.04858228212429418
O83794,R,0.10355141013860703, 0.04793059784505102
O83794,F,0.02816818654537201, 0.03869592791630162
O83794,V,0.014683285728096962, 0.028820461076166894
O83794,A,0.012575922533869743, 0.028672460259662733
O83794,V,0.021605677902698517, 0.029044772187868755
O83794,L,0.012503014877438545, 0.021780509501695633
O83794,C,0.02666444703936577, 0.021486494069298107
O83794,I,0.017703330144286156, 0.02214763168659475
O83794,T,0.02394767478108406, 0.026733790006902482
O83794,S,0.038173045963048935, 0.03610200352138943
O83794,A,0.02552204765379429, 0.03966203269859155
O83794,F,0.020633524283766747, 0.038880973847375974
O83794,F,0.05385134741663933, 0.04813460260629654
O83794,R,0.10591959953308105, 0.06742779289682706
O83794,M,0.044543277472257614, 0.06887723836633894
O83794,L,0.019634917378425598, 0.06808410750495063
O83794,R,0.10098598897457123, 0.08577709500160483
O83794,R,0.19758638739585876, 0.098926005885005
O83794,G,0.05121805518865585, 0.091105908776323
O83794,V,0.018383869901299477, 0.0884751905169752
O83794,R,0.17987041175365448, 0.10118633136153221
O83794,R,0.1721915453672409, 0.11368068017893368
O83794,V,0.035538725554943085, 0.11036719837122494
O83794,V,0.020866813138127327, 0.10933539064394103
O83794,A,0.13403518497943878, 0.11977093107998371
O83794,R,0.2134351283311844, 0.1225910685542557
O83794,R,0.1677650511264801, 0.13671543387075266
O83794,L,0.04193178564310074, 0.14218686045044
O83794,S,0.1123037338256836, 0.14849571304188836
O83794,A,0.20525164902210236, 0.1477009662323528
O83794,Q,0.2993108332157135, 0.13413648886813057
O83794,T,0.08478156477212906, 0.11702487224506007
O83794,Q,0.07764648646116257, 0.1229159411870771
O83794,H,0.12688246369361877, 0.12096272843579452
O83794,F,0.09135483205318451, 0.09987953222460216
O83794,V,0.013760501518845558, 0.06841103691193792
O83794,F,0.09495140612125397, 0.06715674988097614
O83794,K,0.09472481906414032, 0.06097298964030213
O83794,T,0.01550288312137127, 0.04828301610218154
O83794,L,0.016094375401735306, 0.04001063439581129
O83794,N,0.07349298149347305, 0.04076789774828487
O83794,Y,0.021992644295096397, 0.03167076057030095
O83794,L,0.012672701850533485, 0.02232982197569476
O83794,S,0.01690339669585228, 0.02173487034936746
O83794,F,0.02057587169110775, 0.02126335187090768
O83794,T,0.01307717151939869, 0.015216596838500764
O83794,V,0.010656371712684631, 0.018328838671247166
O83794,M,0.010148318484425545, 0.018239844176504347
O83794,T,0.011850709095597267, 0.017997513939109113
O83794,F,0.019072186201810837, 0.02937925782882505
O83794,T,0.050002820789813995, 0.03717240680836969
O83794,A,0.01187175139784813, 0.038371368725266725
O83794,F,0.014722424559295177, 0.04235498451938232
O83794,H,0.12301156669855118, 0.046917662334938846
O83794,W,0.08321551233530045, 0.05681711342185736
O83794,L,0.02144702896475792, 0.0559751448324985
O83794,G,0.04600086063146591, 0.06210661710550388
O83794,I,0.052914809435606, 0.06943802618318135
O83794,N,0.10816724598407745, 0.05810564259688059
O83794,V,0.04242510348558426, 0.05255161060227288
O83794,S,0.06705500185489655, 0.05639675756295522
O83794,A,0.08070510625839233, 0.05480279732081625
O83794,L,0.021020114421844482, 0.05227112459639708
O83794,L,0.033229224383831024, 0.045485449540946216
O83794,G,0.05605335161089897, 0.04311259649693966
O83794,A,0.031655218452215195, 0.037865843209955424
O83794,A,0.030129754915833473, 0.035287068121963076
O83794,G,0.047096170485019684, 0.039092799441681966
O83794,I,0.021069426089525223, 0.039155597902006574
O83794,A,0.01983422227203846, 0.03744417718715138
O83794,G,0.05749613046646118, 0.043352794316079885
O83794,V,0.0552716962993145, 0.05010941024455759
O83794,A,0.03379441052675247, 0.05414356601734956
O83794,L,0.040650565177202225, 0.057378247587217227
O83794,G,0.08483277261257172, 0.07005967199802399
O83794,F,0.09093929827213287, 0.07576576620340347
O83794,A,0.0834035724401474, 0.0803231874273883
O83794,A,0.0501815602183342, 0.07937562672628297
O83794,Q,0.13396704196929932, 0.08891239100032383
O83794,T,0.10885097831487656, 0.08707138068146175
O83794,S,0.09628848731517792, 0.07955899420711729
O83794,V,0.025266364216804504, 0.07284331570068996
O83794,S,0.12648144364356995, 0.07344631478190422
O83794,N,0.06826367974281311, 0.06381557923224238
O83794,V,0.023327820003032684, 0.05340481818550163
O83794,I,0.02296246588230133, 0.04667892327739133
O83794,S,0.05560855194926262, 0.0462158794204394
O83794,G,0.04729042202234268, 0.03569569894009166
O83794,L,0.015154128894209862, 0.03095167213016086
O83794,F,0.03575543314218521, 0.0390090040034718
O83794,V,0.021098969504237175, 0.0485967273513476
O83794,M,0.03179981932044029, 0.04825058951973915
O83794,T,0.025567438453435898, 0.04594615784784158
O83794,E,0.09584380686283112, 0.06188531675272518
O83794,R,0.1092519760131836, 0.07024683761927816
O83794,A,0.05249331146478653, 0.07424634467396471
O83794,F,0.02655053697526455, 0.08365154825150967
O83794,R,0.15860655903816223, 0.09229364929099877
O83794,I,0.11100912094116211, 0.08338106382224295
O83794,Q,0.05709453299641609, 0.0909878516362773
O83794,D,0.11644665151834488, 0.08801353205409315
O83794,V,0.10334634780883789, 0.10657146076361339
O83794,I,0.015630537644028664, 0.10926556256082323
O83794,E,0.1777130663394928, 0.11317321161429088
O83794,I,0.025724435225129128, 0.12846267678671414
O83794,D,0.19357189536094666, 0.12403126102354792
O83794,G,0.18285347521305084, 0.12503439146611425
O83794,I,0.1461779624223709, 0.12577791180875567
O83794,V,0.1946997195482254, 0.12867600553565556
O83794,G,0.07656390964984894, 0.13396519319050842
O83794,A,0.11237452179193497, 0.12044422804481453
O83794,V,0.022322220727801323, 0.10971319820317957
O83794,Q,0.2037959098815918, 0.09946031889153852
O83794,S,0.07332712411880493, 0.08358962937361664
O83794,I,0.07188320904970169, 0.08774576522409916
O83794,N,0.08627420663833618, 0.07772871624264452
O83794,L,0.053902048617601395, 0.08699713026483853
O83794,L,0.05186351388692856, 0.06660380400717258
O83794,S,0.11396913230419159, 0.07339604964686765
O83794,V,0.02222108095884323, 0.08131721139782006
O83794,A,0.10573794692754745, 0.09817855411933528
O83794,L,0.02025597356259823, 0.1108114021933741
O83794,K,0.13445733487606049, 0.12044502194556925
O83794,T,0.14317366480827332, 0.1271324594401651
O83794,L,0.23802629113197327, 0.1510993985252248
O83794,D,0.1675976812839508, 0.1477337038765351
O83794,G,0.13856609165668488, 0.16630589299731785
O83794,Q,0.1741560697555542, 0.15646456844276851
O83794,Y,0.2379235327243805, 0.14837367998229134
O83794,V,0.07544669508934021, 0.12782525105608833
O83794,R,0.18740567564964294, 0.13814558337132135
O83794,V,0.04588541388511658, 0.14844800449079937
O83794,P,0.07035566866397858, 0.13337373733520508
O83794,N,0.05309043079614639, 0.11764479014608595
O83794,E,0.260480672121048, 0.13669152723418343
O83794,T,0.231287881731987, 0.12909220572974947
O83794,I,0.038487665355205536, 0.1476701158616278
O83794,L,0.09636300802230835, 0.14368818203608194
O83794,K,0.2468673288822174, 0.15622127966748345
O83794,A,0.1190117821097374, 0.13768500089645386
O83794,N,0.21308660507202148, 0.13803835875458187
O83794,L,0.03451826423406601, 0.1490676924586296
O83794,V,0.16588830947875977, 0.16889474044243494
O83794,N,0.09365416318178177, 0.16794419371419483
O83794,Y,0.23446810245513916, 0.17740974326928458
O83794,S,0.13775166869163513, 0.1776148709985945
O83794,H,0.2748064398765564, 0.19073576645718682
O83794,C,0.23831240832805634, 0.18470286412371528
O83794,P,0.20420172810554504, 0.18036245761646164
O83794,H,0.21493275463581085, 0.17253030298484695
O83794,R,0.1526063233613968, 0.1610960964527395
O83794,R,0.11159218847751617, 0.1550389499300056
O83794,V,0.05459050461649895, 0.13044985383749008
O83794,K,0.163978710770607, 0.11912594983975093
O83794,T,0.034843809902668, 0.09841696628265911
O83794,E,0.2202921211719513, 0.08761326927277777
O83794,V,0.01701054349541664, 0.09104366559121344
O83794,S,0.10228659212589264, 0.09277072383297814
O83794,V,0.028551902621984482, 0.08495382053984536
O83794,A,0.05537305027246475, 0.09489050093624327
O83794,Y,0.1424657553434372, 0.08028355985879898
O83794,G,0.07013402879238129, 0.11184156644675466
O83794,S,0.09362658113241196, 0.12999587133526802
O83794,D,0.12427393347024918, 0.13021380288733375
O83794,L,0.0888296514749527, 0.13380756974220276
O83794,R,0.3010326027870178, 0.14634739524788326
O83794,R,0.2656753361225128, 0.14511902713113362
O83794,V,0.030513286590576172, 0.1362354714009497
O83794,Q,0.0877169519662857, 0.13374180926216972
O83794,Q,0.25532418489456177, 0.14391303890281254
O83794,L,0.05907871574163437, 0.11565923649403784
O83794,L,0.013674579560756683, 0.0884273358517223
O83794,L,0.10183097422122955, 0.10740412688917583
O83794,D,0.18037071824073792, 0.11182555970218447
O83794,V,0.04674838110804558, 0.09244861122634676
O83794,A,0.020588230341672897, 0.11482197377416822
O83794,T,0.20130440592765808, 0.12724917547570336
O83794,R,0.12750984728336334, 0.11949276965525416
O83794,N,0.0809316486120224, 0.1144174159400993
O83794,R,0.2604389786720276, 0.132251785033279
O83794,F,0.12551939487457275, 0.15544721939497524
O83794,V,0.03202332183718681, 0.14895863955219588
O83794,L,0.13469253480434418, 0.1485996829966704
O83794,S,0.2072577029466629, 0.148106732716163
O83794,D,0.2293471395969391, 0.13132023521595532
O83794,P,0.14290718734264374, 0.11926451159848107
O83794,A,0.12427923828363419, 0.12487110205822521
O83794,P,0.07649509608745575, 0.11528691483868493
O83794,A,0.10936050117015839, 0.1057911862929662
O83794,V,0.01701788231730461, 0.09330753568145964
O83794,L,0.08248263597488403, 0.09045740051401986
O83794,W,0.048434849828481674, 0.08610889067252477
O83794,N,0.1217961460351944, 0.10059283756547505
O83794,A,0.11699428409337997, 0.10038450525866614
O83794,F,0.11725597083568573, 0.10892613935801718
O83794,A,0.08514264971017838, 0.10749588203099039
O83794,D,0.20685061812400818, 0.11397602243555917
O83794,S,0.10748551040887833, 0.1020648857164714
O83794,G,0.09389258921146393, 0.09506998552630345
O83794,I,0.06961032003164291, 0.0843948975412382
O83794,D,0.10675611346960068, 0.08563895906425184
O83794,V,0.01459591556340456, 0.06736963459601004
O83794,T,0.05404018238186836, 0.07164218080126578
O83794,L,0.021180178970098495, 0.07005154807120562
O83794,L,0.09633920341730118, 0.08336735899663633
O83794,T,0.042426697909832, 0.09902357113444143
O83794,W,0.1459384262561798, 0.12670434017976126
O83794,T,0.07957689464092255, 0.1531217359006405
O83794,H,0.1894526183605194, 0.17145892646577623
O83794,I,0.2476620227098465, 0.18251975294616488
O83794,E,0.26372283697128296, 0.2040276179711024
O83794,H,0.2917967438697815, 0.1936637908220291
O83794,F,0.1862148940563202, 0.20285448763105604
O83794,N,0.19588664174079895, 0.19099128080738914
O83794,D,0.23599748313426971, 0.1706757644812266
O83794,L,0.052663981914520264, 0.1434489664518171
O83794,R,0.16229316592216492, 0.11678421269688341
O83794,N,0.0826837569475174, 0.10198103367454475
O83794,A,0.06482237577438354, 0.08524709050026205
O83794,I,0.018681654706597328, 0.06032616727881961
O83794,F,0.05181396007537842, 0.05988960795932346
O83794,V,0.05298628285527229, 0.052487433784537844
O83794,D,0.04528115317225456, 0.04838519419233004
O83794,I,0.011709174141287804, 0.042310945172276765
O83794,D,0.04873494803905487, 0.05944023788389233
O83794,E,0.09567359834909439, 0.0773164788261056
O83794,C,0.04576360061764717, 0.08191800583153963
O83794,F,0.010154134593904018, 0.08804779592901468
O83794,K,0.1728452891111374, 0.09002459100964996
O83794,Q,0.21270012855529785, 0.09651799551728699
O83794,A,0.09440002590417862, 0.09147612264172898
O83794,G,0.10044926404953003, 0.09937865173237191
O83794,I,0.029500329867005348, 0.11212996786667241
O83794,E,0.10717558860778809, 0.10345579000810783
O83794,V,0.05029674246907234, 0.08966781012713909
O83794,P,0.11688636243343353, 0.08782637346949843
O83794,F,0.12491597980260849, 0.09120536574886905
O83794,P,0.09477768838405609, 0.09223529737856653
O83794,H,0.08860830962657928, 0.0969798353811105
O83794,V,0.0778270959854126, 0.0979612668355306
O83794,D,0.13086019456386566, 0.10125019152959187
O83794,V,0.038769714534282684, 0.09568121532599132
O83794,R,0.1498764306306839, 0.092564115093814
O83794,V,0.05912962555885315, 0.09435860067605972
O83794,Q,0.14648668467998505, 0.10136290142933528
O83794,G,0.0747951939702034, 0.0977051200138198
O83794,A,0.0667237862944603, 0.1084093087249332
O83794,C,0.10475867986679077, 0.11800067126750946
O83794,D,0.14086580276489258, 0.12355255170000924
O83794,A,0.09794016182422638, 0.12832575622532102
O83794,P,0.13510741293430328, 0.1370514084895452
O83794,R,0.23619869351387024, 0.14245529969533285
O83794,A,0.10909654945135117, 0.13081544637680054
O83794,E,0.18944552540779114, 0.11516369051403469
O83794,T,0.15332606434822083, 0.10428145031134288
O83794,V,0.11535880714654922, 0.08926951554086474